<package-http-server xmlns="http://marklogic.com/manage/package/servers">
  <config>
    <package-http-properties>
      <authentication>application-level</authentication>
      <error-handler>/MarkLogic/rest-api/error-handler.xqy</error-handler>
      <url-rewriter>/MarkLogic/rest-api/rewriter.xqy</url-rewriter>
    </package-http-properties>
    <links>
      <modules-database>obi-modules</modules-database>
      <default-user>obiuser</default-user>
    </links>
  </config>
</package-http-server>
