<temporal:config xmlns:temporal="http://marklogic.com/xdmp/temporal">

<temporal:axis xml:lang="zxx" xmlns:temporal="http://marklogic.com/xdmp/temporal">
  <temporal:axis-id>5951612218185289928</temporal:axis-id>
  <temporal:axis-name>system</temporal:axis-name>
  <temporal:axis-start>
    <cts:element-reference xmlns:cts="http://marklogic.com/cts">
      <cts:namespace-uri/>
      <cts:localname>systemStart</cts:localname>
      <cts:scalar-type>dateTime</cts:scalar-type>
    </cts:element-reference>
  </temporal:axis-start>
  <temporal:axis-end>
    <cts:element-reference xmlns:cts="http://marklogic.com/cts">
      <cts:namespace-uri/>
      <cts:localname>systemEnd</cts:localname>
      <cts:scalar-type>dateTime</cts:scalar-type>
    </cts:element-reference>
  </temporal:axis-end>
</temporal:axis>

<temporal:axis xml:lang="zxx" xmlns:temporal="http://marklogic.com/xdmp/temporal">
  <temporal:axis-id>7015289576247063621</temporal:axis-id>
  <temporal:axis-name>valid</temporal:axis-name>
  <temporal:axis-start>
    <cts:element-reference xmlns:cts="http://marklogic.com/cts">
      <cts:namespace-uri/>
      <cts:localname>validStart</cts:localname>
      <cts:scalar-type>dateTime</cts:scalar-type>
    </cts:element-reference>
  </temporal:axis-start>
  <temporal:axis-end>
    <cts:element-reference xmlns:cts="http://marklogic.com/cts">
      <cts:namespace-uri/>
      <cts:localname>validEnd</cts:localname>
      <cts:scalar-type>dateTime</cts:scalar-type>
    </cts:element-reference>
  </temporal:axis-end>
</temporal:axis>

<temporal:collection xml:lang="zxx" xmlns:temporal="http://marklogic.com/xdmp/temporal">
  <temporal:collection-id>14752335321859285230</temporal:collection-id>
  <temporal:collection-name>kool</temporal:collection-name>
  <temporal:system-axis>system</temporal:system-axis>
  <temporal:valid-axis>valid</temporal:valid-axis>
</temporal:collection>

</temporal:config>