<configuration>

  <statusListener class="ch.qos.logback.core.status.NopStatusListener" />
  
  <appender name="STDOUT" class="ch.qos.logback.core.ConsoleAppender">
    <encoder>
      <pattern>%d{HH:mm:ss.SSS} [%thread] %-5level %logger{36} - %msg%n</pattern>
    </encoder>
  </appender>

  <root level="INFO">
    <appender-ref ref="STDOUT" />
  </root>

  <logger name="ch.qos.logback" level="WARN" additivity="false" />

  <logger name="com.marklogic.client.io" level="WARN" additivity="false" />

</configuration>