{
    "pipeline-name": "Sample Pipeline",
    "pipeline-description": "Example pipeline for testing out CPF configuration with a JUnit test",
    "success-action": {
        "module": "/MarkLogic/cpf/actions/success-action.xqy"
    },
    "failure-action": {
        "module": "/MarkLogic/cpf/actions/failure-action.xqy"
    },
    "state-transition": [
        {
            "annotation": "Just tests a sample condition and action",
            "state": "http://marklogic.com/states/initial",
            "on-success": "http://marklogic.com/states/done",
            "on-failure": "http://marklogic.com/states/error",
            "execute": [
                {
                    "condition": {
                        "module": "ext/sample-project/cpf/sample-condition.xqy"
                    },
                    "action": {
                        "module": "ext/sample-project/cpf/sample-action.xqy"
                    }
                }
            ]
        }
    ]
}