<pipeline-properties xmlns="http://marklogic.com/manage/pipeline/properties">
  <pipeline-name>Status Change Handling</pipeline-name>
  <pipeline-description>Out-of-the-box document status handling.</pipeline-description>
  <success-action>
    <module>/MarkLogic/cpf/actions/success-action.xqy</module>
  </success-action>
  <failure-action>
    <module>/MarkLogic/cpf/actions/failure-action.xqy</module>
  </failure-action>
  <status-transition>
    <annotation>
      New document entering the system: kick it into the appropriate initial state. If is has an initial state, go to that
      state. If it doesn't, go to the standard initial state and set the initial timestamp.
    </annotation>
    <status>created</status>
    <on-success>http://marklogic.com/states/initial</on-success>
    <priority>100</priority>
    <default-action>
      <module>/MarkLogic/cpf/actions/set-updated-action.xqy</module>
    </default-action>
    <execute>
      <condition>
        <module>/MarkLogic/cpf/actions/changed-type-condition.xqy</module>
      </condition>
      <action>
        <module>/MarkLogic/cpf/actions/success-action.xqy</module>
      </action>
    </execute>
    <execute>
      <condition>
        <module>/MarkLogic/cpf/actions/renamed-links-condition.xqy</module>
      </condition>
      <action>
        <module>/MarkLogic/cpf/actions/link-rename-action.xqy</module>
      </action>
    </execute>
    <execute>
      <condition>
        <module>/MarkLogic/cpf/actions/existing-state-condition.xqy</module>
      </condition>
      <action>
        <module>/MarkLogic/cpf/actions/touch-state-action.xqy</module>
      </action>
    </execute>
  </status-transition>
  <status-transition>
    <annotation>
      Clean up dangling links and dependent documents from deleted documents.
    </annotation>
    <status>deleted</status>
    <priority>100</priority>
    <default-action>
      <module>/MarkLogic/cpf/actions/link-coherency-action.xqy</module>
    </default-action>
  </status-transition>
  <status-transition>
    <annotation>
      Update the document time stamp and shift to the updated state.
    </annotation>
    <status>updated</status>
    <on-success>http://marklogic.com/states/updated</on-success>
    <priority>100</priority>
    <default-action>
      <module>/MarkLogic/cpf/actions/set-updated-action.xqy</module>
    </default-action>
  </status-transition>
  <status-transition>
    <annotation>
      Update the document time stamp and shift to the updated state.
    </annotation>
    <status>property-updated</status>
    <on-success>http://marklogic.com/states/property-updated</on-success>
    <priority>100</priority>
    <default-action>
      <module>/MarkLogic/cpf/actions/set-property-updated-action.xqy</module>
    </default-action>
  </status-transition>
</pipeline-properties>