<?xml version="1.0" encoding="UTF-8"?>
<marklogic><id>tag:search.twitter.com,2005:185044131754680321</id><type>P</type><type>P</type><body>this weather makes me keen to take all my clothes <product_name company="SC Johnson">Off</product_name> and just get into a freezing <adverse_event>Cold</adverse_event> shower</body><verb>post</verb><link>http://twitter.com/ellierichardsxo/statuses/185044131754680321</link><generator><link>http://twitter.com</link><displayName>web</displayName></generator><postedTime>2012-03-28T16:42:13.000Z</postedTime><provider><link>http://www.twitter.com</link><displayName>Twitter</displayName><objectType>service</objectType></provider><object><summary>this weather makes me keen to take all my clothes off and just get into a freezing cold shower</summary><id>object:search.twitter.com,2005:185044131754680321</id><link>http://twitter.com/ellierichardsxo/statuses/185044131754680321</link><postedTime>2012-03-28T16:42:13.000Z</postedTime><objectType>note</objectType></object><actor><summary>I'm ellie &amp; i'm a drum n bass kinda girl!&#13;
also a hard worker when i want to be ☀ </summary><twitterTimeZone>London</twitterTimeZone><friendsCount>311</friendsCount><location><displayName>Where I need to be </displayName><objectType>place</objectType></location><link>http://www.twitter.com/ellierichardsxo</link><postedTime>2010-09-23T20:27:24.000Z</postedTime><image>http://a0.twimg.com/profile_images/1973194020/DSCF1978_normal.JPG</image><links><links><rel>me</rel><href>http://ellierichards.tumblr.com/</href></links></links><listedCount>0</listedCount><id>id:twitter.com:194279119</id><languages><languages>en</languages></languages><utcOffset>0</utcOffset><followersCount>765</followersCount><preferredUsername>ellierichardsxo</preferredUsername><displayName>ellierichards</displayName><statusesCount>3454</statusesCount><objectType>person</objectType></actor><twitter_entities><hashtags/><user_mentions/><urls/></twitter_entities><objectType>activity</objectType><platform>twitter</platform><posted_date>2012-03-28</posted_date><followers>765</followers><statuses>3454</statuses><region>London</region></marklogic>