<?xml version="1.0" encoding="UTF-8"?>
<marklogic><id>tag:search.twitter.com,2005:185037036854587392</id><type>P</type><type>P</type><body>*the blade <adverse_event>Burns</adverse_event> him as it leaves a long <product_name company="N.A.">Slice</product_name> along his side, and he calls out in pain briefly, before clenching his teeth, bearing it*</body><verb>post</verb><link>http://twitter.com/mlp_KeLaoSi/statuses/185037036854587392</link><generator><link>http://mobile.twitter.com</link><displayName>Mobile Web</displayName></generator><postedTime>2012-03-28T16:14:02.000Z</postedTime><provider><link>http://www.twitter.com</link><displayName>Twitter</displayName><objectType>service</objectType></provider><object><summary>*the blade burns him as it leaves a long slice along his side, and he calls out in pain briefly, before clenching his teeth, bearing it*</summary><id>object:search.twitter.com,2005:185037036854587392</id><link>http://twitter.com/mlp_KeLaoSi/statuses/185037036854587392</link><postedTime>2012-03-28T16:14:02.000Z</postedTime><objectType>note</objectType></object><actor><summary>I am a reformed Demon who was sealed away by Darkmane, a familar of Starswirl. As such is ancient. (GMT -5 (-7 temp))</summary><twitterTimeZone/><friendsCount>31</friendsCount><link>http://www.twitter.com/mlp_KeLaoSi</link><postedTime>2012-03-23T20:38:46.000Z</postedTime><image>http://a0.twimg.com/profile_images/1957162398/Ke_Lao_Si_Twitter_Shade_normal.png</image><links><links><rel>me</rel><href/></links></links><listedCount>0</listedCount><id>id:twitter.com:534785943</id><languages><languages>en</languages></languages><utcOffset/><followersCount>31</followersCount><preferredUsername>mlp_KeLaoSi</preferredUsername><displayName>Ke Lao Si</displayName><statusesCount>400</statusesCount><objectType>person</objectType></actor><twitter_entities><hashtags/><urls/><user_mentions/></twitter_entities><objectType>activity</objectType><platform>twitter</platform><posted_date>2012-03-28</posted_date><followers>31</followers><statuses>400</statuses><region>N.A.</region></marklogic>