<?xml version="1.0" encoding="UTF-8"?>
<marklogic><id>tag:search.twitter.com,2005:185080968326029312</id><type>P</type><type>P</type><inReplyTo><link>http://twitter.com/55MarkMartin/statuses/185079622772338688</link></inReplyTo><body>@55MarkMartin Thanks Mark You made me choke on <product_name company="N.A.">Mountain Dew</product_name> and blow it out my nose..kinda <adverse_event>Burns</adverse_event>! Lol. Enjoy your tweets!!</body><verb>post</verb><link>http://twitter.com/TheMini_Jimmie/statuses/185080968326029312</link><generator><link>http://twitter.com/download/android</link><displayName>Twitter for Android</displayName></generator><postedTime>2012-03-28T19:08:36.000Z</postedTime><provider><link>http://www.twitter.com</link><displayName>Twitter</displayName><objectType>service</objectType></provider><object><summary>@55MarkMartin Thanks Mark You made me choke on Mountain Dew and blow it out my nose..kinda burns! Lol. Enjoy your tweets!!</summary><id>object:search.twitter.com,2005:185080968326029312</id><link>http://twitter.com/TheMini_Jimmie/statuses/185080968326029312</link><postedTime>2012-03-28T19:08:36.000Z</postedTime><objectType>note</objectType></object><actor><summary>Kickin it mini style Ridin on JJ's shoulder </summary><twitterTimeZone>Central Time (US &amp; Canada)</twitterTimeZone><friendsCount>147</friendsCount><location><displayName>#TeamMiniChad    #6PACK</displayName><objectType>place</objectType></location><link>http://www.twitter.com/TheMini_Jimmie</link><postedTime>2012-02-17T21:00:02.000Z</postedTime><image>http://a0.twimg.com/profile_images/1932003498/nFPn8o21_normal</image><links><links><rel>me</rel><href>http://www.ThePlasticFantastic.com</href></links></links><listedCount>15</listedCount><id>id:twitter.com:495324244</id><languages><languages>en</languages></languages><utcOffset>-21600</utcOffset><followersCount>417</followersCount><preferredUsername>TheMini_Jimmie</preferredUsername><displayName>TheMini_Jimmie™</displayName><statusesCount>1863</statusesCount><objectType>person</objectType></actor><twitter_entities><hashtags/><user_mentions><user_mentions><indices><indices>0</indices><indices>13</indices></indices><id_str>472032417</id_str><name>Mark Martin</name><id>472032417</id><screen_name>55MarkMartin</screen_name></user_mentions></user_mentions><urls/></twitter_entities><objectType>activity</objectType><platform>twitter</platform><posted_date>2012-03-28</posted_date><followers>417</followers><statuses>1863</statuses><region>Central</region></marklogic>