<?xml version="1.0" encoding="UTF-8"?>
<marklogic><id>tag:search.twitter.com,2005:185037829544488960</id><type>P</type><type>P</type><body>Rid yourself of <adverse_event>Dry skin</adverse_event> problems! #Win <product_name company="Beiersdorf">Eucerin</product_name> Professional Repair + $125 Visa GC #giveaway Ends 4/16 http://t.co/EuVYDQBO</body><verb>post</verb><link>http://twitter.com/LilacCityMomma/statuses/185037829544488960</link><generator><link>http://twitter.com/tweetbutton</link><displayName>Tweet Button</displayName></generator><postedTime>2012-03-28T16:17:11.000Z</postedTime><provider><link>http://www.twitter.com</link><displayName>Twitter</displayName><objectType>service</objectType></provider><object><summary>Rid yourself of dry skin problems! #Win Eucerin Professional Repair + $125 Visa GC #giveaway Ends 4/16 http://t.co/EuVYDQBO</summary><id>object:search.twitter.com,2005:185037829544488960</id><link>http://twitter.com/LilacCityMomma/statuses/185037829544488960</link><postedTime>2012-03-28T16:17:11.000Z</postedTime><objectType>note</objectType></object><actor><summary>Social Media Mom; Brand Ambassador; Professional blogger - I'd like to be the ideal mother, but I'm too busy raising my kids!</summary><twitterTimeZone>Pacific Time (US &amp; Canada)</twitterTimeZone><friendsCount>3066</friendsCount><location><displayName>WA State</displayName><objectType>place</objectType></location><link>http://www.twitter.com/LilacCityMomma</link><postedTime>2010-06-19T21:29:23.000Z</postedTime><image>http://a0.twimg.com/profile_images/1900533859/Hanan_Webster_normal.jpg</image><links><links><rel>me</rel><href>http://lilaccitymomma.com/about/</href></links></links><listedCount>153</listedCount><id>id:twitter.com:157451334</id><languages><languages>en</languages></languages><utcOffset>-28800</utcOffset><followersCount>5291</followersCount><preferredUsername>LilacCityMomma</preferredUsername><displayName>Hanan</displayName><statusesCount>18740</statusesCount><objectType>person</objectType></actor><twitter_entities><hashtags><hashtags><text>Win</text><indices><indices>35</indices><indices>39</indices></indices></hashtags><hashtags><text>giveaway</text><indices><indices>83</indices><indices>92</indices></indices></hashtags></hashtags><user_mentions/><urls><urls><indices><indices>103</indices><indices>123</indices></indices><expanded_url>http://www.anutinanutshell.com/2012/03/eucerin-professional-repair/</expanded_url><display_url>anutinanutshell.com/2012/03/euceri…</display_url><url>http://t.co/EuVYDQBO</url></urls></urls></twitter_entities><objectType>activity</objectType><platform>twitter</platform><posted_date>2012-03-28</posted_date><followers>5291</followers><statuses>18740</statuses><region>Pacific</region></marklogic>