<?xml version="1.0" encoding="UTF-8"?>
<marklogic><body>@BlowMe_Awayyy I have cream, throat spray, <product_name company="GlaxoSmithKline">Panadol</product_name>, chloropetamine, <adverse_event>Cough</adverse_event> syrup and antibiotic pill. Sadddddd</body><inReplyTo><link>http://twitter.com/BlowMe_Awayyy/statuses/187170213198954496</link></inReplyTo><geo><type>Point</type><coordinates><coordinates>1.34553097</coordinates><coordinates>103.70028718</coordinates></coordinates></geo><location><geo><type>Polygon</type><coordinates><coordinates><coordinates><coordinates>102.4673462</coordinates><coordinates>1.2624726</coordinates></coordinates><coordinates><coordinates>104.2971115</coordinates><coordinates>1.2624726</coordinates></coordinates><coordinates><coordinates>104.2971115</coordinates><coordinates>2.8337522</coordinates></coordinates><coordinates><coordinates>102.4673462</coordinates><coordinates>2.8337522</coordinates></coordinates></coordinates></coordinates></geo><link>http://api.twitter.com/1/geo/id/d0941d4cf659fc64.json</link><name>Johore</name><displayName>Johore, Malaysia</displayName><country_code>Malaysia</country_code><objectType>place</objectType></location><link>http://twitter.com/PigDr/statuses/187170694575038464</link><postedTime>2012-04-03T13:32:25.000Z</postedTime><provider><link>http://www.twitter.com</link><displayName>Twitter</displayName><objectType>service</objectType></provider><actor><summary>Trustable. Honest</summary><twitterTimeZone>Kuala Lumpur</twitterTimeZone><friendsCount>166</friendsCount><location><displayName>Hide and seek ;)</displayName><objectType>place</objectType></location><link>http://www.twitter.com/PigDr</link><postedTime>2010-10-15T12:01:15.000Z</postedTime><image>http://a0.twimg.com/profile_images/1829219206/YourPhoto_2012-1-3_23-27-40__normal.jpg</image><links><links><rel>me</rel><href/></links></links><listedCount>0</listedCount><id>id:twitter.com:203042701</id><languages><languages>en</languages></languages><utcOffset>28800</utcOffset><followersCount>74</followersCount><preferredUsername>PigDr</preferredUsername><displayName>Geoffrey.™ </displayName><statusesCount>1988</statusesCount><objectType>person</objectType></actor><object><summary>@BlowMe_Awayyy I have cream, throat spray, panadol, chloropetamine, cough syrup and antibiotic pill. Sadddddd</summary><id>object:search.twitter.com,2005:187170694575038464</id><link>http://twitter.com/PigDr/statuses/187170694575038464</link><postedTime>2012-04-03T13:32:25.000Z</postedTime><objectType>note</objectType></object><twitter_entities><hashtags/><urls/><user_mentions><user_mentions><indices><indices>0</indices><indices>14</indices></indices><screen_name>BlowMe_Awayyy</screen_name><name>Yuen Zi Zheng</name><id_str>489304579</id_str><id>489304579</id></user_mentions></user_mentions></twitter_entities><id>tag:search.twitter.com,2005:187170694575038464</id><type>P</type><type>P</type><verb>post</verb><generator><link>http://mobile.twitter.com</link><displayName>Mobile Web</displayName></generator><objectType>activity</objectType><platform>twitter</platform><posted_date>2012-04-03</posted_date><followers>74</followers><statuses>1988</statuses><region>Kuala</region></marklogic>