<?xml version="1.0" encoding="UTF-8"?>
<marklogic><id>tag:search.twitter.com,2005:185070568469577730</id><type>P</type><type>P</type><body><product_name company="Johnson - Johnson">Tylenol</product_name> <adverse_event>Cold</adverse_event> 4 year old http://t.co/jgGXL0t5</body><verb>post</verb><link>http://twitter.com/wakogogamuze/statuses/185070568469577730</link><generator><link>http://twitter.com</link><displayName>web</displayName></generator><postedTime>2012-03-28T18:27:16.000Z</postedTime><provider><link>http://www.twitter.com</link><displayName>Twitter</displayName><objectType>service</objectType></provider><object><summary>tylenol cold 4 year old http://t.co/jgGXL0t5</summary><id>object:search.twitter.com,2005:185070568469577730</id><link>http://twitter.com/wakogogamuze/statuses/185070568469577730</link><postedTime>2012-03-28T18:27:16.000Z</postedTime><objectType>note</objectType></object><actor><summary>base and unworthy for sure, burned and bubbly for true.</summary><twitterTimeZone/><friendsCount>35</friendsCount><location><displayName>United States</displayName><objectType>place</objectType></location><link>http://www.twitter.com/wakogogamuze</link><postedTime>2012-02-07T09:34:59.000Z</postedTime><image>http://a0.twimg.com/profile_images/1813467139/960_normal.gif</image><links><links><rel>me</rel><href/></links></links><listedCount>0</listedCount><id>id:twitter.com:485539490</id><languages><languages>en</languages></languages><utcOffset/><followersCount>16</followersCount><preferredUsername>wakogogamuze</preferredUsername><displayName>dudzic</displayName><statusesCount>171</statusesCount><objectType>person</objectType></actor><twitter_entities><hashtags/><user_mentions/><urls><urls><indices><indices>24</indices><indices>44</indices></indices><expanded_url>http://tylenol-cold-4-year-old.cheapillsshop.com</expanded_url><display_url>…nol-cold-4-year-old.cheapillsshop.com</display_url><url>http://t.co/jgGXL0t5</url></urls></urls></twitter_entities><objectType>activity</objectType><platform>twitter</platform><posted_date>2012-03-28</posted_date><followers>16</followers><statuses>171</statuses><region>N.A.</region></marklogic>