<?xml version="1.0" encoding="UTF-8"?>
<marklogic><id>tag:search.twitter.com,2005:185081802669559808</id><type>P</type><type>P</type><body><product_name company="Unilever">Surf</product_name> <adverse_event>Spots</adverse_event> http://t.co/1wp6bBra</body><verb>post</verb><link>http://twitter.com/BRASILSANDIEGO/statuses/185081802669559808</link><generator><link>http://www.facebook.com/twitter</link><displayName>Facebook</displayName></generator><postedTime>2012-03-28T19:11:55.000Z</postedTime><provider><link>http://www.twitter.com</link><displayName>Twitter</displayName><objectType>service</objectType></provider><object><summary>Surf Spots http://t.co/1wp6bBra</summary><id>object:search.twitter.com,2005:185081802669559808</id><link>http://twitter.com/BRASILSANDIEGO/statuses/185081802669559808</link><postedTime>2012-03-28T19:11:55.000Z</postedTime><objectType>note</objectType></object><actor><summary>Everything Brazil in San Diego...</summary><twitterTimeZone>Pacific Time (US &amp; Canada)</twitterTimeZone><friendsCount>441</friendsCount><location><displayName>San Diego</displayName><objectType>place</objectType></location><link>http://www.twitter.com/BRASILSANDIEGO</link><postedTime>2009-08-01T16:44:47.000Z</postedTime><image>http://a0.twimg.com/profile_images/1331933368/facebook_bsd_normal.jpg</image><links><links><rel>me</rel><href>http://www.brasil-sandiego.com</href></links></links><listedCount>5</listedCount><id>id:twitter.com:62069028</id><languages><languages>en</languages></languages><utcOffset>-28800</utcOffset><followersCount>189</followersCount><preferredUsername>BRASILSANDIEGO</preferredUsername><displayName>Brasil-SanDiego.com</displayName><statusesCount>302</statusesCount><objectType>person</objectType></actor><twitter_entities><hashtags/><user_mentions/><urls><urls><indices><indices>11</indices><indices>31</indices></indices><expanded_url>http://fb.me/168fh4MSk</expanded_url><display_url>fb.me/168fh4MSk</display_url><url>http://t.co/1wp6bBra</url></urls></urls></twitter_entities><objectType>activity</objectType><platform>twitter</platform><posted_date>2012-03-28</posted_date><followers>189</followers><statuses>302</statuses><region>Pacific</region></marklogic>