<?xml version="1.0" encoding="UTF-8"?>
<marklogic><id>tag:search.twitter.com,2005:185071466600071169</id><type>P</type><type>P</type><body>Yo solo tendré un <adverse_event>Spot</adverse_event>. “¡<product_name company="GlaxoSmithKline">Viva</product_name> la equidad!”: AMLO http://t.co/unIG8BnD #Milenio #Nacional</body><verb>post</verb><link>http://twitter.com/RedSieteRadio/statuses/185071466600071169</link><generator><link>http://twitterfeed.com</link><displayName>twitterfeed</displayName></generator><postedTime>2012-03-28T18:30:50.000Z</postedTime><provider><link>http://www.twitter.com</link><displayName>Twitter</displayName><objectType>service</objectType></provider><object><summary>Yo solo tendré un spot. “¡Viva la equidad!”: AMLO http://t.co/unIG8BnD #Milenio #Nacional</summary><id>object:search.twitter.com,2005:185071466600071169</id><link>http://twitter.com/RedSieteRadio/statuses/185071466600071169</link><postedTime>2012-03-28T18:30:50.000Z</postedTime><objectType>note</objectType></object><actor><summary>Somos una plataforma alternativa en donde queremos ser el medio para escuchar tu voz, difundir tus acciones, promover tus ideas. Participa¡</summary><twitterTimeZone>Mexico City</twitterTimeZone><friendsCount>1490</friendsCount><location><displayName>Mexico</displayName><objectType>place</objectType></location><link>http://www.twitter.com/RedSieteRadio</link><postedTime>2011-03-28T23:51:10.000Z</postedTime><image>http://a0.twimg.com/profile_images/1320757015/Logo_final_Red_Siete_web_normal.jpg</image><links><links><rel>me</rel><href>http://www.redsiete.com.mx</href></links></links><listedCount>30</listedCount><id>id:twitter.com:273684452</id><languages><languages>es</languages></languages><utcOffset>-21600</utcOffset><followersCount>1135</followersCount><preferredUsername>RedSieteRadio</preferredUsername><displayName>Red Siete Radio</displayName><statusesCount>22283</statusesCount><objectType>person</objectType></actor><twitter_entities><hashtags><hashtags><text>Milenio</text><indices><indices>71</indices><indices>79</indices></indices></hashtags><hashtags><text>Nacional</text><indices><indices>80</indices><indices>89</indices></indices></hashtags></hashtags><user_mentions/><urls><urls><indices><indices>50</indices><indices>70</indices></indices><expanded_url>http://bit.ly/Hh21Qv</expanded_url><display_url>bit.ly/Hh21Qv</display_url><url>http://t.co/unIG8BnD</url></urls></urls></twitter_entities><objectType>activity</objectType><platform>twitter</platform><posted_date>2012-03-28</posted_date><followers>1135</followers><statuses>22283</statuses><region>Mexico</region></marklogic>