<?xml version="1.0" encoding="UTF-8"?>
<marklogic><id>tag:search.twitter.com,2005:185080986051149824</id><type>P</type><type>P</type><body>"<adverse_event>Spots</adverse_event> in general are an appreciating asset class"! RT @felixsalmon: I think this is my favorite <product_name company="N.A.">Felix</product_name> TV video yet. http://t.co/nIHHBEeL</body><verb>post</verb><link>http://twitter.com/mollyesque/statuses/185080986051149824</link><generator><link>http://www.tweetdeck.com</link><displayName>TweetDeck</displayName></generator><postedTime>2012-03-28T19:08:40.000Z</postedTime><provider><link>http://www.twitter.com</link><displayName>Twitter</displayName><objectType>service</objectType></provider><object><summary>"Spots in general are an appreciating asset class"! RT @felixsalmon: I think this is my favorite Felix TV video yet. http://t.co/nIHHBEeL</summary><id>object:search.twitter.com,2005:185080986051149824</id><link>http://twitter.com/mollyesque/statuses/185080986051149824</link><postedTime>2012-03-28T19:08:40.000Z</postedTime><objectType>note</objectType></object><actor><summary>Politics writer for The Atlantic; Westerner; tiny human being generator; semicolon addict; sarcast. mball at theatlantic dot com</summary><twitterTimeZone>Eastern Time (US &amp; Canada)</twitterTimeZone><friendsCount>998</friendsCount><location><displayName>Arlington, VA</displayName><objectType>place</objectType></location><link>http://www.twitter.com/mollyesque</link><postedTime>2010-04-08T20:30:19.000Z</postedTime><image>http://a0.twimg.com/profile_images/809661828/MollyReportsOnPres-1_normal.jpg</image><links><links><rel>me</rel><href>http://www.theatlantic.com/politics/</href></links></links><listedCount>302</listedCount><id>id:twitter.com:130945778</id><languages><languages>en</languages></languages><utcOffset>-18000</utcOffset><followersCount>5987</followersCount><preferredUsername>mollyesque</preferredUsername><displayName>Molly Ball</displayName><statusesCount>11245</statusesCount><objectType>person</objectType></actor><twitter_entities><hashtags/><user_mentions><user_mentions><indices><indices>55</indices><indices>67</indices></indices><id_str>16399949</id_str><name>felix salmon</name><id>16399949</id><screen_name>felixsalmon</screen_name></user_mentions></user_mentions><urls><urls><indices><indices>117</indices><indices>137</indices></indices><expanded_url>http://tmblr.co/ZKiDjxIiM_dW</expanded_url><display_url>tmblr.co/ZKiDjxIiM_dW</display_url><url>http://t.co/nIHHBEeL</url></urls></urls></twitter_entities><objectType>activity</objectType><platform>twitter</platform><posted_date>2012-03-28</posted_date><followers>5987</followers><statuses>11245</statuses><region>Eastern</region></marklogic>