<?xml version="1.0" encoding="UTF-8"?>
<marklogic><id>tag:search.twitter.com,2005:185077256765448193</id><type>P</type><type>P</type><body>I made coffee, but now I want <product_name company="N.A.">Pepsi</product_name>. The coffee is still <adverse_event>Too hot</adverse_event>... *hasn't done shit yet, is eating <adverse_event>Cold</adverse_event> pizza instead*</body><verb>post</verb><link>http://twitter.com/BitchyJess/statuses/185077256765448193</link><generator><link>http://levelupstudio.com/plume</link><displayName>Plume for Android</displayName></generator><postedTime>2012-03-28T18:53:51.000Z</postedTime><provider><link>http://www.twitter.com</link><displayName>Twitter</displayName><objectType>service</objectType></provider><object><summary>I made coffee, but now I want Pepsi. The coffee is still too hot... *hasn't done shit yet, is eating cold pizza instead*</summary><id>object:search.twitter.com,2005:185077256765448193</id><link>http://twitter.com/BitchyJess/statuses/185077256765448193</link><postedTime>2012-03-28T18:53:51.000Z</postedTime><objectType>note</objectType></object><actor><summary>I'm a snarky bitch. I'm a little evil. I'm bi. In my happy place with @JazzyJasperHale. Leave your drama there *points to the shitter* (RP- 21+)</summary><twitterTimeZone>Central Time (US &amp; Canada)</twitterTimeZone><friendsCount>393</friendsCount><location><displayName>Elsewhere</displayName><objectType>place</objectType></location><link>http://www.twitter.com/BitchyJess</link><postedTime>2010-04-09T08:42:31.000Z</postedTime><image>http://a0.twimg.com/profile_images/1979187537/downloadfile-38_normal.jpeg</image><links><links><rel>me</rel><href>http://jessicasnaughtyfantasy.tumblr.com/</href></links></links><listedCount>43</listedCount><id>id:twitter.com:131109016</id><languages><languages>en</languages></languages><utcOffset>-21600</utcOffset><followersCount>698</followersCount><preferredUsername>BitchyJess</preferredUsername><displayName>Jess Stanley</displayName><statusesCount>29238</statusesCount><objectType>person</objectType></actor><twitter_entities><hashtags/><user_mentions/><urls/></twitter_entities><objectType>activity</objectType><platform>twitter</platform><posted_date>2012-03-28</posted_date><followers>698</followers><statuses>29238</statuses><region>Central</region></marklogic>