<?xml version="1.0" encoding="UTF-8"?>
<marklogic><id>tag:search.twitter.com,2005:185059666252926976</id><type>P</type><type>P</type><body>@Miss_KerriC i will now be serving <product_name company="PepsiCo-Gatorade">Gatorade</product_name> behind the bar and at my
Vip tables for the <adverse_event>Thirst</adverse_event> buckets&#x01f602;
#thirstyyy</body><verb>post</verb><link>http://twitter.com/AshleyZooMack/statuses/185059666252926976</link><generator><link>http://twitter.com/#!/download/iphone</link><displayName>Twitter for iPhone</displayName></generator><postedTime>2012-03-28T17:43:57.000Z</postedTime><provider><link>http://www.twitter.com</link><displayName>Twitter</displayName><objectType>service</objectType></provider><object><summary>@Miss_KerriC i will now be serving gatorade behind the bar and at my
Vip tables for the thirst buckets&#x01f602;
#thirstyyy</summary><id>object:search.twitter.com,2005:185059666252926976</id><link>http://twitter.com/AshleyZooMack/statuses/185059666252926976</link><postedTime>2012-03-28T17:43:57.000Z</postedTime><objectType>note</objectType></object><actor><summary>GLO DANCE FRIDAYS: CONTACT ME TO BOOK YOUR VIP TABLES !! 631 605 4700</summary><twitterTimeZone/><friendsCount>543</friendsCount><location><displayName>new york</displayName><objectType>place</objectType></location><link>http://www.twitter.com/AshleyZooMack</link><postedTime>2011-09-29T19:46:48.000Z</postedTime><image>http://a0.twimg.com/profile_images/1865122814/image_normal.jpg</image><links><links><rel>me</rel><href>http://www.facebook.com/ashleynczumak</href></links></links><listedCount>0</listedCount><id>id:twitter.com:382272849</id><languages><languages>en</languages></languages><utcOffset/><followersCount>430</followersCount><preferredUsername>AshleyZooMack</preferredUsername><displayName>ashley czumak</displayName><statusesCount>2839</statusesCount><objectType>person</objectType></actor><twitter_entities><hashtags><hashtags><text>thirstyyy</text><indices><indices>104</indices><indices>114</indices></indices></hashtags></hashtags><user_mentions><user_mentions><indices><indices>0</indices><indices>12</indices></indices><id_str>57177675</id_str><name>Miss Kerri</name><id>57177675</id><screen_name>Miss_KerriC</screen_name></user_mentions></user_mentions><urls/></twitter_entities><objectType>activity</objectType><platform>twitter</platform><posted_date>2012-03-28</posted_date><followers>430</followers><statuses>2839</statuses><region>N.A.</region></marklogic>