<?xml version="1.0" encoding="UTF-8"?>
<marklogic><id>tag:search.twitter.com,2005:185035231127023616</id><type>P</type><type>P</type><body>#1: Hot Gear  <adverse_event>Heated</adverse_event> Ski Boot Bag: Hot Gear <product_name company="N.A.">Ajax</product_name> <adverse_event>Heated</adverse_event> Ski Boot Bag by HOT (Visit the Hot New Releases in Ski Bags list for auth...</body><verb>post</verb><link>http://twitter.com/rimanur72/statuses/185035231127023616</link><generator><link>http://twitterfeed.com</link><displayName>twitterfeed</displayName></generator><postedTime>2012-03-28T16:06:51.000Z</postedTime><provider><link>http://www.twitter.com</link><displayName>Twitter</displayName><objectType>service</objectType></provider><object><summary>#1: Hot Gear Ajax Heated Ski Boot Bag: Hot Gear Ajax Heated Ski Boot Bag by HOT (Visit the Hot New Releases in Ski Bags list for auth...</summary><id>object:search.twitter.com,2005:185035231127023616</id><link>http://twitter.com/rimanur72/statuses/185035231127023616</link><postedTime>2012-03-28T16:06:51.000Z</postedTime><objectType>note</objectType></object><actor><summary/><twitterTimeZone>Jakarta</twitterTimeZone><friendsCount>143</friendsCount><link>http://www.twitter.com/rimanur72</link><postedTime>2012-03-02T07:22:02.000Z</postedTime><image>http://a0.twimg.com/profile_images/1866598008/Screenshot2_normal.jpg</image><links><links><rel>me</rel><href/></links></links><listedCount>0</listedCount><id>id:twitter.com:511531005</id><languages><languages>en</languages></languages><utcOffset>25200</utcOffset><followersCount>34</followersCount><preferredUsername>rimanur72</preferredUsername><displayName>Rima</displayName><statusesCount>37</statusesCount><objectType>person</objectType></actor><twitter_entities><hashtags/><user_mentions/><urls/></twitter_entities><objectType>activity</objectType><platform>twitter</platform><posted_date>2012-03-28</posted_date><followers>34</followers><statuses>37</statuses><region>Jakarta</region></marklogic>