<?xml version="1.0" encoding="UTF-8"?>
<marklogic><id>tag:search.twitter.com,2005:185081108256391170</id><type>P</type><type>P</type><body>Study these videos to <product_name company="Abbott">Ensure</product_name> that your penis is never far from a vagina or a donk in Jamaica. http://t.co/jkMyc5Ph @105Movement @Dam_<adverse_event>Cold</adverse_event></body><verb>post</verb><link>http://twitter.com/EVILG_NIUS/statuses/185081108256391170</link><generator><link>http://www.destroytwitter.com</link><displayName>DestroyTwitter</displayName></generator><postedTime>2012-03-28T19:09:09.000Z</postedTime><provider><link>http://www.twitter.com</link><displayName>Twitter</displayName><objectType>service</objectType></provider><object><summary>Study these videos to ensure that your penis is never far from a vagina or a donk in Jamaica. http://t.co/jkMyc5Ph @105Movement @Dam_Cold</summary><id>object:search.twitter.com,2005:185081108256391170</id><link>http://twitter.com/EVILG_NIUS/statuses/185081108256391170</link><postedTime>2012-03-28T19:09:09.000Z</postedTime><objectType>note</objectType></object><actor><summary>[ Artist × Philosopher × Scientist ]&#13;
New Delhi to New York&#13;
I am in my ethereal form.</summary><twitterTimeZone>Eastern Time (US &amp; Canada)</twitterTimeZone><friendsCount>265</friendsCount><location><displayName>The Cosmos</displayName><objectType>place</objectType></location><link>http://www.twitter.com/EVILG_NIUS</link><postedTime>2010-08-27T04:44:28.000Z</postedTime><image>http://a0.twimg.com/profile_images/1887328758/winter_normal.png</image><links><links><rel>me</rel><href>http://mektheintellekt.bandcamp.com/</href></links></links><listedCount>0</listedCount><id>id:twitter.com:183508238</id><languages><languages>en</languages></languages><utcOffset>-18000</utcOffset><followersCount>182</followersCount><preferredUsername>EVILG_NIUS</preferredUsername><displayName>Raúl</displayName><statusesCount>15312</statusesCount><objectType>person</objectType></actor><twitter_entities><hashtags/><user_mentions><user_mentions><indices><indices>115</indices><indices>127</indices></indices><id_str>21732539</id_str><name>Renaissance</name><id>21732539</id><screen_name>105Movement</screen_name></user_mentions><user_mentions><indices><indices>128</indices><indices>137</indices></indices><id_str>272465597</id_str><name>Mohammed H. Azam</name><id>272465597</id><screen_name>Dam_Cold</screen_name></user_mentions></user_mentions><urls><urls><indices><indices>94</indices><indices>114</indices></indices><expanded_url>http://j.mp/GYQo2k</expanded_url><display_url>j.mp/GYQo2k</display_url><url>http://t.co/jkMyc5Ph</url></urls></urls></twitter_entities><objectType>activity</objectType><platform>twitter</platform><posted_date>2012-03-28</posted_date><followers>182</followers><statuses>15312</statuses><region>Eastern</region></marklogic>