<?xml version="1.0" encoding="UTF-8"?>
<marklogic><id>tag:search.twitter.com,2005:185056986340147200</id><type>P</type><type>P</type><body>does <product_name company="Johnson - Johnson">Motrin</product_name> help <adverse_event>Sore throat</adverse_event> http://t.co/cUhotN9W</body><verb>post</verb><link>http://twitter.com/jukomusezuni/statuses/185056986340147200</link><generator><link>http://twitter.com</link><displayName>web</displayName></generator><postedTime>2012-03-28T17:33:18.000Z</postedTime><provider><link>http://www.twitter.com</link><displayName>Twitter</displayName><objectType>service</objectType></provider><object><summary>does motrin help sore throat http://t.co/cUhotN9W</summary><id>object:search.twitter.com,2005:185056986340147200</id><link>http://twitter.com/jukomusezuni/statuses/185056986340147200</link><postedTime>2012-03-28T17:33:18.000Z</postedTime><objectType>note</objectType></object><actor><summary>This is me: implacable, afflicted, magical and secret.&#13;</summary><twitterTimeZone/><friendsCount>28</friendsCount><location><displayName>GA&#13;</displayName><objectType>place</objectType></location><link>http://www.twitter.com/jukomusezuni</link><postedTime>2012-02-09T09:02:59.000Z</postedTime><image>http://a0.twimg.com/profile_images/1817915122/680_normal.gif</image><links><links><rel>me</rel><href/></links></links><listedCount>0</listedCount><id>id:twitter.com:487369683</id><languages><languages>hi</languages></languages><utcOffset/><followersCount>5</followersCount><preferredUsername>jukomusezuni</preferredUsername><displayName>hagel</displayName><statusesCount>88</statusesCount><objectType>person</objectType></actor><twitter_entities><hashtags/><user_mentions/><urls><urls><indices><indices>29</indices><indices>49</indices></indices><expanded_url>http://does-motrin-help-sore-throat.cheapillsshop.com</expanded_url><display_url>…in-help-sore-throat.cheapillsshop.com</display_url><url>http://t.co/cUhotN9W</url></urls></urls></twitter_entities><objectType>activity</objectType><platform>twitter</platform><posted_date>2012-03-28</posted_date><followers>5</followers><statuses>88</statuses><region>N.A.</region></marklogic>