<?xml version="1.0" encoding="UTF-8"?>
<marklogic><id>tag:search.twitter.com,2005:185046593655930880</id><type>P</type><type>P</type><body><product_name company="P&amp;G">CoverGirl</product_name> Shine Blast Lip Gloss Stick MakeUp No 815 <adverse_event>Heat</adverse_event> New	$6,69	http://t.co/RJQr1ROI</body><verb>post</verb><link>http://twitter.com/HandyMummy/statuses/185046593655930880</link><generator><link>http://twitter.com</link><displayName>web</displayName></generator><postedTime>2012-03-28T16:52:00.000Z</postedTime><provider><link>http://www.twitter.com</link><displayName>Twitter</displayName><objectType>service</objectType></provider><object><summary>CoverGirl Shine Blast Lip Gloss Stick MakeUp No 815 Heat New	$6,69	http://t.co/RJQr1ROI</summary><id>object:search.twitter.com,2005:185046593655930880</id><link>http://twitter.com/HandyMummy/statuses/185046593655930880</link><postedTime>2012-03-28T16:52:00.000Z</postedTime><objectType>note</objectType></object><actor><summary>I make what I can by hand, and what I can't do I want to learn. Craftmanship and upcycling is my life style ;-)</summary><twitterTimeZone>Copenhagen</twitterTimeZone><friendsCount>657</friendsCount><location><displayName>Denmark</displayName><objectType>place</objectType></location><link>http://www.twitter.com/HandyMummy</link><postedTime>2009-11-19T20:41:28.000Z</postedTime><image>http://a0.twimg.com/profile_images/797668298/Goldy-001-3_80x80_normal.jpg</image><links><links><rel>me</rel><href>http://blogspot.com/HandyMummy</href></links></links><listedCount>17</listedCount><id>id:twitter.com:91187851</id><languages><languages>en</languages></languages><utcOffset>3600</utcOffset><followersCount>558</followersCount><preferredUsername>HandyMummy</preferredUsername><displayName>HandyMummy</displayName><statusesCount>3686</statusesCount><objectType>person</objectType></actor><twitter_entities><hashtags/><urls><urls><indices><indices>67</indices><indices>87</indices></indices><expanded_url>http://tinyurl.com/7euxn5r</expanded_url><display_url>tinyurl.com/7euxn5r</display_url><url>http://t.co/RJQr1ROI</url></urls></urls><user_mentions/></twitter_entities><objectType>activity</objectType><platform>twitter</platform><posted_date>2012-03-28</posted_date><followers>558</followers><statuses>3686</statuses><region>Copenhagen</region></marklogic>