<?xml version="1.0" encoding="UTF-8"?>
<marklogic><id>tag:search.twitter.com,2005:185081573601849344</id><type>P</type><type>P</type><body>I have the sudden urge to drink a nice <adverse_event>Cold</adverse_event> <product_name company="N.A.">Pepsi</product_name> :/ mind you I gave up soda months ago</body><verb>post</verb><link>http://twitter.com/_KateSaidSo/statuses/185081573601849344</link><generator><link>http://twitter.com/#!/download/iphone</link><displayName>Twitter for iPhone</displayName></generator><postedTime>2012-03-28T19:11:00.000Z</postedTime><provider><link>http://www.twitter.com</link><displayName>Twitter</displayName><objectType>service</objectType></provider><object><summary>I have the sudden urge to drink a nice cold pepsi :/ mind you I gave up soda months ago</summary><id>object:search.twitter.com,2005:185081573601849344</id><link>http://twitter.com/_KateSaidSo/statuses/185081573601849344</link><postedTime>2012-03-28T19:11:00.000Z</postedTime><objectType>note</objectType></object><actor><summary>18 / Senior ♥ ...FOLLOW! :)</summary><twitterTimeZone>Eastern Time (US &amp; Canada)</twitterTimeZone><friendsCount>356</friendsCount><location><displayName>Boston</displayName><objectType>place</objectType></location><link>http://www.twitter.com/_KateSaidSo</link><postedTime>2011-01-19T16:15:47.000Z</postedTime><image>http://a0.twimg.com/profile_images/1966064730/image_normal.jpg</image><links><links><rel>me</rel><href/></links></links><listedCount>4</listedCount><id>id:twitter.com:240299189</id><languages><languages>en</languages></languages><utcOffset>-18000</utcOffset><followersCount>410</followersCount><preferredUsername>_KateSaidSo</preferredUsername><displayName>Kate Montero</displayName><statusesCount>17521</statusesCount><objectType>person</objectType></actor><twitter_entities><hashtags/><urls/><user_mentions/></twitter_entities><objectType>activity</objectType><platform>twitter</platform><posted_date>2012-03-28</posted_date><followers>410</followers><statuses>17521</statuses><region>Eastern</region></marklogic>