<?xml version="1.0" encoding="UTF-8"?>
<marklogic><id>tag:search.twitter.com,2005:185054761844879360</id><type>P</type><type>P</type><body> <adverse_event>Cold</adverse_event> <product_name company="Wyeth">Robitussin</product_name> http://t.co/AclNpymr</body><verb>post</verb><link>http://twitter.com/migelyry/statuses/185054761844879360</link><generator><link>http://twitter.com</link><displayName>web</displayName></generator><postedTime>2012-03-28T17:24:28.000Z</postedTime><provider><link>http://www.twitter.com</link><displayName>Twitter</displayName><objectType>service</objectType></provider><object><summary>tylenol cold robitussin http://t.co/AclNpymr</summary><id>object:search.twitter.com,2005:185054761844879360</id><link>http://twitter.com/migelyry/statuses/185054761844879360</link><postedTime>2012-03-28T17:24:28.000Z</postedTime><objectType>note</objectType></object><actor><summary>I'm powerful, majestic and 348. Rated. Also indorsed and applauded. Favorite movie - Voyage dans la lune, Le.</summary><twitterTimeZone/><friendsCount>102</friendsCount><location><displayName>US</displayName><objectType>place</objectType></location><link>http://www.twitter.com/migelyry</link><postedTime>2011-12-09T18:18:31.000Z</postedTime><image>http://a0.twimg.com/profile_images/1683733525/1659_normal.gif</image><links><links><rel>me</rel><href/></links></links><listedCount>0</listedCount><id>id:twitter.com:432726428</id><languages><languages>tr</languages></languages><utcOffset/><followersCount>22</followersCount><preferredUsername>migelyry</preferredUsername><displayName>Hara Lodwick</displayName><statusesCount>398</statusesCount><objectType>person</objectType></actor><twitter_entities><hashtags/><urls><urls><indices><indices>24</indices><indices>44</indices></indices><expanded_url>http://tylenol-cold-robitussin.cheapillsshop.com</expanded_url><display_url>…nol-cold-robitussin.cheapillsshop.com</display_url><url>http://t.co/AclNpymr</url></urls></urls><user_mentions/></twitter_entities><objectType>activity</objectType><platform>twitter</platform><posted_date>2012-03-28</posted_date><followers>22</followers><statuses>398</statuses><region>N.A.</region></marklogic>