<?xml version="1.0" encoding="UTF-8"?>
<marklogic><id>tag:search.twitter.com,2005:185075275103612929</id><type>P</type><type>P</type><body>these females better not bail out on me -_- *<adverse_event>Coughs</adverse_event>* courtney &amp; <product_name company="P&amp;G">Ariel</product_name></body><verb>post</verb><link>http://twitter.com/MsBlackNRican/statuses/185075275103612929</link><generator><link>http://twitter.com</link><displayName>web</displayName></generator><postedTime>2012-03-28T18:45:58.000Z</postedTime><provider><link>http://www.twitter.com</link><displayName>Twitter</displayName><objectType>service</objectType></provider><object><summary>these females better not bail out on me -_- *coughs* courtney &amp; ariel</summary><id>object:search.twitter.com,2005:185075275103612929</id><link>http://twitter.com/MsBlackNRican/statuses/185075275103612929</link><postedTime>2012-03-28T18:45:58.000Z</postedTime><objectType>note</objectType></object><actor><summary>Black &amp; Puerto Rican Pride☺ PiscesBaby. Pre-Med★ Chicago Bulls♥ DerrickRose ;)</summary><twitterTimeZone>Central Time (US &amp; Canada)</twitterTimeZone><friendsCount>189</friendsCount><link>http://www.twitter.com/MsBlackNRican</link><postedTime>2009-06-04T03:43:48.000Z</postedTime><image>http://a0.twimg.com/profile_images/1839897024/image_normal.jpg</image><links><links><rel>me</rel><href>http://princesssjasmineee.tumblr.com/</href></links></links><listedCount>6</listedCount><id>id:twitter.com:44537972</id><languages><languages>en</languages></languages><utcOffset>-21600</utcOffset><followersCount>285</followersCount><preferredUsername>MsBlackNRican</preferredUsername><displayName>Jasmine </displayName><statusesCount>12581</statusesCount><objectType>person</objectType></actor><twitter_entities><hashtags/><user_mentions/><urls/></twitter_entities><objectType>activity</objectType><platform>twitter</platform><posted_date>2012-03-28</posted_date><followers>285</followers><statuses>12581</statuses><region>Central</region></marklogic>