<?xml version="1.0" encoding="UTF-8"?>
<marklogic><id>tag:search.twitter.com,2005:185075415478566912</id><type>P</type><type>P</type><inReplyTo><link>http://twitter.com/thechatterpie/statuses/185074711850516481</link></inReplyTo><body>@thechatterpie <product_name company="N.A.">Flake</product_name> in his sparkling suit! He must have <adverse_event>Burnt</adverse_event> some calories on that treadmill!</body><verb>post</verb><link>http://twitter.com/lukeytomo/statuses/185075415478566912</link><generator><link>http://twitter.com</link><displayName>web</displayName></generator><postedTime>2012-03-28T18:46:32.000Z</postedTime><provider><link>http://www.twitter.com</link><displayName>Twitter</displayName><objectType>service</objectType></provider><object><summary>@thechatterpie Flake in his sparkling suit! He must have burnt some calories on that treadmill!</summary><id>object:search.twitter.com,2005:185075415478566912</id><link>http://twitter.com/lukeytomo/statuses/185075415478566912</link><postedTime>2012-03-28T18:46:32.000Z</postedTime><objectType>note</objectType></object><actor><summary>Download Festival 2012! Guitar player and singer (in the shower). Looking for a social site not infested by oompa loompas. \m/</summary><twitterTimeZone/><friendsCount>335</friendsCount><location><displayName>Liverpool</displayName><objectType>place</objectType></location><link>http://www.twitter.com/lukeytomo</link><postedTime>2011-08-19T01:00:37.000Z</postedTime><image>http://a0.twimg.com/profile_images/1979526099/392251_2999801399394_1393057449_3143599_141737474_n_normal.jpg</image><links><links><rel>me</rel><href/></links></links><listedCount>0</listedCount><id>id:twitter.com:357862733</id><languages><languages>en</languages></languages><utcOffset/><followersCount>249</followersCount><preferredUsername>lukeytomo</preferredUsername><displayName>Luke Tomlinson</displayName><statusesCount>1744</statusesCount><objectType>person</objectType></actor><twitter_entities><hashtags/><user_mentions><user_mentions><indices><indices>0</indices><indices>14</indices></indices><id_str>161036149</id_str><name>Jen</name><id>161036149</id><screen_name>thechatterpie</screen_name></user_mentions></user_mentions><urls/></twitter_entities><objectType>activity</objectType><platform>twitter</platform><posted_date>2012-03-28</posted_date><followers>249</followers><statuses>1744</statuses><region>N.A.</region></marklogic>