<?xml version="1.0" encoding="UTF-8"?>
<marklogic><id>tag:search.twitter.com,2005:185067424863895552</id><type>P</type><type>P</type><body>#IfIMeetJustinBieber i would probably <adverse_event>Faint</adverse_event> then just cry and maybe then he would <product_name company="Unilever">Comfort</product_name> me and we could get married and he  would be..</body><verb>post</verb><link>http://twitter.com/Jess__X/statuses/185067424863895552</link><generator><link>http://twitter.com</link><displayName>web</displayName></generator><postedTime>2012-03-28T18:14:47.000Z</postedTime><provider><link>http://www.twitter.com</link><displayName>Twitter</displayName><objectType>service</objectType></provider><object><summary>#IfIMeetJustinBieber i would probably faint then just cry and maybe then he would comfort me and we could get married and he  would be..</summary><id>object:search.twitter.com,2005:185067424863895552</id><link>http://twitter.com/Jess__X/statuses/185067424863895552</link><postedTime>2012-03-28T18:14:47.000Z</postedTime><objectType>note</objectType></object><actor><summary>i love my niggas </summary><twitterTimeZone>Dublin</twitterTimeZone><friendsCount>122</friendsCount><location><displayName>niggaland with @rossa_mckenna</displayName><objectType>place</objectType></location><link>http://www.twitter.com/Jess__X</link><postedTime>2010-08-11T17:43:46.000Z</postedTime><image>http://a0.twimg.com/profile_images/1954542267/image_normal.jpg</image><links><links><rel>me</rel><href>http://velvet-princess.tumblr.com</href></links></links><listedCount>154</listedCount><id>id:twitter.com:177261811</id><languages><languages>en</languages></languages><utcOffset>0</utcOffset><followersCount>591</followersCount><preferredUsername>Jess__X</preferredUsername><displayName>Jess™</displayName><statusesCount>21748</statusesCount><objectType>person</objectType></actor><twitter_entities><hashtags><hashtags><text>IfIMeetJustinBieber</text><indices><indices>0</indices><indices>20</indices></indices></hashtags></hashtags><user_mentions/><urls/></twitter_entities><objectType>activity</objectType><platform>twitter</platform><posted_date>2012-03-28</posted_date><followers>591</followers><statuses>21748</statuses><region>Dublin</region></marklogic>