<?xml version="1.0" encoding="UTF-8"?>
<marklogic><id>tag:search.twitter.com,2005:185039386168147968</id><type>P</type><type>P</type><body><product_name company="GlaxoSmithKline">Panadol</product_name> <adverse_event>Convulsions</adverse_event> http://t.co/tj691dsy</body><verb>post</verb><link>http://twitter.com/jewedegusokyx/statuses/185039386168147968</link><generator><link>http://twitter.com</link><displayName>web</displayName></generator><postedTime>2012-03-28T16:23:22.000Z</postedTime><provider><link>http://www.twitter.com</link><displayName>Twitter</displayName><objectType>service</objectType></provider><object><summary>panadol convulsions http://t.co/tj691dsy</summary><id>object:search.twitter.com,2005:185039386168147968</id><link>http://twitter.com/jewedegusokyx/statuses/185039386168147968</link><postedTime>2012-03-28T16:23:22.000Z</postedTime><objectType>note</objectType></object><actor><summary>My favorite movies -  and . Describe myself - muzzled,reserve and coyness.&#13;</summary><twitterTimeZone/><friendsCount>32</friendsCount><location><displayName>United States</displayName><objectType>place</objectType></location><link>http://www.twitter.com/jewedegusokyx</link><postedTime>2012-02-06T22:07:45.000Z</postedTime><image>http://a0.twimg.com/profile_images/1812675950/1006_normal.gif</image><links><links><rel>me</rel><href/></links></links><listedCount>0</listedCount><id>id:twitter.com:485157270</id><languages><languages>pt</languages></languages><utcOffset/><followersCount>14</followersCount><preferredUsername>jewedegusokyx</preferredUsername><displayName>persaud</displayName><statusesCount>155</statusesCount><objectType>person</objectType></actor><twitter_entities><hashtags/><user_mentions/><urls><urls><indices><indices>20</indices><indices>40</indices></indices><expanded_url>http://panadol-convulsions.cheapillsshop.com</expanded_url><display_url>panadol-convulsions.cheapillsshop.com</display_url><url>http://t.co/tj691dsy</url></urls></urls></twitter_entities><objectType>activity</objectType><platform>twitter</platform><posted_date>2012-03-28</posted_date><followers>14</followers><statuses>155</statuses><region>N.A.</region></marklogic>