<?xml version="1.0" encoding="UTF-8"?>
<marklogic><id>tag:search.twitter.com,2005:185044975799640064</id><type>P</type><type>P</type><inReplyTo><link>http://twitter.com/ArnieEtc/statuses/185043830532345856</link></inReplyTo><body>@ArnieEtc @iPAGme Oh, I know the <adverse_event>Spot</adverse_event>. In between McVities factory &amp; student <product_name company="Cadbury">Halls</product_name>/flats?</body><verb>post</verb><link>http://twitter.com/molesworth_1/statuses/185044975799640064</link><generator><link>http://seesmic.com/</link><displayName>Seesmic</displayName></generator><postedTime>2012-03-28T16:45:34.000Z</postedTime><provider><link>http://www.twitter.com</link><displayName>Twitter</displayName><objectType>service</objectType></provider><object><summary>@ArnieEtc @iPAGme Oh, I know the spot. In between McVities factory &amp; student halls/flats?</summary><id>object:search.twitter.com,2005:185044975799640064</id><link>http://twitter.com/molesworth_1/statuses/185044975799640064</link><postedTime>2012-03-28T16:45:34.000Z</postedTime><objectType>note</objectType></object><actor><summary/><twitterTimeZone>London</twitterTimeZone><friendsCount>1798</friendsCount><location><displayName>st custards</displayName><objectType>place</objectType></location><link>http://www.twitter.com/molesworth_1</link><postedTime>2008-03-05T22:07:22.000Z</postedTime><image>http://a0.twimg.com/profile_images/783035706/nigel_molesworth_normal.GIF</image><links><links><rel>me</rel><href>http://tinyurl.com/ydrj9nr</href></links></links><listedCount>41</listedCount><id>id:twitter.com:14085367</id><languages><languages>en</languages></languages><utcOffset>0</utcOffset><followersCount>759</followersCount><preferredUsername>molesworth_1</preferredUsername><displayName>molesworth_1</displayName><statusesCount>25561</statusesCount><objectType>person</objectType></actor><twitter_entities><hashtags/><urls/><user_mentions><user_mentions><indices><indices>0</indices><indices>9</indices></indices><id_str>65364994</id_str><name>Arnie</name><id>65364994</id><screen_name>ArnieEtc</screen_name></user_mentions><user_mentions><indices><indices>10</indices><indices>17</indices></indices><id_str>303988570</id_str><name> iPAG™ ☮</name><id>303988570</id><screen_name>iPAGme</screen_name></user_mentions></user_mentions></twitter_entities><objectType>activity</objectType><platform>twitter</platform><posted_date>2012-03-28</posted_date><followers>759</followers><statuses>25561</statuses><region>London</region></marklogic>