<?xml version="1.0" encoding="UTF-8"?>
<marklogic><id>tag:search.twitter.com,2005:185045139994066946</id><type>P</type><type>P</type><body><product_name company="Cadbury">Halls</product_name> <adverse_event>Cough</adverse_event> drops taste like medicated shit. I don't actually know what shit tastes like, obviously, but really, they're fucking gross.</body><verb>post</verb><link>http://twitter.com/_megspace/statuses/185045139994066946</link><generator><link>http://twitter.com/download/android</link><displayName>Twitter for Android</displayName></generator><postedTime>2012-03-28T16:46:14.000Z</postedTime><provider><link>http://www.twitter.com</link><displayName>Twitter</displayName><objectType>service</objectType></provider><object><summary>Halls cough drops taste like medicated shit. I don't actually know what shit tastes like, obviously, but really, they're fucking gross.</summary><id>object:search.twitter.com,2005:185045139994066946</id><link>http://twitter.com/_megspace/statuses/185045139994066946</link><postedTime>2012-03-28T16:46:14.000Z</postedTime><objectType>note</objectType></object><actor><summary>It's always easier to try and find a way out, to leave it all behind and hope the world disappears. I rant a lot and stay sober.</summary><twitterTimeZone>Pacific Time (US &amp; Canada)</twitterTimeZone><friendsCount>568</friendsCount><location><displayName>California</displayName><objectType>place</objectType></location><link>http://www.twitter.com/_megspace</link><postedTime>2010-06-23T05:20:06.000Z</postedTime><image>http://a0.twimg.com/profile_images/1960162701/y7N1YDXX_normal</image><links><links><rel>me</rel><href>http://sinkinglikeawreck.tumblr.com</href></links></links><listedCount>7</listedCount><id>id:twitter.com:158627869</id><languages><languages>en</languages></languages><utcOffset>-28800</utcOffset><followersCount>1003</followersCount><preferredUsername>_megspace</preferredUsername><displayName>Meghan</displayName><statusesCount>26232</statusesCount><objectType>person</objectType></actor><twitter_entities><hashtags/><user_mentions/><urls/></twitter_entities><objectType>activity</objectType><platform>twitter</platform><posted_date>2012-03-28</posted_date><followers>1003</followers><statuses>26232</statuses><region>Pacific</region></marklogic>