<?xml version="1.0" encoding="UTF-8"?>
<marklogic><id>tag:search.twitter.com,2005:187180120535089152</id><type>P</type><type>P</type><body>Vitamin Water Zero XXX and 3 <product_name company="Wyeth">Advil</product_name> should put you back on top! RT @BRossayy Guess I'm sober now. Here comes the #<adverse_event>Headache</adverse_event></body><verb>post</verb><location><geo><type>Polygon</type><coordinates><coordinates><coordinates><coordinates>-75.789131</coordinates><coordinates>39.642526</coordinates></coordinates><coordinates><coordinates>-75.723329</coordinates><coordinates>39.642526</coordinates></coordinates><coordinates><coordinates>-75.723329</coordinates><coordinates>39.715118</coordinates></coordinates><coordinates><coordinates>-75.789131</coordinates><coordinates>39.715118</coordinates></coordinates></coordinates></coordinates></geo><link>http://api.twitter.com/1/geo/id/23aaa87ea90e76a4.json</link><name>Newark</name><displayName>Newark, DE</displayName><country_code>United States</country_code><objectType>place</objectType></location><link>http://twitter.com/MikeyMc23/statuses/187180120535089152</link><generator><link>http://twitter.com</link><displayName>web</displayName></generator><postedTime>2012-04-03T14:09:53.000Z</postedTime><provider><link>http://www.twitter.com</link><displayName>Twitter</displayName><objectType>service</objectType></provider><object><summary>Vitamin Water Zero XXX and 3 Advil should put you back on top! RT @BRossayy Guess I'm sober now. Here comes the #headache</summary><id>object:search.twitter.com,2005:187180120535089152</id><link>http://twitter.com/MikeyMc23/statuses/187180120535089152</link><postedTime>2012-04-03T14:09:53.000Z</postedTime><objectType>note</objectType></object><actor><summary>Real knowledge is to know the extent of one’s ignorance.&#13;
</summary><twitterTimeZone>Eastern Time (US &amp; Canada)</twitterTimeZone><friendsCount>56</friendsCount><location><displayName>Wilmington, DE</displayName><objectType>place</objectType></location><link>http://www.twitter.com/MikeyMc23</link><postedTime>2012-02-23T20:07:37.000Z</postedTime><image>http://a0.twimg.com/profile_images/1848871533/cropped1_normal.JPG</image><links><links><rel>me</rel><href>http://www.facebook.com/mike.mccallister</href></links></links><listedCount>0</listedCount><id>id:twitter.com:501107447</id><languages><languages>en</languages></languages><utcOffset>-18000</utcOffset><followersCount>16</followersCount><preferredUsername>MikeyMc23</preferredUsername><displayName>Mike McCallister</displayName><statusesCount>189</statusesCount><objectType>person</objectType></actor><twitter_entities><hashtags><hashtags><text>headache</text><indices><indices>112</indices><indices>121</indices></indices></hashtags></hashtags><urls/><user_mentions><user_mentions><indices><indices>66</indices><indices>75</indices></indices><screen_name>BRossayy</screen_name><name>Brian Rossi</name><id_str>261954822</id_str><id>261954822</id></user_mentions></user_mentions></twitter_entities><objectType>activity</objectType><platform>twitter</platform><posted_date>2012-04-03</posted_date><followers>16</followers><statuses>189</statuses><region>Eastern</region></marklogic>