<?xml version="1.0" encoding="UTF-8"?>
<marklogic><id>tag:search.twitter.com,2005:185063759365148672</id><type>P</type><type>P</type><body><product_name company="Wyeth">Dimetapp</product_name> Children's <adverse_event>Cold</adverse_event> &amp; Allergy Medicine - 8 Fl. Oz., 2 pk.: Help relieve your little one's stuffy, runny nos... http://t.co/o4epfBEI</body><verb>post</verb><link>http://twitter.com/Kaylee8912/statuses/185063759365148672</link><generator><link>http://twitterfeed.com</link><displayName>twitterfeed</displayName></generator><postedTime>2012-03-28T18:00:13.000Z</postedTime><provider><link>http://www.twitter.com</link><displayName>Twitter</displayName><objectType>service</objectType></provider><object><summary>Dimetapp Children's Cold &amp; Allergy Medicine - 8 Fl. Oz., 2 pk.: Help relieve your little one's stuffy, runny nos... http://t.co/o4epfBEI</summary><id>object:search.twitter.com,2005:185063759365148672</id><link>http://twitter.com/Kaylee8912/statuses/185063759365148672</link><postedTime>2012-03-28T18:00:13.000Z</postedTime><objectType>note</objectType></object><actor><summary/><twitterTimeZone/><friendsCount>0</friendsCount><link>http://www.twitter.com/Kaylee8912</link><postedTime>2012-03-13T18:54:15.000Z</postedTime><image>http://a0.twimg.com/profile_images/1894588878/USA_girl_Alessandra_Ambrosio_catch_her_boobs_normal.jpg</image><links><links><rel>me</rel><href/></links></links><listedCount>0</listedCount><id>id:twitter.com:523554478</id><languages><languages>en</languages></languages><utcOffset/><followersCount>313</followersCount><preferredUsername>Kaylee8912</preferredUsername><displayName>Kaylee</displayName><statusesCount>13032</statusesCount><objectType>person</objectType></actor><twitter_entities><hashtags/><user_mentions/><urls><urls><indices><indices>116</indices><indices>136</indices></indices><expanded_url>http://amzn.to/u2MWuT</expanded_url><display_url>amzn.to/u2MWuT</display_url><url>http://t.co/o4epfBEI</url></urls></urls></twitter_entities><objectType>activity</objectType><platform>twitter</platform><posted_date>2012-03-28</posted_date><followers>313</followers><statuses>13032</statuses><region>N.A.</region></marklogic>