<?xml version="1.0" encoding="UTF-8"?>
<marklogic><id>tag:search.twitter.com,2005:185038815449202689</id><type>P</type><type>P</type><inReplyTo><link>http://twitter.com/___Kaboom/statuses/185022709065986048</link></inReplyTo><body>@___<product_name company="Church - Dwight">Kaboom</product_name> don't be catching no <adverse_event>Cold</adverse_event>! &amp;gt;_&amp;lt;</body><verb>post</verb><link>http://twitter.com/tgiPrince/statuses/185038815449202689</link><generator><link>http://blackberry.com/twitter</link><displayName>Twitter for BlackBerry®</displayName></generator><postedTime>2012-03-28T16:21:06.000Z</postedTime><provider><link>http://www.twitter.com</link><displayName>Twitter</displayName><objectType>service</objectType></provider><object><summary>@___Kaboom don't be catching no cold! &amp;gt;_&amp;lt;</summary><id>object:search.twitter.com,2005:185038815449202689</id><link>http://twitter.com/tgiPrince/statuses/185038815449202689</link><postedTime>2012-03-28T16:21:06.000Z</postedTime><objectType>note</objectType></object><actor><summary>THANK GOD IT'S PRINCE</summary><twitterTimeZone>Alaska</twitterTimeZone><friendsCount>197</friendsCount><location><displayName>#NoDaysOff</displayName><objectType>place</objectType></location><link>http://www.twitter.com/tgiPrince</link><postedTime>2009-09-09T07:37:43.000Z</postedTime><image>http://a0.twimg.com/profile_images/1974972855/IMG-20120327-00624_normal.jpg</image><links><links><rel>me</rel><href/></links></links><listedCount>2</listedCount><id>id:twitter.com:72795622</id><languages><languages>en</languages></languages><utcOffset>-32400</utcOffset><followersCount>171</followersCount><preferredUsername>tgiPrince</preferredUsername><displayName>Fats Hicks</displayName><statusesCount>7396</statusesCount><objectType>person</objectType></actor><twitter_entities><hashtags/><user_mentions><user_mentions><indices><indices>0</indices><indices>10</indices></indices><name>KourtneyWitaK</name><id_str>25863275</id_str><id>25863275</id><screen_name>___Kaboom</screen_name></user_mentions></user_mentions><urls/></twitter_entities><objectType>activity</objectType><platform>twitter</platform><posted_date>2012-03-28</posted_date><followers>171</followers><statuses>7396</statuses><region>Alaska</region></marklogic>