<?xml version="1.0" encoding="UTF-8"?>
<marklogic><id>tag:search.twitter.com,2005:185082870455480320</id><type>P</type><type>P</type><body>Just purchased some <product_name company="Wyeth">Robitussin</product_name>. Fuck this <adverse_event>Cough</adverse_event>.</body><verb>post</verb><link>http://twitter.com/MashPotadoughs/statuses/185082870455480320</link><generator><link>http://www.echofon.com/</link><displayName>Echofon</displayName></generator><postedTime>2012-03-28T19:16:09.000Z</postedTime><provider><link>http://www.twitter.com</link><displayName>Twitter</displayName><objectType>service</objectType></provider><object><summary>Just purchased some Robitussin. Fuck this cough.</summary><id>object:search.twitter.com,2005:185082870455480320</id><link>http://twitter.com/MashPotadoughs/statuses/185082870455480320</link><postedTime>2012-03-28T19:16:09.000Z</postedTime><objectType>note</objectType></object><actor><summary>When I tweet, you tweet. Just like that.</summary><twitterTimeZone>Eastern Time (US &amp; Canada)</twitterTimeZone><friendsCount>179</friendsCount><location><displayName>Delaware</displayName><objectType>place</objectType></location><link>http://www.twitter.com/MashPotadoughs</link><postedTime>2009-04-09T18:01:59.000Z</postedTime><image>http://a0.twimg.com/profile_images/1848139277/image_normal.jpg</image><links><links><rel>me</rel><href/></links></links><listedCount>1</listedCount><id>id:twitter.com:30032054</id><languages><languages>en</languages></languages><utcOffset>-18000</utcOffset><followersCount>127</followersCount><preferredUsername>MashPotadoughs</preferredUsername><displayName>AnastasiaBeaverhausn</displayName><statusesCount>9151</statusesCount><objectType>person</objectType></actor><twitter_entities><hashtags/><user_mentions/><urls/></twitter_entities><objectType>activity</objectType><platform>twitter</platform><posted_date>2012-03-28</posted_date><followers>127</followers><statuses>9151</statuses><region>Eastern</region></marklogic>