<?xml version="1.0" encoding="UTF-8"?>
<marklogic><id>tag:search.twitter.com,2005:185078849174908928</id><type>P</type><type>P</type><body>@DEALGuruMY_KL 72%  Homemade Bread + Hot or <adverse_event>Cold</adverse_event> Beverage @ Bread &amp; Butter (<product_name company="GlaxoSmithKline">Viva</product_name> Home ... http://t.co/SQkJFDUM</body><verb>post</verb><link>http://twitter.com/dealshelve/statuses/185078849174908928</link><generator><link>http://dealshelve.com</link><displayName>dealshelve</displayName></generator><postedTime>2012-03-28T19:00:10.000Z</postedTime><provider><link>http://www.twitter.com</link><displayName>Twitter</displayName><objectType>service</objectType></provider><object><summary>@DEALGuruMY_KL 72% OFF Homemade Bread + Hot or Cold Beverage @ Bread &amp; Butter (Viva Home ... http://t.co/SQkJFDUM</summary><id>object:search.twitter.com,2005:185078849174908928</id><link>http://twitter.com/dealshelve/statuses/185078849174908928</link><postedTime>2012-03-28T19:00:10.000Z</postedTime><objectType>note</objectType></object><actor><summary>Dealshelve allows you to see latest deals from popular group buying websites in Malaysia, Philippines and Singapore without having to visit them individually.</summary><twitterTimeZone>Kuala Lumpur</twitterTimeZone><friendsCount>467</friendsCount><location><displayName>Penang, Malaysia</displayName><objectType>place</objectType></location><link>http://www.twitter.com/dealshelve</link><postedTime>2011-03-28T14:18:53.000Z</postedTime><image>http://a0.twimg.com/profile_images/1352753481/ds_app_normal.png</image><links><links><rel>me</rel><href>http://dealshelve.com</href></links></links><listedCount>31</listedCount><id>id:twitter.com:273446132</id><languages><languages>en</languages></languages><utcOffset>28800</utcOffset><followersCount>2246</followersCount><preferredUsername>dealshelve</preferredUsername><displayName>Dealshelve ★</displayName><statusesCount>16567</statusesCount><objectType>person</objectType></actor><twitter_entities><hashtags/><user_mentions><user_mentions><indices><indices>0</indices><indices>14</indices></indices><id_str>296067365</id_str><name>MyDEAL.com.my</name><id>296067365</id><screen_name>DEALGuruMY_KL</screen_name></user_mentions></user_mentions><urls><urls><indices><indices>93</indices><indices>113</indices></indices><expanded_url>http://dealshelve.com/malaysia/deal/15617/</expanded_url><display_url>dealshelve.com/malaysia/deal/…</display_url><url>http://t.co/SQkJFDUM</url></urls></urls></twitter_entities><objectType>activity</objectType><platform>twitter</platform><posted_date>2012-03-28</posted_date><followers>2246</followers><statuses>16567</statuses><region>Kuala</region></marklogic>