<?xml version="1.0" encoding="UTF-8"?>
<marklogic><id>tag:search.twitter.com,2005:185073141347909632</id><type>P</type><type>P</type><body><adverse_event>Cold</adverse_event> water does wonders for fresh stains. Pre-soak, <product_name company="SC Johnson">Shout</product_name>, scrub and rinse.</body><verb>post</verb><link>http://twitter.com/thoughtMD/statuses/185073141347909632</link><generator><link>http://www.echofon.com/</link><displayName>Echofon</displayName></generator><postedTime>2012-03-28T18:37:30.000Z</postedTime><provider><link>http://www.twitter.com</link><displayName>Twitter</displayName><objectType>service</objectType></provider><object><summary>Cold water does wonders for fresh stains. Pre-soak, Shout, scrub and rinse.</summary><id>object:search.twitter.com,2005:185073141347909632</id><link>http://twitter.com/thoughtMD/statuses/185073141347909632</link><postedTime>2012-03-28T18:37:30.000Z</postedTime><objectType>note</objectType></object><actor><summary>Kent. PR major.</summary><twitterTimeZone>Eastern Time (US &amp; Canada)</twitterTimeZone><friendsCount>381</friendsCount><location><displayName>United States</displayName><objectType>place</objectType></location><link>http://www.twitter.com/thoughtMD</link><postedTime>2009-02-28T23:53:29.000Z</postedTime><image>http://a0.twimg.com/profile_images/1379431131/Optimized-054_normal.JPG</image><links><links><rel>me</rel><href/></links></links><listedCount>1</listedCount><id>id:twitter.com:22310427</id><languages><languages>en</languages></languages><utcOffset>-18000</utcOffset><followersCount>381</followersCount><preferredUsername>thoughtMD</preferredUsername><displayName>Basquiat Donaldson</displayName><statusesCount>10586</statusesCount><objectType>person</objectType></actor><twitter_entities><hashtags/><user_mentions/><urls/></twitter_entities><objectType>activity</objectType><platform>twitter</platform><posted_date>2012-03-28</posted_date><followers>381</followers><statuses>10586</statuses><region>Eastern</region></marklogic>