<?xml version="1.0" encoding="UTF-8"?>
<marklogic><id>tag:search.twitter.com,2005:185067347399282689</id><type>P</type><type>P</type><inReplyTo><link>http://twitter.com/JenJoEliz/statuses/185066857185804289</link></inReplyTo><body>@JenJoEliz am hevy <adverse_event>Burnt</adverse_event> should see ma <product_name company="GlaxoSmithKline">Beano</product_name>! hwfgggggggg #tapsaff</body><verb>post</verb><link>http://twitter.com/joewynne23/statuses/185067347399282689</link><generator><link>http://twitter.com</link><displayName>web</displayName></generator><postedTime>2012-03-28T18:14:28.000Z</postedTime><provider><link>http://www.twitter.com</link><displayName>Twitter</displayName><objectType>service</objectType></provider><object><summary>@JenJoEliz am hevy burnt should see ma beano! hwfgggggggg #tapsaff</summary><id>object:search.twitter.com,2005:185067347399282689</id><link>http://twitter.com/joewynne23/statuses/185067347399282689</link><postedTime>2012-03-28T18:14:28.000Z</postedTime><objectType>note</objectType></object><actor><summary>18; at college; aff the bevy! HAHAAH new twitter follow me! </summary><twitterTimeZone/><friendsCount>85</friendsCount><location><displayName>Glasgow</displayName><objectType>place</objectType></location><link>http://www.twitter.com/joewynne23</link><postedTime>2011-11-19T08:39:34.000Z</postedTime><image>http://a0.twimg.com/profile_images/1646499118/frostyyyyyy_20jacks___20hwg_normal.jpg</image><links><links><rel>me</rel><href/></links></links><listedCount>0</listedCount><id>id:twitter.com:416137684</id><languages><languages>en</languages></languages><utcOffset/><followersCount>28</followersCount><preferredUsername>joewynne23</preferredUsername><displayName>joe wynne</displayName><statusesCount>219</statusesCount><objectType>person</objectType></actor><twitter_entities><hashtags><hashtags><text>tapsaff</text><indices><indices>58</indices><indices>66</indices></indices></hashtags></hashtags><user_mentions><user_mentions><indices><indices>0</indices><indices>10</indices></indices><id_str>236431017</id_str><name>Jennifer Johanna </name><id>236431017</id><screen_name>JenJoEliz</screen_name></user_mentions></user_mentions><urls/></twitter_entities><objectType>activity</objectType><platform>twitter</platform><posted_date>2012-03-28</posted_date><followers>28</followers><statuses>219</statuses><region>N.A.</region></marklogic>