<?xml version="1.0" encoding="UTF-8"?>
<marklogic><id>tag:search.twitter.com,2005:185049116877922306</id><type>P</type><type>P</type><body>You'd think I'm a 65 year old man with <adverse_event>Indigestion</adverse_event> from the rate at which I consume <product_name company="GlaxoSmithKline">Tums</product_name> #attractive</body><verb>post</verb><link>http://twitter.com/kldulfer/statuses/185049116877922306</link><generator><link>http://twitter.com</link><displayName>web</displayName></generator><postedTime>2012-03-28T17:02:02.000Z</postedTime><provider><link>http://www.twitter.com</link><displayName>Twitter</displayName><objectType>service</objectType></provider><object><summary>You'd think I'm a 65 year old man with indigestion from the rate at which I consume tums #attractive</summary><id>object:search.twitter.com,2005:185049116877922306</id><link>http://twitter.com/kldulfer/statuses/185049116877922306</link><postedTime>2012-03-28T17:02:02.000Z</postedTime><objectType>note</objectType></object><actor><summary/><twitterTimeZone>Mountain Time (US &amp; Canada)</twitterTimeZone><friendsCount>43</friendsCount><location><displayName>Urbana, Illinois</displayName><objectType>place</objectType></location><link>http://www.twitter.com/kldulfer</link><postedTime>2011-12-27T18:41:38.000Z</postedTime><image>http://a0.twimg.com/profile_images/1717933498/me_normal.jpg</image><links><links><rel>me</rel><href/></links></links><listedCount>0</listedCount><id>id:twitter.com:448197128</id><languages><languages>en</languages></languages><utcOffset>-25200</utcOffset><followersCount>26</followersCount><preferredUsername>kldulfer</preferredUsername><displayName>Katie Dulfer</displayName><statusesCount>122</statusesCount><objectType>person</objectType></actor><twitter_entities><hashtags><hashtags><text>attractive</text><indices><indices>89</indices><indices>100</indices></indices></hashtags></hashtags><urls/><user_mentions/></twitter_entities><objectType>activity</objectType><platform>twitter</platform><posted_date>2012-03-28</posted_date><followers>26</followers><statuses>122</statuses><region>Mountain</region></marklogic>