<?xml version="1.0" encoding="UTF-8"?>
<marklogic><id>tag:search.twitter.com,2005:185081135401938945</id><type>P</type><type>P</type><inReplyTo><link>http://twitter.com/MitchNYM/statuses/185081051528441856</link></inReplyTo><body>@MitchNYM <product_name company="P&amp;G">Vicks</product_name> on your FEET? for a <adverse_event>COLD</adverse_event>?</body><verb>post</verb><link>http://twitter.com/JedSmed/statuses/185081135401938945</link><generator><link>http://www.tweetdeck.com</link><displayName>TweetDeck</displayName></generator><postedTime>2012-03-28T19:09:15.000Z</postedTime><provider><link>http://www.twitter.com</link><displayName>Twitter</displayName><objectType>service</objectType></provider><object><summary>@MitchNYM Vicks on your FEET? for a COLD?</summary><id>object:search.twitter.com,2005:185081135401938945</id><link>http://twitter.com/JedSmed/statuses/185081135401938945</link><postedTime>2012-03-28T19:09:15.000Z</postedTime><objectType>note</objectType></object><actor><summary>King of all #Mets hashtags.&#13;
&#13;
A mystery wrapped in bacon, dipped in nonsense. &#13;
&#13;
As seen on MetsBlog.com, ESPNNY.com, NYDailyNews.com</summary><twitterTimeZone>Eastern Time (US &amp; Canada)</twitterTimeZone><friendsCount>1438</friendsCount><location><displayName>Big Beaver, PA</displayName><objectType>place</objectType></location><link>http://www.twitter.com/JedSmed</link><postedTime>2009-12-08T21:39:58.000Z</postedTime><image>http://a0.twimg.com/profile_images/1816444162/renavatar4_normal.jpg</image><links><links><rel>me</rel><href>http://favstar.fm/users/JedSmed</href></links></links><listedCount>59</listedCount><id>id:twitter.com:95508601</id><languages><languages>en</languages></languages><utcOffset>-18000</utcOffset><followersCount>1273</followersCount><preferredUsername>JedSmed</preferredUsername><displayName>Jed Smedredroved</displayName><statusesCount>42133</statusesCount><objectType>person</objectType></actor><twitter_entities><hashtags/><user_mentions><user_mentions><indices><indices>0</indices><indices>9</indices></indices><id_str>254170527</id_str><name>Mitch R.</name><id>254170527</id><screen_name>MitchNYM</screen_name></user_mentions></user_mentions><urls/></twitter_entities><objectType>activity</objectType><platform>twitter</platform><posted_date>2012-03-28</posted_date><followers>1273</followers><statuses>42133</statuses><region>Eastern</region></marklogic>