<?xml version="1.0" encoding="UTF-8"?>
<marklogic><id>tag:search.twitter.com,2005:185034615407390720</id><type>P</type><type>P</type><inReplyTo><link>http://twitter.com/aimeeethomasx/statuses/185034281318498304</link></inReplyTo><body>@aimeeethomasx i know:( <adverse_event>Too hot</adverse_event> to wear make up to cover them! yesss what a <product_name company="SC Johnson">Shout</product_name>,nandos..</body><verb>post</verb><link>http://twitter.com/georgiaaacritch/statuses/185034615407390720</link><generator><link>http://twitter.com/#!/download/iphone</link><displayName>Twitter for iPhone</displayName></generator><postedTime>2012-03-28T16:04:24.000Z</postedTime><provider><link>http://www.twitter.com</link><displayName>Twitter</displayName><objectType>service</objectType></provider><object><summary>@aimeeethomasx i know:( too hot to wear make up to cover them! yesss what a shout,nandos..</summary><id>object:search.twitter.com,2005:185034615407390720</id><link>http://twitter.com/georgiaaacritch/statuses/185034615407390720</link><postedTime>2012-03-28T16:04:24.000Z</postedTime><objectType>note</objectType></object><actor><summary/><twitterTimeZone>Lisbon</twitterTimeZone><friendsCount>278</friendsCount><location><displayName>wales</displayName><objectType>place</objectType></location><link>http://www.twitter.com/georgiaaacritch</link><postedTime>2010-12-05T19:04:43.000Z</postedTime><image>http://a0.twimg.com/profile_images/1846906703/image_normal.jpg</image><links><links><rel>me</rel><href/></links></links><listedCount>0</listedCount><id>id:twitter.com:223217888</id><languages><languages>en</languages></languages><utcOffset>0</utcOffset><followersCount>339</followersCount><preferredUsername>georgiaaacritch</preferredUsername><displayName>georgia critcher</displayName><statusesCount>1880</statusesCount><objectType>person</objectType></actor><twitter_entities><hashtags/><user_mentions><user_mentions><indices><indices>0</indices><indices>14</indices></indices><name>aimée thomas</name><id_str>42072481</id_str><id>42072481</id><screen_name>aimeeethomasx</screen_name></user_mentions></user_mentions><urls/></twitter_entities><objectType>activity</objectType><platform>twitter</platform><posted_date>2012-03-28</posted_date><followers>339</followers><statuses>1880</statuses><region>Lisbon</region></marklogic>