<?xml version="1.0" encoding="UTF-8"?>
<marklogic><id>tag:search.twitter.com,2005:185046068248051712</id><type>P</type><type>P</type><body>Why do I <adverse_event>Sneeze</adverse_event> when I look at <product_name company="Unilever">Sunlight</product_name>? ☀</body><verb>post</verb><link>http://twitter.com/KPursifull/statuses/185046068248051712</link><generator><link>http://twitter.com/#!/download/iphone</link><displayName>Twitter for iPhone</displayName></generator><postedTime>2012-03-28T16:49:55.000Z</postedTime><provider><link>http://www.twitter.com</link><displayName>Twitter</displayName><objectType>service</objectType></provider><object><summary>Why do I sneeze when I look at sunlight? ☀</summary><id>object:search.twitter.com,2005:185046068248051712</id><link>http://twitter.com/KPursifull/statuses/185046068248051712</link><postedTime>2012-03-28T16:49:55.000Z</postedTime><objectType>note</objectType></object><actor><summary>kaitpursiiiii✌❤</summary><twitterTimeZone/><friendsCount>165</friendsCount><location><displayName>Sarasota, FL</displayName><objectType>place</objectType></location><link>http://www.twitter.com/KPursifull</link><postedTime>2011-09-19T00:52:58.000Z</postedTime><image>http://a0.twimg.com/profile_images/1923831033/image_normal.jpg</image><links><links><rel>me</rel><href/></links></links><listedCount>0</listedCount><id>id:twitter.com:375937605</id><languages><languages>en</languages></languages><utcOffset/><followersCount>112</followersCount><preferredUsername>KPursifull</preferredUsername><displayName>Kaitlyn Pursifull</displayName><statusesCount>288</statusesCount><objectType>person</objectType></actor><twitter_entities><hashtags/><user_mentions/><urls/></twitter_entities><objectType>activity</objectType><platform>twitter</platform><posted_date>2012-03-28</posted_date><followers>112</followers><statuses>288</statuses><region>N.A.</region></marklogic>