<?xml version="1.0" encoding="UTF-8"?>
<marklogic><id>tag:search.twitter.com,2005:185066128802988032</id><type>P</type><type>P</type><body>guitar in one hand, <adverse_event>Cold</adverse_event> <product_name company="Coca Cola">Coke</product_name> in the other</body><verb>post</verb><link>http://twitter.com/emilihone/statuses/185066128802988032</link><generator><link>http://www.echofon.com/</link><displayName>Echofon</displayName></generator><postedTime>2012-03-28T18:09:38.000Z</postedTime><provider><link>http://www.twitter.com</link><displayName>Twitter</displayName><objectType>service</objectType></provider><object><summary>guitar in one hand, cold coke in the other</summary><id>object:search.twitter.com,2005:185066128802988032</id><link>http://twitter.com/emilihone/statuses/185066128802988032</link><postedTime>2012-03-28T18:09:38.000Z</postedTime><objectType>note</objectType></object><actor><summary>I find ready salted pringles deeply unsatisfying and I sing things
</summary><twitterTimeZone>London</twitterTimeZone><friendsCount>95</friendsCount><location><displayName>Kent</displayName><objectType>place</objectType></location><link>http://www.twitter.com/emilihone</link><postedTime>2009-03-21T19:06:29.000Z</postedTime><image>http://a0.twimg.com/profile_images/1702917389/emilihone_normal.jpg</image><links><links><rel>me</rel><href>http://www.YouTube.com/emilihone</href></links></links><listedCount>3</listedCount><id>id:twitter.com:25712969</id><languages><languages>en</languages></languages><utcOffset>0</utcOffset><followersCount>300</followersCount><preferredUsername>emilihone</preferredUsername><displayName>Emili-Jo Hone</displayName><statusesCount>6214</statusesCount><objectType>person</objectType></actor><twitter_entities><hashtags/><urls/><user_mentions/></twitter_entities><objectType>activity</objectType><platform>twitter</platform><posted_date>2012-03-28</posted_date><followers>300</followers><statuses>6214</statuses><region>London</region></marklogic>