<?xml version="1.0" encoding="UTF-8"?>
<marklogic><id>tag:search.twitter.com,2005:185062219518717953</id><type>P</type><type>P</type><body>1 yr ago today I quit smoking!
Tried Zyban, Chantix, <product_name company="GlaxoSmithKline">Nicoderm</product_name>
Hypnosis, acupuncture &amp; <adverse_event>Cold</adverse_event> Turkey. 
What motivated me? #Survivor...&#x01f3c3;☕</body><verb>post</verb><link>http://twitter.com/runswithcoffee/statuses/185062219518717953</link><generator><link>http://twitter.com/#!/download/iphone</link><displayName>Twitter for iPhone</displayName></generator><postedTime>2012-03-28T17:54:06.000Z</postedTime><provider><link>http://www.twitter.com</link><displayName>Twitter</displayName><objectType>service</objectType></provider><object><summary>1 yr ago today I quit smoking!
Tried Zyban, Chantix, Nicoderm
Hypnosis, acupuncture &amp; Cold Turkey. 
What motivated me? #Survivor...&#x01f3c3;☕</summary><id>object:search.twitter.com,2005:185062219518717953</id><link>http://twitter.com/runswithcoffee/statuses/185062219518717953</link><postedTime>2012-03-28T17:54:06.000Z</postedTime><objectType>note</objectType></object><actor><summary>Skating away on the thin ice of a new day ~ Jethro Tull: Gemini cusp Cancer. Rising sign: Starbucks. Have Kayak Will Paddle. Tournement Poker Player
</summary><twitterTimeZone/><friendsCount>81</friendsCount><location><displayName>Washington State</displayName><objectType>place</objectType></location><link>http://www.twitter.com/runswithcoffee</link><postedTime>2011-09-17T05:11:57.000Z</postedTime><image>http://a0.twimg.com/profile_images/1817827465/image_normal.jpg</image><links><links><rel>me</rel><href/></links></links><listedCount>0</listedCount><id>id:twitter.com:374906979</id><languages><languages>en</languages></languages><utcOffset/><followersCount>40</followersCount><preferredUsername>runswithcoffee</preferredUsername><displayName>Brad Baker</displayName><statusesCount>369</statusesCount><objectType>person</objectType></actor><twitter_entities><hashtags><hashtags><text>Survivor</text><indices><indices>119</indices><indices>128</indices></indices></hashtags></hashtags><urls/><user_mentions/></twitter_entities><objectType>activity</objectType><platform>twitter</platform><posted_date>2012-03-28</posted_date><followers>40</followers><statuses>369</statuses><region>N.A.</region></marklogic>