<?xml version="1.0" encoding="UTF-8"?>
<marklogic><id>tag:search.twitter.com,2005:185032940936376320</id><type>P</type><type>P</type><body>Crap! The dreaded springtime <adverse_event>Cold</adverse_event> has struck. I'm surrounded by <product_name company="Kimberly Clark">Kleenex</product_name> &amp; have the chills. Fighting back with zinc, ginger tea &amp; sleep.</body><verb>post</verb><link>http://twitter.com/SaraCsit/statuses/185032940936376320</link><generator><link>http://tapbots.com/tweetbot</link><displayName>Tweetbot for iOS</displayName></generator><postedTime>2012-03-28T15:57:45.000Z</postedTime><provider><link>http://www.twitter.com</link><displayName>Twitter</displayName><objectType>service</objectType></provider><object><summary>Crap! The dreaded springtime cold has struck. I'm surrounded by Kleenex &amp; have the chills. Fighting back with zinc, ginger tea &amp; sleep.</summary><id>object:search.twitter.com,2005:185032940936376320</id><link>http://twitter.com/SaraCsit/statuses/185032940936376320</link><postedTime>2012-03-28T15:57:45.000Z</postedTime><objectType>note</objectType></object><actor><summary>Geekette. Instigator. Fingers on the pulse of the world. CCNA holder, storyteller, reader, creative, technical writer &amp; analyst. Fun, fun, fun! </summary><twitterTimeZone>Mountain Time (US &amp; Canada)</twitterTimeZone><friendsCount>1549</friendsCount><location><displayName>Boulder, CO</displayName><objectType>place</objectType></location><link>http://www.twitter.com/SaraCsit</link><postedTime>2009-05-09T23:35:16.000Z</postedTime><image>http://a0.twimg.com/profile_images/1552361465/IMG_0831_normal.jpg</image><links><links><rel>me</rel><href>http://saracsit.tumblr.com/</href></links></links><listedCount>33</listedCount><id>id:twitter.com:38951971</id><languages><languages>en</languages></languages><utcOffset>-25200</utcOffset><followersCount>689</followersCount><preferredUsername>SaraCsit</preferredUsername><displayName>Sara Conrad</displayName><statusesCount>14406</statusesCount><objectType>person</objectType></actor><twitter_entities><hashtags/><user_mentions/><urls/></twitter_entities><objectType>activity</objectType><platform>twitter</platform><posted_date>2012-03-28</posted_date><followers>689</followers><statuses>14406</statuses><region>Mountain</region></marklogic>