<?xml version="1.0" encoding="UTF-8"?>
<marklogic><id>tag:search.twitter.com,2005:185075933185720320</id><type>P</type><type>P</type><body><adverse_event>Burned</adverse_event>  140 calories on the treadmill. Was so excited. Opened up a can of <product_name company="N.A.">Mountain Dew</product_name> and it's 170 Calories. -_____- #FeelingShitty</body><verb>post</verb><link>http://twitter.com/Allis0nTalbot/statuses/185075933185720320</link><generator><link>http://twitter.com</link><displayName>web</displayName></generator><postedTime>2012-03-28T18:48:35.000Z</postedTime><provider><link>http://www.twitter.com</link><displayName>Twitter</displayName><objectType>service</objectType></provider><object><summary>Burned off 140 calories on the treadmill. Was so excited. Opened up a can of Mountain Dew and it's 170 Calories. -_____- #FeelingShitty</summary><id>object:search.twitter.com,2005:185075933185720320</id><link>http://twitter.com/Allis0nTalbot/statuses/185075933185720320</link><postedTime>2012-03-28T18:48:35.000Z</postedTime><objectType>note</objectType></object><actor><summary>If you think you hot then obviously you lied to, we don't die we multiply and then we come divide you.</summary><twitterTimeZone/><friendsCount>72</friendsCount><location><displayName>Charlton</displayName><objectType>place</objectType></location><link>http://www.twitter.com/Allis0nTalbot</link><postedTime>2011-11-09T22:12:52.000Z</postedTime><image>http://a0.twimg.com/profile_images/1934703780/EWrGiHhx_normal.jpg</image><links><links><rel>me</rel><href/></links></links><listedCount>0</listedCount><id>id:twitter.com:408796570</id><languages><languages>en</languages></languages><utcOffset/><followersCount>130</followersCount><preferredUsername>Allis0nTalbot</preferredUsername><displayName>Allison Talbot</displayName><statusesCount>4749</statusesCount><objectType>person</objectType></actor><twitter_entities><hashtags><hashtags><text>FeelingShitty</text><indices><indices>121</indices><indices>135</indices></indices></hashtags></hashtags><user_mentions/><urls/></twitter_entities><objectType>activity</objectType><platform>twitter</platform><posted_date>2012-03-28</posted_date><followers>130</followers><statuses>4749</statuses><region>N.A.</region></marklogic>