<?xml version="1.0" encoding="UTF-8"?>
<marklogic><id>tag:search.twitter.com,2005:185046970170220545</id><type>P</type><type>P</type><inReplyTo><link>http://twitter.com/Tam07G/statuses/185045674398720001</link></inReplyTo><body>@Tam07G thinking about getting a couple of cans 2mro,will have one every now and then,you know when I get the <product_name company="Coca Cola">Coke</product_name> <adverse_event>Itch</adverse_event>,hard work this!sjoe!</body><verb>post</verb><link>http://twitter.com/jasonhorror/statuses/185046970170220545</link><generator><link>http://blackberry.com/twitter</link><displayName>Twitter for BlackBerry®</displayName></generator><postedTime>2012-03-28T16:53:30.000Z</postedTime><provider><link>http://www.twitter.com</link><displayName>Twitter</displayName><objectType>service</objectType></provider><object><summary>@Tam07G thinking about getting a couple of cans 2mro,will have one every now and then,you know when I get the coke itch,hard work this!sjoe!</summary><id>object:search.twitter.com,2005:185046970170220545</id><link>http://twitter.com/jasonhorror/statuses/185046970170220545</link><postedTime>2012-03-28T16:53:30.000Z</postedTime><objectType>note</objectType></object><actor><summary> Artist ,and a wanna be , find me on facebook jasonmichaelwills</summary><twitterTimeZone/><friendsCount>28</friendsCount><location><displayName>south africa</displayName><objectType>place</objectType></location><link>http://www.twitter.com/jasonhorror</link><postedTime>2010-05-13T05:09:07.000Z</postedTime><image>http://a0.twimg.com/profile_images/1924573257/386034_3097024426350_1286283236_3274580_1988623047_n_normal.jpg</image><links><links><rel>me</rel><href/></links></links><listedCount>0</listedCount><id>id:twitter.com:143327487</id><languages><languages>en</languages></languages><utcOffset/><followersCount>7</followersCount><preferredUsername>jasonhorror</preferredUsername><displayName>jason wills</displayName><statusesCount>72</statusesCount><objectType>person</objectType></actor><twitter_entities><hashtags/><user_mentions><user_mentions><indices><indices>0</indices><indices>7</indices></indices><name>Tam G</name><id_str>330976752</id_str><id>330976752</id><screen_name>Tam07G</screen_name></user_mentions></user_mentions><urls/></twitter_entities><objectType>activity</objectType><platform>twitter</platform><posted_date>2012-03-28</posted_date><followers>7</followers><statuses>72</statuses><region>N.A.</region></marklogic>