<?xml version="1.0" encoding="UTF-8"?>
<marklogic><id>tag:search.twitter.com,2005:185040064986882048</id><type>P</type><type>P</type><body><product_name company="Johnson - Johnson">Pepcid</product_name> for <adverse_event>Indigestion</adverse_event> http://t.co/nkPguCR7</body><verb>post</verb><link>http://twitter.com/vomizynemavib/statuses/185040064986882048</link><generator><link>http://twitter.com</link><displayName>web</displayName></generator><postedTime>2012-03-28T16:26:04.000Z</postedTime><provider><link>http://www.twitter.com</link><displayName>Twitter</displayName><objectType>service</objectType></provider><object><summary>pepcid for indigestion http://t.co/nkPguCR7</summary><id>object:search.twitter.com,2005:185040064986882048</id><link>http://twitter.com/vomizynemavib/statuses/185040064986882048</link><postedTime>2012-03-28T16:26:04.000Z</postedTime><objectType>note</objectType></object><actor><summary>My favorite movies -  and . Describe myself - dispossessed,ages and generations.&#13;</summary><twitterTimeZone/><friendsCount>27</friendsCount><location><displayName>MN&#13;</displayName><objectType>place</objectType></location><link>http://www.twitter.com/vomizynemavib</link><postedTime>2012-02-08T04:14:52.000Z</postedTime><image>http://a0.twimg.com/profile_images/1814552573/1764_normal.gif</image><links><links><rel>me</rel><href/></links></links><listedCount>0</listedCount><id>id:twitter.com:486293427</id><languages><languages>en</languages></languages><utcOffset/><followersCount>4</followersCount><preferredUsername>vomizynemavib</preferredUsername><displayName>autry</displayName><statusesCount>89</statusesCount><objectType>person</objectType></actor><twitter_entities><hashtags/><user_mentions/><urls><urls><indices><indices>23</indices><indices>43</indices></indices><expanded_url>http://pepcid-for-indigestion.cheapillsshop.com</expanded_url><display_url>…cid-for-indigestion.cheapillsshop.com</display_url><url>http://t.co/nkPguCR7</url></urls></urls></twitter_entities><objectType>activity</objectType><platform>twitter</platform><posted_date>2012-03-28</posted_date><followers>4</followers><statuses>89</statuses><region>N.A.</region></marklogic>