<?xml version="1.0" encoding="UTF-8"?>
<marklogic><id>tag:search.twitter.com,2005:185081140883898368</id><type>P</type><type>P</type><body> 2.5 Gallon CP1200HT Ultrasonic <adverse_event>Heated</adverse_event> Cleaner: New <product_name company="P&amp;G">Crest</product_name> 2.5 Gallon Powersonic Tabletop CP1200HT Ultrasoni... http://t.co/vIKH2juc</body><verb>post</verb><link>http://twitter.com/CheapWebshop11/statuses/185081140883898368</link><generator><link>http://twitterfeed.com</link><displayName>twitterfeed</displayName></generator><postedTime>2012-03-28T19:09:17.000Z</postedTime><provider><link>http://www.twitter.com</link><displayName>Twitter</displayName><objectType>service</objectType></provider><object><summary>Crest 2.5 Gallon CP1200HT Ultrasonic Heated Cleaner: New Crest 2.5 Gallon Powersonic Tabletop CP1200HT Ultrasoni... http://t.co/vIKH2juc</summary><id>object:search.twitter.com,2005:185081140883898368</id><link>http://twitter.com/CheapWebshop11/statuses/185081140883898368</link><postedTime>2012-03-28T19:09:17.000Z</postedTime><objectType>note</objectType></object><actor><summary/><twitterTimeZone/><friendsCount>0</friendsCount><link>http://www.twitter.com/CheapWebshop11</link><postedTime>2012-03-13T15:36:38.000Z</postedTime><image>http://a0.twimg.com/sticky/default_profile_images/default_profile_5_normal.png</image><links><links><rel>me</rel><href/></links></links><listedCount>0</listedCount><id>id:twitter.com:523373716</id><languages><languages>en</languages></languages><utcOffset/><followersCount>471</followersCount><preferredUsername>CheapWebshop11</preferredUsername><displayName>Jovita Alen</displayName><statusesCount>14836</statusesCount><objectType>person</objectType></actor><twitter_entities><hashtags/><user_mentions/><urls><urls><indices><indices>116</indices><indices>136</indices></indices><expanded_url>http://amzn.to/HeyOHd</expanded_url><display_url>amzn.to/HeyOHd</display_url><url>http://t.co/vIKH2juc</url></urls></urls></twitter_entities><objectType>activity</objectType><platform>twitter</platform><posted_date>2012-03-28</posted_date><followers>471</followers><statuses>14836</statuses><region>N.A.</region></marklogic>