<?xml version="1.0" encoding="UTF-8"?>
<marklogic><id>tag:search.twitter.com,2005:185082159588065280</id><type>P</type><type>P</type><body><adverse_event>Spot</adverse_event> a random girl in public. Approach her, kneel to one knee and <product_name company="SC Johnson">Shout</product_name>, "She said yes!"</body><verb>post</verb><link>http://twitter.com/yesiamPortable/statuses/185082159588065280</link><generator><link>http://twitter.com</link><displayName>web</displayName></generator><postedTime>2012-03-28T19:13:20.000Z</postedTime><provider><link>http://www.twitter.com</link><displayName>Twitter</displayName><objectType>service</objectType></provider><object><summary>Spot a random girl in public. Approach her, kneel to one knee and shout, "She said yes!"</summary><id>object:search.twitter.com,2005:185082159588065280</id><link>http://twitter.com/yesiamPortable/statuses/185082159588065280</link><postedTime>2012-03-28T19:13:20.000Z</postedTime><objectType>note</objectType></object><actor><summary>ذي فامس قصير بس يحير - In Mayland..I am the tallest person. </summary><twitterTimeZone>Greenland</twitterTimeZone><friendsCount>288</friendsCount><location><displayName>Mayland, the Pink Castle.</displayName><objectType>place</objectType></location><link>http://www.twitter.com/yesiamPortable</link><postedTime>2011-03-16T16:54:41.000Z</postedTime><image>http://a0.twimg.com/profile_images/1884228897/Image142h_normal.JPG</image><links><links><rel>me</rel><href/></links></links><listedCount>6</listedCount><id>id:twitter.com:267278740</id><languages><languages>en</languages></languages><utcOffset>-10800</utcOffset><followersCount>279</followersCount><preferredUsername>yesiamPortable</preferredUsername><displayName>May Seoud</displayName><statusesCount>8904</statusesCount><objectType>person</objectType></actor><twitter_entities><hashtags/><user_mentions/><urls/></twitter_entities><objectType>activity</objectType><platform>twitter</platform><posted_date>2012-03-28</posted_date><followers>279</followers><statuses>8904</statuses><region>Greenland</region></marklogic>