<?xml version="1.0" encoding="UTF-8"?>
<marklogic><id>tag:search.twitter.com,2005:185068769910075392</id><type>P</type><type>P</type><body>Take <product_name company="Novartis">Excedrin</product_name> Migrane, it works WONDERSS RT @Ybatoba: 2 hours 'til practice and my <adverse_event>Headache</adverse_event> still won't go away...</body><verb>post</verb><link>http://twitter.com/TiaN_B_PreS/statuses/185068769910075392</link><generator><link>http://twitter.com/download/android</link><displayName>Twitter for Android</displayName></generator><postedTime>2012-03-28T18:20:07.000Z</postedTime><provider><link>http://www.twitter.com</link><displayName>Twitter</displayName><objectType>service</objectType></provider><object><summary>Take Excedrin Migrane, it works WONDERSS RT @Ybatoba: 2 hours 'til practice and my headache still won't go away...</summary><id>object:search.twitter.com,2005:185068769910075392</id><link>http://twitter.com/TiaN_B_PreS/statuses/185068769910075392</link><postedTime>2012-03-28T18:20:07.000Z</postedTime><objectType>note</objectType></object><actor><summary>Beautifully &amp; Wonderfully Made. A creation by God. #TeamPositivity #TeamNoDrama #TeamJesus #LoveSinging #FutureOlympian #GodsProperty :)) </summary><twitterTimeZone>Central Time (US &amp; Canada)</twitterTimeZone><friendsCount>359</friendsCount><location><displayName>On the Track</displayName><objectType>place</objectType></location><link>http://www.twitter.com/TiaN_B_PreS</link><postedTime>2009-09-07T06:02:12.000Z</postedTime><image>http://a0.twimg.com/profile_images/1963153383/7m0fw1TN_normal</image><links><links><rel>me</rel><href/></links></links><listedCount>1</listedCount><id>id:twitter.com:72219050</id><languages><languages>en</languages></languages><utcOffset>-21600</utcOffset><followersCount>364</followersCount><preferredUsername>TiaN_B_PreS</preferredUsername><displayName> BRITNEY</displayName><statusesCount>20286</statusesCount><objectType>person</objectType></actor><twitter_entities><hashtags/><urls/><user_mentions><user_mentions><indices><indices>44</indices><indices>52</indices></indices><id_str>252719960</id_str><name>Yves Batoba</name><id>252719960</id><screen_name>Ybatoba</screen_name></user_mentions></user_mentions></twitter_entities><objectType>activity</objectType><platform>twitter</platform><posted_date>2012-03-28</posted_date><followers>364</followers><statuses>20286</statuses><region>Central</region></marklogic>