<?xml version="1.0" encoding="UTF-8"?>
<marklogic><id>tag:search.twitter.com,2005:185044759725875200</id><type>P</type><type>P</type><body>Pizza hut hit the <adverse_event>Spot</adverse_event>  thank you <product_name company="Johnson - Johnson">Bebe</product_name> @yosiii__</body><verb>post</verb><link>http://twitter.com/dannypiff/statuses/185044759725875200</link><generator><link>http://twitter.com/#!/download/iphone</link><displayName>Twitter for iPhone</displayName></generator><postedTime>2012-03-28T16:44:43.000Z</postedTime><provider><link>http://www.twitter.com</link><displayName>Twitter</displayName><objectType>service</objectType></provider><object><summary>Pizza hut hit the spot  thank you bebe @yosiii__</summary><id>object:search.twitter.com,2005:185044759725875200</id><link>http://twitter.com/dannypiff/statuses/185044759725875200</link><postedTime>2012-03-28T16:44:43.000Z</postedTime><objectType>note</objectType></object><actor><summary>Young Fly Nigguh</summary><twitterTimeZone>Quito</twitterTimeZone><friendsCount>140</friendsCount><location><displayName>Your moms house</displayName><objectType>place</objectType></location><link>http://www.twitter.com/dannypiff</link><postedTime>2009-06-01T19:22:00.000Z</postedTime><image>http://a0.twimg.com/profile_images/1882254236/image_normal.jpg</image><links><links><rel>me</rel><href/></links></links><listedCount>0</listedCount><id>id:twitter.com:43950093</id><languages><languages>en</languages></languages><utcOffset>-18000</utcOffset><followersCount>216</followersCount><preferredUsername>dannypiff</preferredUsername><displayName>Danny Morales</displayName><statusesCount>3692</statusesCount><objectType>person</objectType></actor><twitter_entities><hashtags/><urls/><user_mentions><user_mentions><indices><indices>40</indices><indices>49</indices></indices><id_str>308801987</id_str><name>♋ ⚓</name><id>308801987</id><screen_name>yosiii__</screen_name></user_mentions></user_mentions></twitter_entities><objectType>activity</objectType><platform>twitter</platform><posted_date>2012-03-28</posted_date><followers>216</followers><statuses>3692</statuses><region>Quito</region></marklogic>