<?xml version="1.0" encoding="UTF-8"?>
<marklogic><id>tag:search.twitter.com,2005:185038148869435393</id><type>P</type><type>P</type><body><product_name company="Johnson - Johnson">Tylenol</product_name> <adverse_event>Flu</adverse_event> food http://t.co/rPFoRjUR</body><verb>post</verb><link>http://twitter.com/xuqabuqyfamus/statuses/185038148869435393</link><generator><link>http://twitter.com</link><displayName>web</displayName></generator><postedTime>2012-03-28T16:18:27.000Z</postedTime><provider><link>http://www.twitter.com</link><displayName>Twitter</displayName><objectType>service</objectType></provider><object><summary>tylenol flu food http://t.co/rPFoRjUR</summary><id>object:search.twitter.com,2005:185038148869435393</id><link>http://twitter.com/xuqabuqyfamus/statuses/185038148869435393</link><postedTime>2012-03-28T16:18:27.000Z</postedTime><objectType>note</objectType></object><actor><summary>Les Rita Mitsouko to listen, America, America to watch. Me: sunshine and smiles.&#13;</summary><twitterTimeZone/><friendsCount>27</friendsCount><location><displayName>ME&#13;</displayName><objectType>place</objectType></location><link>http://www.twitter.com/xuqabuqyfamus</link><postedTime>2012-02-11T05:42:04.000Z</postedTime><image>http://a0.twimg.com/profile_images/1820875629/1276_normal.gif</image><links><links><rel>me</rel><href/></links></links><listedCount>0</listedCount><id>id:twitter.com:489103849</id><languages><languages>ja</languages></languages><utcOffset/><followersCount>9</followersCount><preferredUsername>xuqabuqyfamus</preferredUsername><displayName>awtry</displayName><statusesCount>83</statusesCount><objectType>person</objectType></actor><twitter_entities><hashtags/><user_mentions/><urls><urls><indices><indices>17</indices><indices>37</indices></indices><expanded_url>http://tylenol-flu-food.cheapillsshop.com</expanded_url><display_url>tylenol-flu-food.cheapillsshop.com</display_url><url>http://t.co/rPFoRjUR</url></urls></urls></twitter_entities><objectType>activity</objectType><platform>twitter</platform><posted_date>2012-03-28</posted_date><followers>9</followers><statuses>83</statuses><region>N.A.</region></marklogic>