<?xml version="1.0" encoding="UTF-8"?>
<marklogic><id>tag:search.twitter.com,2005:185051618205638656</id><type>P</type><type>P</type><body>"Have a shave" they . "Fuck <product_name company="SC Johnson">Off</product_name> ya cunt" I reply. GROW IT, ITS FREE...might <adverse_event>Itch</adverse_event> a bit though. http://t.co/K86K72rB</body><verb>post</verb><link>http://twitter.com/Alexandiver/statuses/185051618205638656</link><generator><link>http://blackberry.com/twitter</link><displayName>Twitter for BlackBerry®</displayName></generator><postedTime>2012-03-28T17:11:58.000Z</postedTime><provider><link>http://www.twitter.com</link><displayName>Twitter</displayName><objectType>service</objectType></provider><object><summary>"Have a shave" they shout. "Fuck off ya cunt" I reply. GROW IT, ITS FREE...might itch a bit though. http://t.co/K86K72rB</summary><id>object:search.twitter.com,2005:185051618205638656</id><link>http://twitter.com/Alexandiver/statuses/185051618205638656</link><postedTime>2012-03-28T17:11:58.000Z</postedTime><objectType>note</objectType></object><actor><summary>Am an absolute cunt. </summary><twitterTimeZone/><friendsCount>38</friendsCount><location><displayName>Scotland, Glasgow</displayName><objectType>place</objectType></location><link>http://www.twitter.com/Alexandiver</link><postedTime>2011-01-01T13:00:49.000Z</postedTime><image>http://a0.twimg.com/profile_images/1900713458/IMG01602-20120312-1516_normal.jpg</image><links><links><rel>me</rel><href/></links></links><listedCount>1</listedCount><id>id:twitter.com:232833073</id><languages><languages>en</languages></languages><utcOffset/><followersCount>25</followersCount><preferredUsername>Alexandiver</preferredUsername><displayName>Alex Summers</displayName><statusesCount>80</statusesCount><objectType>person</objectType></actor><twitter_entities><hashtags/><user_mentions/><urls><urls><indices><indices>100</indices><indices>120</indices></indices><expanded_url>http://twitpic.com/92hwli</expanded_url><display_url>twitpic.com/92hwli</display_url><url>http://t.co/K86K72rB</url></urls></urls></twitter_entities><objectType>activity</objectType><platform>twitter</platform><posted_date>2012-03-28</posted_date><followers>25</followers><statuses>80</statuses><region>N.A.</region></marklogic>