<?xml version="1.0" encoding="UTF-8"?>
<marklogic><id>tag:search.twitter.com,2005:185051463276437505</id><type>P</type><type>P</type><body><adverse_event>Headache</adverse_event> is now finally mostly gone thanks to the wonders of the work medicine cabinet and Shauna being a goddess and sharing <product_name company="Johnson - Johnson">Benadryl</product_name>.</body><verb>post</verb><link>http://twitter.com/archaeocat/statuses/185051463276437505</link><generator><link>http://ubersocial.com</link><displayName>UberSocial for BlackBerry</displayName></generator><postedTime>2012-03-28T17:11:21.000Z</postedTime><provider><link>http://www.twitter.com</link><displayName>Twitter</displayName><objectType>service</objectType></provider><object><summary>Headache is now finally mostly gone thanks to the wonders of the work medicine cabinet and Shauna being a goddess and sharing Benadryl.</summary><id>object:search.twitter.com,2005:185051463276437505</id><link>http://twitter.com/archaeocat/statuses/185051463276437505</link><postedTime>2012-03-28T17:11:21.000Z</postedTime><objectType>note</objectType></object><actor><summary>Anthropologist hiding out among entomologists. Poet. Mom of teens. Writer. Language-obsessed. BUCK-TICK crazy. Mad scientist. Artist. Singer. Flibbertigibbet.</summary><twitterTimeZone>Central Time (US &amp; Canada)</twitterTimeZone><friendsCount>446</friendsCount><location><displayName>Des Moines, Iowa, USA</displayName><objectType>place</objectType></location><link>http://www.twitter.com/archaeocat</link><postedTime>2008-09-27T16:09:02.000Z</postedTime><image>http://a0.twimg.com/profile_images/1965878220/x_047_normal.JPG</image><links><links><rel>me</rel><href>http://catherrick.wordpress.com/</href></links></links><listedCount>30</listedCount><id>id:twitter.com:16486966</id><languages><languages>en</languages></languages><utcOffset>-21600</utcOffset><followersCount>471</followersCount><preferredUsername>archaeocat</preferredUsername><displayName>Cat Herrick</displayName><statusesCount>14373</statusesCount><objectType>person</objectType></actor><twitter_entities><hashtags/><user_mentions/><urls/></twitter_entities><objectType>activity</objectType><platform>twitter</platform><posted_date>2012-03-28</posted_date><followers>471</followers><statuses>14373</statuses><region>Central</region></marklogic>