<?xml version="1.0" encoding="UTF-8"?>
<marklogic><id>tag:search.twitter.com,2005:185055291296059393</id><type>P</type><type>P</type><body><product_name company="Johnson - Johnson">Benadryl</product_name> for <adverse_event>Blushing</adverse_event> http://t.co/NwERMyTi</body><verb>post</verb><link>http://twitter.com/xidysone/statuses/185055291296059393</link><generator><link>http://twitter.com</link><displayName>web</displayName></generator><postedTime>2012-03-28T17:26:34.000Z</postedTime><provider><link>http://www.twitter.com</link><displayName>Twitter</displayName><objectType>service</objectType></provider><object><summary>benadryl for blushing http://t.co/NwERMyTi</summary><id>object:search.twitter.com,2005:185055291296059393</id><link>http://twitter.com/xidysone/statuses/185055291296059393</link><postedTime>2012-03-28T17:26:34.000Z</postedTime><objectType>note</objectType></object><actor><summary>My favorite movies - [movies] and [movies]. Describe myself - reconciled,grossness and brutality.</summary><twitterTimeZone/><friendsCount>109</friendsCount><location><displayName>US</displayName><objectType>place</objectType></location><link>http://www.twitter.com/xidysone</link><postedTime>2011-12-09T00:06:32.000Z</postedTime><image>http://a0.twimg.com/profile_images/1682810064/11_normal.gif</image><links><links><rel>me</rel><href/></links></links><listedCount>0</listedCount><id>id:twitter.com:432048739</id><languages><languages>en</languages></languages><utcOffset/><followersCount>24</followersCount><preferredUsername>xidysone</preferredUsername><displayName>Vipul Leyborne</displayName><statusesCount>413</statusesCount><objectType>person</objectType></actor><twitter_entities><hashtags/><user_mentions/><urls><urls><display_url>…nadryl-for-blushing.cheapillsshop.com</display_url><indices><indices>22</indices><indices>42</indices></indices><expanded_url>http://benadryl-for-blushing.cheapillsshop.com</expanded_url><url>http://t.co/NwERMyTi</url></urls></urls></twitter_entities><objectType>activity</objectType><platform>twitter</platform><posted_date>2012-03-28</posted_date><followers>24</followers><statuses>413</statuses><region>N.A.</region></marklogic>