<?xml version="1.0" encoding="UTF-8"?>
<marklogic><id>tag:search.twitter.com,2005:185070565193809920</id><type>P</type><type>P</type><inReplyTo><link>http://twitter.com/moniqhita_/statuses/185066527857451008</link></inReplyTo><body>@moniqhita_ Uffff!!! my best way to fix my morning was to sit down and eat a chocolate donut and an Ice-<adverse_event>Cold</adverse_event> <product_name company="Coca Cola">Coke</product_name> yuuummm!! love iu!!</body><verb>post</verb><link>http://twitter.com/CokeeAle/statuses/185070565193809920</link><generator><link>http://twitter.com</link><displayName>web</displayName></generator><postedTime>2012-03-28T18:27:15.000Z</postedTime><provider><link>http://www.twitter.com</link><displayName>Twitter</displayName><objectType>service</objectType></provider><object><summary>@moniqhita_ Uffff!!! my best way to fix my morning was to sit down and eat a chocolate donut and an Ice-cold Coke yuuummm!! love iu!!</summary><id>object:search.twitter.com,2005:185070565193809920</id><link>http://twitter.com/CokeeAle/statuses/185070565193809920</link><postedTime>2012-03-28T18:27:15.000Z</postedTime><objectType>note</objectType></object><actor><summary> If we are able to love, we'd found the sense of life... </summary><twitterTimeZone>Mountain Time (US &amp; Canada)</twitterTimeZone><friendsCount>105</friendsCount><location><displayName>Ciudad de Guatemala</displayName><objectType>place</objectType></location><link>http://www.twitter.com/CokeeAle</link><postedTime>2011-05-19T16:59:42.000Z</postedTime><image>http://a0.twimg.com/profile_images/1958356239/7JM8NlrQ_normal</image><links><links><rel>me</rel><href/></links></links><listedCount>1</listedCount><id>id:twitter.com:301541191</id><languages><languages>es</languages></languages><utcOffset>-25200</utcOffset><followersCount>111</followersCount><preferredUsername>CokeeAle</preferredUsername><displayName>AleCermeño</displayName><statusesCount>3166</statusesCount><objectType>person</objectType></actor><twitter_entities><hashtags/><user_mentions><user_mentions><indices><indices>0</indices><indices>11</indices></indices><id_str>267925096</id_str><name>Monica Olivares</name><id>267925096</id><screen_name>moniqhita_</screen_name></user_mentions></user_mentions><urls/></twitter_entities><objectType>activity</objectType><platform>twitter</platform><posted_date>2012-03-28</posted_date><followers>111</followers><statuses>3166</statuses><region>Mountain</region></marklogic>