<?xml version="1.0" encoding="UTF-8"?>
<marklogic><id>tag:search.twitter.com,2005:185076208315277315</id><type>P</type><type>P</type><body>nothing like a nice good teak sub and ice <adverse_event>Cold</adverse_event> <product_name company="N.A.">Pepsi</product_name></body><verb>post</verb><link>http://twitter.com/marqueeta810/statuses/185076208315277315</link><generator><link>http://twitter.com</link><displayName>web</displayName></generator><postedTime>2012-03-28T18:49:41.000Z</postedTime><provider><link>http://www.twitter.com</link><displayName>Twitter</displayName><objectType>service</objectType></provider><object><summary>nothing like a nice good teak sub and ice cold pepsi</summary><id>object:search.twitter.com,2005:185076208315277315</id><link>http://twitter.com/marqueeta810/statuses/185076208315277315</link><postedTime>2012-03-28T18:49:41.000Z</postedTime><objectType>note</objectType></object><actor><summary/><twitterTimeZone/><friendsCount>38</friendsCount><link>http://www.twitter.com/marqueeta810</link><postedTime>2011-05-24T18:07:42.000Z</postedTime><image>http://a0.twimg.com/profile_images/1841607807/profile_normal.jpg</image><links><links><rel>me</rel><href/></links></links><listedCount>0</listedCount><id>id:twitter.com:304548044</id><languages><languages>en</languages></languages><utcOffset/><followersCount>35</followersCount><preferredUsername>marqueeta810</preferredUsername><displayName>Mar</displayName><statusesCount>1475</statusesCount><objectType>person</objectType></actor><twitter_entities><hashtags/><user_mentions/><urls/></twitter_entities><objectType>activity</objectType><platform>twitter</platform><posted_date>2012-03-28</posted_date><followers>35</followers><statuses>1475</statuses><region>N.A.</region></marklogic>