<?xml version="1.0" encoding="UTF-8"?>
<marklogic><id>tag:search.twitter.com,2005:185048927790305280</id><type>P</type><type>P</type><body>Audio: <product_name company="CB Fleet">Fleet</product_name> Foxes - Blue <adverse_event>Spotted</adverse_event> Tail http://t.co/Lchouy8T</body><verb>post</verb><link>http://twitter.com/sameoldplaylist/statuses/185048927790305280</link><generator><link>http://www.tumblr.com/</link><displayName>Tumblr</displayName></generator><postedTime>2012-03-28T17:01:17.000Z</postedTime><provider><link>http://www.twitter.com</link><displayName>Twitter</displayName><objectType>service</objectType></provider><object><summary>Audio: Fleet Foxes - Blue Spotted Tail http://t.co/Lchouy8T</summary><id>object:search.twitter.com,2005:185048927790305280</id><link>http://twitter.com/sameoldplaylist/statuses/185048927790305280</link><postedTime>2012-03-28T17:01:17.000Z</postedTime><objectType>note</objectType></object><actor><summary/><twitterTimeZone/><friendsCount>2</friendsCount><link>http://www.twitter.com/sameoldplaylist</link><postedTime>2011-07-23T18:12:39.000Z</postedTime><image>http://a0.twimg.com/sticky/default_profile_images/default_profile_0_normal.png</image><links><links><rel>me</rel><href/></links></links><listedCount>0</listedCount><id>id:twitter.com:341041631</id><languages><languages>en</languages></languages><utcOffset/><followersCount>1</followersCount><preferredUsername>sameoldplaylist</preferredUsername><displayName>J</displayName><statusesCount>357</statusesCount><objectType>person</objectType></actor><twitter_entities><hashtags/><user_mentions/><urls><urls><indices><indices>39</indices><indices>59</indices></indices><expanded_url>http://tmblr.co/ZFTXGyIi5usc</expanded_url><display_url>tmblr.co/ZFTXGyIi5usc</display_url><url>http://t.co/Lchouy8T</url></urls></urls></twitter_entities><objectType>activity</objectType><platform>twitter</platform><posted_date>2012-03-28</posted_date><followers>1</followers><statuses>357</statuses><region>N.A.</region></marklogic>