<?xml version="1.0" encoding="UTF-8"?>
<marklogic><id>tag:search.twitter.com,2005:185080178626666498</id><type>P</type><type>P</type><body>Long <adverse_event>Spots</adverse_event>, short splotches RT @felixsalmon: Video: I think this is my favorite <product_name company="N.A.">Felix</product_name> TV video yet. http://t.co/G0QRKbdZ</body><verb>post</verb><link>http://twitter.com/mccarthyryanj/statuses/185080178626666498</link><generator><link>http://www.tweetdeck.com</link><displayName>TweetDeck</displayName></generator><postedTime>2012-03-28T19:05:27.000Z</postedTime><provider><link>http://www.twitter.com</link><displayName>Twitter</displayName><objectType>service</objectType></provider><object><summary>Long spots, short splotches RT @felixsalmon: Video: I think this is my favorite Felix TV video yet. http://t.co/G0QRKbdZ</summary><id>object:search.twitter.com,2005:185080178626666498</id><link>http://twitter.com/mccarthyryanj/statuses/185080178626666498</link><postedTime>2012-03-28T19:05:27.000Z</postedTime><objectType>note</objectType></object><actor><summary>Deputy Editor, Reuters.com; co-editor of Counterparties; former Business Editor of the Huffington Post. RTs are not necessarily endorsements</summary><twitterTimeZone>Central Time (US &amp; Canada)</twitterTimeZone><friendsCount>1107</friendsCount><location><displayName>Brooklyn</displayName><objectType>place</objectType></location><link>http://www.twitter.com/mccarthyryanj</link><postedTime>2009-12-30T16:03:35.000Z</postedTime><image>http://a0.twimg.com/profile_images/1970101386/Screen_shot_2011-12-02_at_12.38.57_PM_normal.png</image><links><links><rel>me</rel><href>http://counterparties.com/</href></links></links><listedCount>145</listedCount><id>id:twitter.com:100531396</id><languages><languages>en</languages></languages><utcOffset>-21600</utcOffset><followersCount>2857</followersCount><preferredUsername>mccarthyryanj</preferredUsername><displayName>Ryan McCarthy</displayName><statusesCount>4832</statusesCount><objectType>person</objectType></actor><twitter_entities><hashtags/><user_mentions><user_mentions><indices><indices>31</indices><indices>43</indices></indices><id_str>16399949</id_str><name>felix salmon</name><id>16399949</id><screen_name>felixsalmon</screen_name></user_mentions></user_mentions><urls><urls><indices><indices>100</indices><indices>120</indices></indices><expanded_url>http://bit.ly/HexMLh</expanded_url><display_url>bit.ly/HexMLh</display_url><url>http://t.co/G0QRKbdZ</url></urls></urls></twitter_entities><objectType>activity</objectType><platform>twitter</platform><posted_date>2012-03-28</posted_date><followers>2857</followers><statuses>4832</statuses><region>Central</region></marklogic>