<?xml version="1.0" encoding="UTF-8"?>
<marklogic><id>tag:search.twitter.com,2005:185074352734216192</id><type>P</type><type>P</type><body>@<product_name company="Unilever">Radiant</product_name>_<adverse_event>Heat</adverse_event> 秋葉さんがでてっちゃいました（泣）</body><verb>post</verb><link>http://twitter.com/hideki_kajiwara/statuses/185074352734216192</link><generator><link>http://twittbot.net/</link><displayName>twittbot.net</displayName></generator><postedTime>2012-03-28T18:42:18.000Z</postedTime><provider><link>http://www.twitter.com</link><displayName>Twitter</displayName><objectType>service</objectType></provider><object><summary>@radiant_heat 秋葉さんがでてっちゃいました（泣）</summary><id>object:search.twitter.com,2005:185074352734216192</id><link>http://twitter.com/hideki_kajiwara/statuses/185074352734216192</link><postedTime>2012-03-28T18:42:18.000Z</postedTime><objectType>note</objectType></object><actor><summary>梶原君のbotです。詳しい事はakishimaxまで。出来たてですので、秋葉さんへの愛をもそもそと呟きます。</summary><twitterTimeZone/><friendsCount>7</friendsCount><link>http://www.twitter.com/hideki_kajiwara</link><postedTime>2011-02-04T05:25:19.000Z</postedTime><image>http://a0.twimg.com/sticky/default_profile_images/default_profile_6_normal.png</image><links><links><rel>me</rel><href/></links></links><listedCount>1</listedCount><id>id:twitter.com:247147998</id><languages><languages>ja</languages></languages><utcOffset/><followersCount>18</followersCount><preferredUsername>hideki_kajiwara</preferredUsername><displayName>梶原秀希</displayName><statusesCount>22819</statusesCount><objectType>person</objectType></actor><twitter_entities><hashtags/><urls/><user_mentions><user_mentions><indices><indices>0</indices><indices>13</indices></indices><id_str>73047206</id_str><name>アイラ</name><id>73047206</id><screen_name>radiant_heat</screen_name></user_mentions></user_mentions></twitter_entities><objectType>activity</objectType><platform>twitter</platform><posted_date>2012-03-28</posted_date><followers>18</followers><statuses>22819</statuses><region>N.A.</region></marklogic>