<?xml version="1.0" encoding="UTF-8"?>
<marklogic><id>tag:search.twitter.com,2005:185074990067089408</id><type>P</type><type>P</type><body>Infloor <adverse_event>Heat</adverse_event>, or <product_name company="Unilever">Radiant</product_name> <adverse_event>Heating</adverse_event>, has numerous advantages in the Vail, Avon, Beaver Creek, Edwards, Eagle and Gy... http://t.co/eNTz13Aa</body><verb>post</verb><link>http://twitter.com/candcpm/statuses/185074990067089408</link><generator><link>http://twitterfeed.com</link><displayName>twitterfeed</displayName></generator><postedTime>2012-03-28T18:44:50.000Z</postedTime><provider><link>http://www.twitter.com</link><displayName>Twitter</displayName><objectType>service</objectType></provider><object><summary>Infloor heat, or radiant heating, has numerous advantages in the Vail, Avon, Beaver Creek, Edwards, Eagle and Gy... http://t.co/eNTz13Aa</summary><id>object:search.twitter.com,2005:185074990067089408</id><link>http://twitter.com/candcpm/statuses/185074990067089408</link><postedTime>2012-03-28T18:44:50.000Z</postedTime><objectType>note</objectType></object><actor><summary>C &amp; C Plumbing and Mechanical provides plumbing, mechanical, heating and air conditioning, 24/7 emergency service in Vail, Eagle, Edwards, Avon and Colorado</summary><twitterTimeZone>Mountain Time (US &amp; Canada)</twitterTimeZone><friendsCount>4</friendsCount><location><displayName>Eagle, Colorado</displayName><objectType>place</objectType></location><link>http://www.twitter.com/candcpm</link><postedTime>2010-11-15T19:25:20.000Z</postedTime><image>http://a0.twimg.com/sticky/default_profile_images/default_profile_0_normal.png</image><links><links><rel>me</rel><href>http://candcpm.com</href></links></links><listedCount>0</listedCount><id>id:twitter.com:216087403</id><languages><languages>en</languages></languages><utcOffset>-25200</utcOffset><followersCount>8</followersCount><preferredUsername>candcpm</preferredUsername><displayName>C&amp;C Plumbing &amp; Mech</displayName><statusesCount>43</statusesCount><objectType>person</objectType></actor><twitter_entities><hashtags/><user_mentions/><urls><urls><indices><indices>116</indices><indices>136</indices></indices><expanded_url>http://bit.ly/HetZ0r</expanded_url><display_url>bit.ly/HetZ0r</display_url><url>http://t.co/eNTz13Aa</url></urls></urls></twitter_entities><objectType>activity</objectType><platform>twitter</platform><posted_date>2012-03-28</posted_date><followers>8</followers><statuses>43</statuses><region>Mountain</region></marklogic>