<?xml version="1.0" encoding="UTF-8"?>
<marklogic><id>tag:search.twitter.com,2005:185071339487494144</id><type>P</type><type>P</type><body>mmmmm i would kill for a <adverse_event>Cold</adverse_event> can of <product_name company="Coca Cola">Coke</product_name> rn</body><verb>post</verb><link>http://twitter.com/s4fert0hateher/statuses/185071339487494144</link><generator><link>http://twitter.com/download/android</link><displayName>Twitter for Android</displayName></generator><postedTime>2012-03-28T18:30:20.000Z</postedTime><provider><link>http://www.twitter.com</link><displayName>Twitter</displayName><objectType>service</objectType></provider><object><summary>mmmmm i would kill for a cold can of coke rn</summary><id>object:search.twitter.com,2005:185071339487494144</id><link>http://twitter.com/s4fert0hateher/statuses/185071339487494144</link><postedTime>2012-03-28T18:30:20.000Z</postedTime><objectType>note</objectType></object><actor><summary>hi i'm alannah. i love you me at six and kids in glass houses. i live for gigs, mcdonald's and starbucks. oh and i'm making 'fetch' happen, not aled phillips:-)</summary><twitterTimeZone>Casablanca</twitterTimeZone><friendsCount>518</friendsCount><location><displayName>The Franceschi Residence ⚓</displayName><objectType>place</objectType></location><link>http://www.twitter.com/s4fert0hateher</link><postedTime>2012-01-03T14:28:27.000Z</postedTime><image>http://a0.twimg.com/profile_images/1954180503/NGd6r7Ev_normal</image><links><links><rel>me</rel><href>http://www.s4fert0hateher.tumblr.com</href></links></links><listedCount>0</listedCount><id>id:twitter.com:454002697</id><languages><languages>en</languages></languages><utcOffset>0</utcOffset><followersCount>286</followersCount><preferredUsername>s4fert0hateher</preferredUsername><displayName>† ~ Alannah ~ †</displayName><statusesCount>6259</statusesCount><objectType>person</objectType></actor><twitter_entities><hashtags/><user_mentions/><urls/></twitter_entities><objectType>activity</objectType><platform>twitter</platform><posted_date>2012-03-28</posted_date><followers>286</followers><statuses>6259</statuses><region>Casablanca</region></marklogic>