<?xml version="1.0" encoding="UTF-8"?>
<marklogic><body>@Coldsteelknives New definition of "mass suicide": a bunch of zombies <product_name company="SC Johnson">Raid</product_name> the <adverse_event>Cold</adverse_event> Steel factory.</body><inReplyTo><link>http://twitter.com/Coldsteelknives/statuses/187232183616946177</link></inReplyTo><geo><type>Point</type><coordinates><coordinates>40.1044277</coordinates><coordinates>-85.6883598</coordinates></coordinates></geo><location><geo><type>Polygon</type><coordinates><coordinates><coordinates><coordinates>-85.749154</coordinates><coordinates>40.031674</coordinates></coordinates><coordinates><coordinates>-85.601352</coordinates><coordinates>40.031674</coordinates></coordinates><coordinates><coordinates>-85.601352</coordinates><coordinates>40.159155</coordinates></coordinates><coordinates><coordinates>-85.749154</coordinates><coordinates>40.159155</coordinates></coordinates></coordinates></coordinates></geo><link>http://api.twitter.com/1/geo/id/dc25bb079ef6daf2.json</link><name>Anderson</name><displayName>Anderson, IN</displayName><country_code>United States</country_code><objectType>place</objectType></location><link>http://twitter.com/WayneInIndy/statuses/187237111999627265</link><postedTime>2012-04-03T17:56:20.000Z</postedTime><provider><link>http://www.twitter.com</link><displayName>Twitter</displayName><objectType>service</objectType></provider><actor><summary>Colts fan. Pacers fan. IU Hoosiers fan. Chess player. Staunch conservative Republican. Hero: G. Gordon Liddy.</summary><twitterTimeZone/><friendsCount>61</friendsCount><location><displayName>Indy metro</displayName><objectType>place</objectType></location><link>http://www.twitter.com/WayneInIndy</link><postedTime>2012-01-20T21:34:05.000Z</postedTime><image>http://a0.twimg.com/profile_images/1970659488/1k30hKqO_normal</image><links><links><rel>me</rel><href/></links></links><listedCount>0</listedCount><id>id:twitter.com:469683136</id><languages><languages>en</languages></languages><utcOffset/><followersCount>16</followersCount><preferredUsername>WayneInIndy</preferredUsername><displayName>Wayne Highsmith</displayName><statusesCount>309</statusesCount><objectType>person</objectType></actor><object><summary>@Coldsteelknives New definition of "mass suicide": a bunch of zombies raid the Cold Steel factory.</summary><id>object:search.twitter.com,2005:187237111999627265</id><link>http://twitter.com/WayneInIndy/statuses/187237111999627265</link><postedTime>2012-04-03T17:56:20.000Z</postedTime><objectType>note</objectType></object><twitter_entities><hashtags/><user_mentions><user_mentions><indices><indices>0</indices><indices>16</indices></indices><name>Cold Steel</name><screen_name>Coldsteelknives</screen_name><id>55626727</id><id_str>55626727</id_str></user_mentions></user_mentions><urls/></twitter_entities><id>tag:search.twitter.com,2005:187237111999627265</id><type>P</type><type>P</type><verb>post</verb><generator><link>http://www.tweetcaster.com</link><displayName>TweetCaster for Android</displayName></generator><objectType>activity</objectType><platform>twitter</platform><posted_date>2012-04-03</posted_date><followers>16</followers><statuses>309</statuses><region>N.A.</region></marklogic>