<?xml version="1.0" encoding="UTF-8"?>
<marklogic><id>tag:search.twitter.com,2005:185044673121894401</id><type>P</type><type>P</type><body>no im weak! <product_name company="P&amp;G">Ariel</product_name> said "<adverse_event>Bleed</adverse_event> <adverse_event>Bleed</adverse_event> <adverse_event>Bleed</adverse_event> every fckn month i just <adverse_event>Bleed</adverse_event> <adverse_event>Bleed</adverse_event> <adverse_event>Bleed</adverse_event>"</body><verb>post</verb><link>http://twitter.com/o_OhMyWord/statuses/185044673121894401</link><generator><link>http://twitter.com</link><displayName>web</displayName></generator><postedTime>2012-03-28T16:44:22.000Z</postedTime><provider><link>http://www.twitter.com</link><displayName>Twitter</displayName><objectType>service</objectType></provider><object><summary>no im weak! ariel said "bleed bleed bleed every fckn month i just bleed bleed bleed"</summary><id>object:search.twitter.com,2005:185044673121894401</id><link>http://twitter.com/o_OhMyWord/statuses/185044673121894401</link><postedTime>2012-03-28T16:44:22.000Z</postedTime><objectType>note</objectType></object><actor><summary>*Easy Breezy Beautiful Bad Biitch* I Throw Em Back #NoChaser ;)</summary><twitterTimeZone>Eastern Time (US &amp; Canada)</twitterTimeZone><friendsCount>209</friendsCount><location><displayName>With My Dolls \0_0/</displayName><objectType>place</objectType></location><link>http://www.twitter.com/o_OhMyWord</link><postedTime>2010-12-25T17:22:02.000Z</postedTime><image>http://a0.twimg.com/profile_images/1951424226/2012-03-25_02.03.04_normal.jpg</image><links><links><rel>me</rel><href/></links></links><listedCount>1</listedCount><id>id:twitter.com:230489355</id><languages><languages>en</languages></languages><utcOffset>-18000</utcOffset><followersCount>218</followersCount><preferredUsername>o_OhMyWord</preferredUsername><displayName>♦ Victoria LyNn ♦</displayName><statusesCount>10973</statusesCount><objectType>person</objectType></actor><twitter_entities><hashtags/><urls/><user_mentions/></twitter_entities><objectType>activity</objectType><platform>twitter</platform><posted_date>2012-03-28</posted_date><followers>218</followers><statuses>10973</statuses><region>Eastern</region></marklogic>