<?xml version="1.0" encoding="UTF-8"?>
<marklogic><id>tag:search.twitter.com,2005:185059896952233984</id><type>P</type><type>P</type><body>Now enjoying an ice <adverse_event>Cold</adverse_event> vanilla <product_name company="Coca Cola">Coke</product_name> and watching lets stay together.</body><verb>post</verb><link>http://twitter.com/MsMichelle21/statuses/185059896952233984</link><generator><link>http://www.echofon.com/</link><displayName>Echofon</displayName></generator><postedTime>2012-03-28T17:44:52.000Z</postedTime><provider><link>http://www.twitter.com</link><displayName>Twitter</displayName><objectType>service</objectType></provider><object><summary>Now enjoying an ice cold vanilla coke and watching lets stay together.</summary><id>object:search.twitter.com,2005:185059896952233984</id><link>http://twitter.com/MsMichelle21/statuses/185059896952233984</link><postedTime>2012-03-28T17:44:52.000Z</postedTime><objectType>note</objectType></object><actor><summary>@OneMan71show wife, Ben's mom and sometimes a lover of life. http://msmichellerenee.tumblr.com</summary><twitterTimeZone>Eastern Time (US &amp; Canada)</twitterTimeZone><friendsCount>1455</friendsCount><location><displayName>planet earth</displayName><objectType>place</objectType></location><link>http://www.twitter.com/MsMichelle21</link><postedTime>2010-07-17T20:23:52.000Z</postedTime><image>http://a0.twimg.com/profile_images/1959982572/MsMichelle21_normal.jpg</image><links><links><rel>me</rel><href>http://www.facebook.com/mrenee.robinson</href></links></links><listedCount>3</listedCount><id>id:twitter.com:167894391</id><languages><languages>en</languages></languages><utcOffset>-18000</utcOffset><followersCount>1209</followersCount><preferredUsername>MsMichelle21</preferredUsername><displayName>Michelle Renee'</displayName><statusesCount>13685</statusesCount><objectType>person</objectType></actor><twitter_entities><hashtags/><user_mentions/><urls/></twitter_entities><objectType>activity</objectType><platform>twitter</platform><posted_date>2012-03-28</posted_date><followers>1209</followers><statuses>13685</statuses><region>Eastern</region></marklogic>