<?xml version="1.0" encoding="UTF-8"?>
<marklogic><id>tag:search.twitter.com,2005:185036386318028801</id><type>P</type><type>P</type><body>Rid yourself of <adverse_event>Dry skin</adverse_event> problems! #Win <product_name company="Beiersdorf">Eucerin</product_name> Professional Repair + $125 Visa GC #giveaway Ends 4/16 http://t.co/yk9gyGrO</body><verb>post</verb><link>http://twitter.com/ginette4/statuses/185036386318028801</link><generator><link>http://twitter.com</link><displayName>web</displayName></generator><postedTime>2012-03-28T16:11:26.000Z</postedTime><provider><link>http://www.twitter.com</link><displayName>Twitter</displayName><objectType>service</objectType></provider><object><summary>Rid yourself of dry skin problems! #Win Eucerin Professional Repair + $125 Visa GC #giveaway Ends 4/16 http://t.co/yk9gyGrO</summary><id>object:search.twitter.com,2005:185036386318028801</id><link>http://twitter.com/ginette4/statuses/185036386318028801</link><postedTime>2012-03-28T16:11:26.000Z</postedTime><objectType>note</objectType></object><actor><summary>Wishing I was by the pool :(</summary><twitterTimeZone/><friendsCount>1979</friendsCount><link>http://www.twitter.com/ginette4</link><postedTime>2010-08-11T03:03:58.000Z</postedTime><image>http://a0.twimg.com/profile_images/1372868887/Maine_Wedding_2_074_normal.JPG</image><links><links><rel>me</rel><href/></links></links><listedCount>14</listedCount><id>id:twitter.com:177043278</id><languages><languages>en</languages></languages><utcOffset/><followersCount>879</followersCount><preferredUsername>ginette4</preferredUsername><displayName>Ginette</displayName><statusesCount>47659</statusesCount><objectType>person</objectType></actor><twitter_entities><hashtags><hashtags><text>Win</text><indices><indices>35</indices><indices>39</indices></indices></hashtags><hashtags><text>giveaway</text><indices><indices>83</indices><indices>92</indices></indices></hashtags></hashtags><user_mentions/><urls><urls><indices><indices>103</indices><indices>123</indices></indices><expanded_url>http://tinyurl.com/ctmjrl8</expanded_url><display_url>tinyurl.com/ctmjrl8</display_url><url>http://t.co/yk9gyGrO</url></urls></urls></twitter_entities><objectType>activity</objectType><platform>twitter</platform><posted_date>2012-03-28</posted_date><followers>879</followers><statuses>47659</statuses><region>N.A.</region></marklogic>