<?xml version="1.0" encoding="UTF-8"?>
<marklogic><id>tag:search.twitter.com,2005:185036717932298240</id><type>P</type><type>P</type><body>RT @TheSimonEvans: Don't know whether smearing my nostrils with <product_name company="Unilever">Vaseline</product_name> has reduced hay <adverse_event>Fever</adverse_event>, but it has ... http://t.co/H04WuSIj</body><verb>post</verb><link>http://twitter.com/swanseagas/statuses/185036717932298240</link><generator><link>http://ubersocial.com</link><displayName>UberSocial for BlackBerry</displayName></generator><postedTime>2012-03-28T16:12:46.000Z</postedTime><provider><link>http://www.twitter.com</link><displayName>Twitter</displayName><objectType>service</objectType></provider><object><summary>RT @TheSimonEvans: Don't know whether smearing my nostrils with Vaseline has reduced hay fever, but it has ... http://t.co/H04WuSIj</summary><id>object:search.twitter.com,2005:185036717932298240</id><link>http://twitter.com/swanseagas/statuses/185036717932298240</link><postedTime>2012-03-28T16:12:46.000Z</postedTime><objectType>note</objectType></object><actor><summary>Dashing tyro trapped in body of Real Ale enthusiast.</summary><twitterTimeZone>London</twitterTimeZone><friendsCount>226</friendsCount><location><displayName>ÜT: 33.815939,-117.784166</displayName><objectType>place</objectType></location><link>http://www.twitter.com/swanseagas</link><postedTime>2009-01-20T12:05:10.000Z</postedTime><image>http://a0.twimg.com/profile_images/1900002139/336157060_normal.jpg</image><links><links><rel>me</rel><href/></links></links><listedCount>8</listedCount><id>id:twitter.com:19232946</id><languages><languages>en</languages></languages><utcOffset>0</utcOffset><followersCount>173</followersCount><preferredUsername>swanseagas</preferredUsername><displayName>Kevin Chubb</displayName><statusesCount>5202</statusesCount><objectType>person</objectType></actor><twitter_entities><hashtags/><urls><urls><indices><indices>111</indices><indices>131</indices></indices><expanded_url>http://m.tmi.me/nyP3B</expanded_url><display_url>m.tmi.me/nyP3B</display_url><url>http://t.co/H04WuSIj</url></urls></urls><user_mentions><user_mentions><indices><indices>3</indices><indices>17</indices></indices><id_str>23930286</id_str><name>simon evans</name><id>23930286</id><screen_name>TheSimonEvans</screen_name></user_mentions></user_mentions></twitter_entities><objectType>activity</objectType><platform>twitter</platform><posted_date>2012-03-28</posted_date><followers>173</followers><statuses>5202</statuses><region>London</region></marklogic>