<?xml version="1.0" encoding="UTF-8"?>
<marklogic><id>tag:search.twitter.com,2005:185074001176051712</id><type>P</type><type>P</type><body><product_name company="Reckitt Benckiser">Clearasil</product_name> and freederm, sitting in my bathroom, the <adverse_event>Spots</adverse_event> on my face can confirm that they don't really work.</body><verb>post</verb><link>http://twitter.com/dannilaurenn/statuses/185074001176051712</link><generator><link>http://twitter.com</link><displayName>web</displayName></generator><postedTime>2012-03-28T18:40:55.000Z</postedTime><provider><link>http://www.twitter.com</link><displayName>Twitter</displayName><objectType>service</objectType></provider><object><summary>Clearasil and freederm, sitting in my bathroom, the spots on my face can confirm that they don't really work.</summary><id>object:search.twitter.com,2005:185074001176051712</id><link>http://twitter.com/dannilaurenn/statuses/185074001176051712</link><postedTime>2012-03-28T18:40:55.000Z</postedTime><objectType>note</objectType></object><actor><summary>HI.</summary><twitterTimeZone/><friendsCount>1112</friendsCount><link>http://www.twitter.com/dannilaurenn</link><postedTime>2011-04-25T12:13:57.000Z</postedTime><image>http://a0.twimg.com/profile_images/1746526371/P1013154_normal.JPG</image><links><links><rel>me</rel><href>http://ebulliophobia.tumblr.com/</href></links></links><listedCount>2</listedCount><id>id:twitter.com:287648813</id><languages><languages>en</languages></languages><utcOffset/><followersCount>1183</followersCount><preferredUsername>dannilaurenn</preferredUsername><displayName>Rod Kimble</displayName><statusesCount>3433</statusesCount><objectType>person</objectType></actor><twitter_entities><hashtags/><user_mentions/><urls/></twitter_entities><objectType>activity</objectType><platform>twitter</platform><posted_date>2012-03-28</posted_date><followers>1183</followers><statuses>3433</statuses><region>N.A.</region></marklogic>