<?xml version="1.0" encoding="UTF-8"?>
<marklogic><id>tag:search.twitter.com,2005:185078900177649664</id><type>P</type><type>P</type><body><product_name company="GlaxoSmithKline">Zovirax</product_name> for <adverse_event>Cold</adverse_event> sore http://t.co/xEriPbav</body><verb>post</verb><link>http://twitter.com/qogequhoqog/statuses/185078900177649664</link><generator><link>http://twitter.com</link><displayName>web</displayName></generator><postedTime>2012-03-28T19:00:23.000Z</postedTime><provider><link>http://www.twitter.com</link><displayName>Twitter</displayName><objectType>service</objectType></provider><object><summary>zovirax for cold sore http://t.co/xEriPbav</summary><id>object:search.twitter.com,2005:185078900177649664</id><link>http://twitter.com/qogequhoqog/statuses/185078900177649664</link><postedTime>2012-03-28T19:00:23.000Z</postedTime><objectType>note</objectType></object><actor><summary>I like Grandmaster Flash to listen and 47 Ronin, The to watch. I'm episodes and interludes.&#13;</summary><twitterTimeZone/><friendsCount>32</friendsCount><location><displayName>US&#13;</displayName><objectType>place</objectType></location><link>http://www.twitter.com/qogequhoqog</link><postedTime>2012-02-05T22:04:19.000Z</postedTime><image>http://a0.twimg.com/profile_images/1811291024/1046_normal.gif</image><links><links><rel>me</rel><href/></links></links><listedCount>0</listedCount><id>id:twitter.com:484245257</id><languages><languages>es</languages></languages><utcOffset/><followersCount>19</followersCount><preferredUsername>qogequhoqog</preferredUsername><displayName>comito</displayName><statusesCount>171</statusesCount><objectType>person</objectType></actor><twitter_entities><hashtags/><user_mentions/><urls><urls><indices><indices>22</indices><indices>42</indices></indices><expanded_url>http://zovirax-for-cold-sore.cheapillsshop.com</expanded_url><display_url>…virax-for-cold-sore.cheapillsshop.com</display_url><url>http://t.co/xEriPbav</url></urls></urls></twitter_entities><objectType>activity</objectType><platform>twitter</platform><posted_date>2012-03-28</posted_date><followers>19</followers><statuses>171</statuses><region>N.A.</region></marklogic>