<?xml version="1.0" encoding="UTF-8"?>
<marklogic><id>tag:search.twitter.com,2005:185038670657634304</id><type>P</type><type>P</type><body> <product_name company="N.A.">Alka-seltzer</product_name> plus <adverse_event>Cold</adverse_event> http://t.co/ag2tLUgs</body><verb>post</verb><link>http://twitter.com/cohytowarenym/statuses/185038670657634304</link><generator><link>http://twitter.com</link><displayName>web</displayName></generator><postedTime>2012-03-28T16:20:31.000Z</postedTime><provider><link>http://www.twitter.com</link><displayName>Twitter</displayName><objectType>service</objectType></provider><object><summary>zyrtec alka-seltzer plus cold http://t.co/ag2tLUgs</summary><id>object:search.twitter.com,2005:185038670657634304</id><link>http://twitter.com/cohytowarenym/statuses/185038670657634304</link><postedTime>2012-03-28T16:20:31.000Z</postedTime><objectType>note</objectType></object><actor><summary>I'm kaput, devious and burdensome. Also crisp and sparkling. Favorite movie - Happy Together.&#13;</summary><twitterTimeZone/><friendsCount>32</friendsCount><location><displayName>NH&#13;</displayName><objectType>place</objectType></location><link>http://www.twitter.com/cohytowarenym</link><postedTime>2012-02-11T06:03:56.000Z</postedTime><image>http://a0.twimg.com/profile_images/1820900868/959_normal.gif</image><links><links><rel>me</rel><href/></links></links><listedCount>0</listedCount><id>id:twitter.com:489115078</id><languages><languages>id</languages></languages><utcOffset/><followersCount>7</followersCount><preferredUsername>cohytowarenym</preferredUsername><displayName>tuzzo</displayName><statusesCount>75</statusesCount><objectType>person</objectType></actor><twitter_entities><hashtags/><user_mentions/><urls><urls><indices><indices>30</indices><indices>50</indices></indices><expanded_url>http://zyrtec-alka-seltzer-plus-cold.cheapillsshop.com</expanded_url><display_url>…a-seltzer-plus-cold.cheapillsshop.com</display_url><url>http://t.co/ag2tLUgs</url></urls></urls></twitter_entities><objectType>activity</objectType><platform>twitter</platform><posted_date>2012-03-28</posted_date><followers>7</followers><statuses>75</statuses><region>N.A.</region></marklogic>