<?xml version="1.0" encoding="UTF-8"?>
<marklogic><id>tag:search.twitter.com,2005:185080595456602113</id><type>P</type><type>P</type><body>Is <product_name company="GlaxoSmithKline">Solpadeine</product_name> max too much for me to take for <adverse_event>Headache</adverse_event>?</body><verb>post</verb><link>http://twitter.com/MissLeviRoberts/statuses/185080595456602113</link><generator><link>http://twitter.com/#!/download/iphone</link><displayName>Twitter for iPhone</displayName></generator><postedTime>2012-03-28T19:07:07.000Z</postedTime><provider><link>http://www.twitter.com</link><displayName>Twitter</displayName><objectType>service</objectType></provider><object><summary>Is solpadeine max too much for me to take for headache?</summary><id>object:search.twitter.com,2005:185080595456602113</id><link>http://twitter.com/MissLeviRoberts/statuses/185080595456602113</link><postedTime>2012-03-28T19:07:07.000Z</postedTime><objectType>note</objectType></object><actor><summary>Ohana means family, family means nobody gets left behind.</summary><twitterTimeZone/><friendsCount>411</friendsCount><location><displayName>San Andreas </displayName><objectType>place</objectType></location><link>http://www.twitter.com/MissLeviRoberts</link><postedTime>2010-08-10T01:26:55.000Z</postedTime><image>http://a0.twimg.com/profile_images/1808954365/image_normal.jpg</image><links><links><rel>me</rel><href>http://www.facebook.com/profile.php?id=100001076924633</href></links></links><listedCount>5</listedCount><id>id:twitter.com:176632475</id><languages><languages>en</languages></languages><utcOffset/><followersCount>540</followersCount><preferredUsername>MissLeviRoberts</preferredUsername><displayName>Levi Roberts</displayName><statusesCount>10329</statusesCount><objectType>person</objectType></actor><twitter_entities><hashtags/><user_mentions/><urls/></twitter_entities><objectType>activity</objectType><platform>twitter</platform><posted_date>2012-03-28</posted_date><followers>540</followers><statuses>10329</statuses><region>N.A.</region></marklogic>