<?xml version="1.0" encoding="UTF-8"?>
<marklogic><id>tag:search.twitter.com,2005:187088070770819072</id><type>P</type><type>P</type><body>Been up  that <product_name company="P&amp;G">Nyquil</product_name> for a bit. Early morning <adverse_event>Burn</adverse_event> session. #Rolling #Papers in the dark. #RepYoGang listening to that #TaylorGang</body><verb>post</verb><link>http://twitter.com/UnanimouslyMe/statuses/187088070770819072</link><generator><link>http://mobile.twitter.com</link><displayName>Mobile Web</displayName></generator><postedTime>2012-04-03T08:04:06.000Z</postedTime><provider><link>http://www.twitter.com</link><displayName>Twitter</displayName><objectType>service</objectType></provider><object><summary>Been up off that nyquil for a bit. Early morning burn session. #Rolling #Papers in the dark. #RepYoGang listening to that #TaylorGang</summary><id>object:search.twitter.com,2005:187088070770819072</id><link>http://twitter.com/UnanimouslyMe/statuses/187088070770819072</link><postedTime>2012-04-03T08:04:06.000Z</postedTime><objectType>note</objectType></object><actor><summary>I feel I would need more than  160 characters and a lot more time to thoroughly detail myself for you.</summary><twitterTimeZone>Atlantic Time (Canada)</twitterTimeZone><friendsCount>45</friendsCount><location><displayName>Changing environments rapidly!</displayName><objectType>place</objectType></location><link>http://www.twitter.com/UnanimouslyMe</link><postedTime>2012-03-16T17:24:48.000Z</postedTime><image>http://a0.twimg.com/profile_images/1924242321/john-lennon-quote-happy_normal.jpg</image><links><links><rel>me</rel><href/></links></links><listedCount>0</listedCount><id>id:twitter.com:526611054</id><languages><languages>en</languages></languages><utcOffset>-14400</utcOffset><followersCount>17</followersCount><preferredUsername>UnanimouslyMe</preferredUsername><displayName>Do you really care?</displayName><statusesCount>33</statusesCount><objectType>person</objectType></actor><twitter_entities><hashtags><hashtags><text>Rolling</text><indices><indices>63</indices><indices>71</indices></indices></hashtags><hashtags><text>Papers</text><indices><indices>72</indices><indices>79</indices></indices></hashtags><hashtags><text>RepYoGang</text><indices><indices>93</indices><indices>103</indices></indices></hashtags><hashtags><text>TaylorGang</text><indices><indices>122</indices><indices>133</indices></indices></hashtags></hashtags><urls/><user_mentions/></twitter_entities><objectType>activity</objectType><platform>twitter</platform><posted_date>2012-04-03</posted_date><followers>17</followers><statuses>33</statuses><region>Atlantic</region></marklogic>