<?xml version="1.0" encoding="UTF-8"?>
<marklogic><id>tag:search.twitter.com,2005:187058332392095744</id><type>P</type><type>P</type><inReplyTo><link>http://twitter.com/datgirlGOLDIE/statuses/187057731960705025</link></inReplyTo><body>@datgirlGOLDIE I wish I could go to sleep right now... This <adverse_event>Flu</adverse_event> is kickin my ass &amp; I'm still watin for someone to get me some fuckin <product_name company="P&amp;G">Nyquil</product_name></body><verb>post</verb><link>http://twitter.com/Clutch1GFM/statuses/187058332392095744</link><generator><link>http://twitter.com/download/android</link><displayName>Twitter for Android</displayName></generator><postedTime>2012-04-03T06:05:56.000Z</postedTime><provider><link>http://www.twitter.com</link><displayName>Twitter</displayName><objectType>service</objectType></provider><object><summary>@datgirlGOLDIE I wish I could go to sleep right now... This flu is kickin my ass &amp; I'm still watin for someone to get me some fuckin nyquil</summary><id>object:search.twitter.com,2005:187058332392095744</id><link>http://twitter.com/Clutch1GFM/statuses/187058332392095744</link><postedTime>2012-04-03T06:05:56.000Z</postedTime><objectType>note</objectType></object><actor><summary>Grind For Mine Nigga Nightshift Hustler #TeamScumbag #TeamEastside</summary><twitterTimeZone>Eastern Time (US &amp; Canada)</twitterTimeZone><friendsCount>541</friendsCount><location><displayName>Loose County, FL</displayName><objectType>place</objectType></location><link>http://www.twitter.com/Clutch1GFM</link><postedTime>2009-07-30T20:57:05.000Z</postedTime><image>http://a0.twimg.com/profile_images/1784753524/nv92CCF9_normal</image><links><links><rel>me</rel><href>http://soundcloud.com/clutch1gfm</href></links></links><listedCount>3</listedCount><id>id:twitter.com:61596877</id><languages><languages>en</languages></languages><utcOffset>-18000</utcOffset><followersCount>297</followersCount><preferredUsername>Clutch1GFM</preferredUsername><displayName>Scumbag Stash Gordon</displayName><statusesCount>3632</statusesCount><objectType>person</objectType></actor><twitter_entities><hashtags/><urls/><user_mentions><user_mentions><indices><indices>0</indices><indices>14</indices></indices><screen_name>datgirlGOLDIE</screen_name><name>Mz.Dipped in INK™</name><id_str>105679332</id_str><id>105679332</id></user_mentions></user_mentions></twitter_entities><objectType>activity</objectType><platform>twitter</platform><posted_date>2012-04-03</posted_date><followers>297</followers><statuses>3632</statuses><region>Eastern</region></marklogic>