<?xml version="1.0" encoding="UTF-8"?>
<marklogic><id>tag:search.twitter.com,2005:185037296725270528</id><type>P</type><type>P</type><body>Just give me head during the summer I don't wanna fuck it be <adverse_event>Too hot</adverse_event>. I'll make sure I get you fresh <product_name company="Energizer">Batteries</product_name> tho</body><verb>post</verb><link>http://twitter.com/Kaso_VS_Jason/statuses/185037296725270528</link><generator><link>http://www.echofon.com/</link><displayName>Echofon</displayName></generator><postedTime>2012-03-28T16:15:04.000Z</postedTime><provider><link>http://www.twitter.com</link><displayName>Twitter</displayName><objectType>service</objectType></provider><object><summary>Just give me head during the summer I don't wanna fuck it be too hot. I'll make sure I get you fresh batteries tho</summary><id>object:search.twitter.com,2005:185037296725270528</id><link>http://twitter.com/Kaso_VS_Jason/statuses/185037296725270528</link><postedTime>2012-03-28T16:15:04.000Z</postedTime><objectType>note</objectType></object><actor><summary>I'm good </summary><twitterTimeZone>Central Time (US &amp; Canada)</twitterTimeZone><friendsCount>372</friendsCount><location><displayName>Ridin thru Sparta </displayName><objectType>place</objectType></location><link>http://www.twitter.com/Kaso_VS_Jason</link><postedTime>2011-01-24T16:19:25.000Z</postedTime><image>http://a0.twimg.com/profile_images/1934118207/Kaso_VS_Jason_normal.jpg</image><links><links><rel>me</rel><href/></links></links><listedCount>2</listedCount><id>id:twitter.com:242362785</id><languages><languages>en</languages></languages><utcOffset>-21600</utcOffset><followersCount>418</followersCount><preferredUsername>Kaso_VS_Jason</preferredUsername><displayName>Kaso Leonidas </displayName><statusesCount>23377</statusesCount><objectType>person</objectType></actor><twitter_entities><hashtags/><user_mentions/><urls/></twitter_entities><objectType>activity</objectType><platform>twitter</platform><posted_date>2012-03-28</posted_date><followers>418</followers><statuses>23377</statuses><region>Central</region></marklogic>