<?xml version="1.0" encoding="UTF-8"?>
<marklogic><id>tag:search.twitter.com,2005:185040205328302080</id><type>P</type><type>P</type><body><product_name company="P&amp;G">Ivory</product_name> nd Neem got <adverse_event>Cold</adverse_event> feet huh??! lol</body><verb>post</verb><link>http://twitter.com/AmazingAshley88/statuses/185040205328302080</link><generator><link>http://www.tweetcaster.com</link><displayName>TweetCaster for Android</displayName></generator><postedTime>2012-03-28T16:26:37.000Z</postedTime><provider><link>http://www.twitter.com</link><displayName>Twitter</displayName><objectType>service</objectType></provider><object><summary>Ivory nd Neem got cold feet huh??! lol</summary><id>object:search.twitter.com,2005:185040205328302080</id><link>http://twitter.com/AmazingAshley88/statuses/185040205328302080</link><postedTime>2012-03-28T16:26:37.000Z</postedTime><objectType>note</objectType></object><actor><summary> My life your Entertainment......  Enjoy</summary><twitterTimeZone>Eastern Time (US &amp; Canada)</twitterTimeZone><friendsCount>148</friendsCount><link>http://www.twitter.com/AmazingAshley88</link><postedTime>2011-12-08T14:42:58.000Z</postedTime><image>http://a0.twimg.com/profile_images/1958093142/profile_normal.jpg</image><links><links><rel>me</rel><href/></links></links><listedCount>1</listedCount><id>id:twitter.com:431649843</id><languages><languages>en</languages></languages><utcOffset>-18000</utcOffset><followersCount>153</followersCount><preferredUsername>AmazingAshley88</preferredUsername><displayName>Ashley</displayName><statusesCount>6817</statusesCount><objectType>person</objectType></actor><twitter_entities><hashtags/><user_mentions/><urls/></twitter_entities><objectType>activity</objectType><platform>twitter</platform><posted_date>2012-03-28</posted_date><followers>153</followers><statuses>6817</statuses><region>Eastern</region></marklogic>