<?xml version="1.0" encoding="UTF-8"?>
<marklogic><id>tag:search.twitter.com,2005:185071341601427457</id><type>P</type><type>P</type><inReplyTo><link>http://twitter.com/JaayPeso/statuses/185069533483110400</link></inReplyTo><body>@JaayPeso @woelfel Yep we gonna sign him as a <product_name company="PepsiCo-Gatorade">Gatorade</product_name> Despenser to keep everybody cool, Cause he knows All about Gettin <adverse_event>Burnt</adverse_event></body><verb>post</verb><link>http://twitter.com/BigMykeBeats/statuses/185071341601427457</link><generator><link>http://twitter.com</link><displayName>web</displayName></generator><postedTime>2012-03-28T18:30:20.000Z</postedTime><provider><link>http://www.twitter.com</link><displayName>Twitter</displayName><objectType>service</objectType></provider><object><summary>@JaayPeso @woelfel Yep we gonna sign him as a Gatorade Despenser to keep everybody cool, Cause he knows All about Gettin Burnt</summary><id>object:search.twitter.com,2005:185071341601427457</id><link>http://twitter.com/BigMykeBeats/statuses/185071341601427457</link><postedTime>2012-03-28T18:30:20.000Z</postedTime><objectType>note</objectType></object><actor><summary>*#TheThirst Police Captain*  Laughin @ Something or Somebody...  Oh yea I make Beats ♫Producer♫</summary><twitterTimeZone>Eastern Time (US &amp; Canada)</twitterTimeZone><friendsCount>246</friendsCount><location><displayName>Makin Magic</displayName><objectType>place</objectType></location><link>http://www.twitter.com/BigMykeBeats</link><postedTime>2010-12-11T06:44:47.000Z</postedTime><image>http://a0.twimg.com/profile_images/1240267111/BMB_shirt_normal.jpg</image><links><links><rel>me</rel><href>http://www.myflashstore.net/profile/BigMykeBeats</href></links></links><listedCount>3</listedCount><id>id:twitter.com:225295511</id><languages><languages>en</languages></languages><utcOffset>-18000</utcOffset><followersCount>376</followersCount><preferredUsername>BigMykeBeats</preferredUsername><displayName>Big Myke Beats</displayName><statusesCount>14747</statusesCount><objectType>person</objectType></actor><twitter_entities><hashtags/><user_mentions><user_mentions><indices><indices>0</indices><indices>9</indices></indices><id_str>22824885</id_str><name>Jaay Peso</name><id>22824885</id><screen_name>JaayPeso</screen_name></user_mentions><user_mentions><indices><indices>10</indices><indices>18</indices></indices><id_str>27949793</id_str><name>woelfel</name><id>27949793</id><screen_name>woelfel</screen_name></user_mentions></user_mentions><urls/></twitter_entities><objectType>activity</objectType><platform>twitter</platform><posted_date>2012-03-28</posted_date><followers>376</followers><statuses>14747</statuses><region>Eastern</region></marklogic>