<?xml version="1.0" encoding="UTF-8"?>
<marklogic><id>tag:search.twitter.com,2005:185044431739691008</id><type>P</type><type>P</type><inReplyTo><link>http://twitter.com/Murray_Turner/statuses/185038604320505856</link></inReplyTo><body>@Murray_Turner I had a chuckle at that.  Lying here on the couch, slowly sipping on a <adverse_event>Cold</adverse_event> <product_name company="Coca Cola">Coke</product_name>.</body><verb>post</verb><link>http://twitter.com/allankent/statuses/185044431739691008</link><generator><link>http://itunes.apple.com/us/app/twitter/id409789998?mt=12</link><displayName>Twitter for Mac</displayName></generator><postedTime>2012-03-28T16:43:25.000Z</postedTime><provider><link>http://www.twitter.com</link><displayName>Twitter</displayName><objectType>service</objectType></provider><object><summary>@Murray_Turner I had a chuckle at that.  Lying here on the couch, slowly sipping on a cold coke.</summary><id>object:search.twitter.com,2005:185044431739691008</id><link>http://twitter.com/allankent/statuses/185044431739691008</link><postedTime>2012-03-28T16:43:25.000Z</postedTime><objectType>note</objectType></object><actor><summary>Head of AtPlay (@saatchiatplay), interactive division for Saatchi &amp; Saatchi SA (@saatchiza)</summary><twitterTimeZone>Pretoria</twitterTimeZone><friendsCount>470</friendsCount><location><displayName>Cape Town, South Africa</displayName><objectType>place</objectType></location><link>http://www.twitter.com/allankent</link><postedTime>2007-05-20T10:41:30.000Z</postedTime><image>http://a0.twimg.com/profile_images/44324652/t808535354_2372_normal.jpg</image><links><links><rel>me</rel><href>http://allankent.co.za</href></links></links><listedCount>85</listedCount><id>id:twitter.com:6175712</id><languages><languages>en</languages></languages><utcOffset>7200</utcOffset><followersCount>2020</followersCount><preferredUsername>allankent</preferredUsername><displayName>Allan Kent</displayName><statusesCount>8672</statusesCount><objectType>person</objectType></actor><twitter_entities><hashtags/><urls/><user_mentions><user_mentions><indices><indices>0</indices><indices>14</indices></indices><id_str>51093594</id_str><name>Murray Turner</name><id>51093594</id><screen_name>Murray_Turner</screen_name></user_mentions></user_mentions></twitter_entities><objectType>activity</objectType><platform>twitter</platform><posted_date>2012-03-28</posted_date><followers>2020</followers><statuses>8672</statuses><region>Pretoria</region></marklogic>