<?xml version="1.0" encoding="UTF-8"?>
<marklogic><id>tag:search.twitter.com,2005:185047618555092993</id><type>P</type><type>P</type><body><adverse_event>Red eye</adverse_event> no <product_name company="Johnson - Johnson">Visine</product_name></body><verb>post</verb><link>http://twitter.com/REAL_TFlo/statuses/185047618555092993</link><generator><link>http://twitter.com/#!/download/iphone</link><displayName>Twitter for iPhone</displayName></generator><postedTime>2012-03-28T16:56:04.000Z</postedTime><provider><link>http://www.twitter.com</link><displayName>Twitter</displayName><objectType>service</objectType></provider><object><summary>Red eye no visine</summary><id>object:search.twitter.com,2005:185047618555092993</id><link>http://twitter.com/REAL_TFlo/statuses/185047618555092993</link><postedTime>2012-03-28T16:56:04.000Z</postedTime><objectType>note</objectType></object><actor><summary>#imon1</summary><twitterTimeZone/><friendsCount>265</friendsCount><location><displayName>Groveport Ohio</displayName><objectType>place</objectType></location><link>http://www.twitter.com/REAL_TFlo</link><postedTime>2011-06-11T05:25:43.000Z</postedTime><image>http://a0.twimg.com/profile_images/1947221904/image_normal.jpg</image><links><links><rel>me</rel><href/></links></links><listedCount>0</listedCount><id>id:twitter.com:315023545</id><languages><languages>en</languages></languages><utcOffset/><followersCount>305</followersCount><preferredUsername>REAL_TFlo</preferredUsername><displayName>Tyler Floyd</displayName><statusesCount>5366</statusesCount><objectType>person</objectType></actor><twitter_entities><hashtags/><urls/><user_mentions/></twitter_entities><objectType>activity</objectType><platform>twitter</platform><posted_date>2012-03-28</posted_date><followers>305</followers><statuses>5366</statuses><region>N.A.</region></marklogic>