<?xml version="1.0" encoding="UTF-8"?>
<marklogic><id>tag:search.twitter.com,2005:185045039871819776</id><type>P</type><type>P</type><body>Treated myself to the new twilight dvd and a <adverse_event>Cold</adverse_event> diet <product_name company="Coca Cola">Coke</product_name> from McD's with the money from placement :D Loving the sun.</body><verb>post</verb><link>http://twitter.com/GeorgieH66/statuses/185045039871819776</link><generator><link>http://twitter.com</link><displayName>web</displayName></generator><postedTime>2012-03-28T16:45:50.000Z</postedTime><provider><link>http://www.twitter.com</link><displayName>Twitter</displayName><objectType>service</objectType></provider><object><summary>Treated myself to the new twilight dvd and a cold diet coke from McD's with the money from placement :D Loving the sun.</summary><id>object:search.twitter.com,2005:185045039871819776</id><link>http://twitter.com/GeorgieH66/statuses/185045039871819776</link><postedTime>2012-03-28T16:45:50.000Z</postedTime><objectType>note</objectType></object><actor><summary>Student. Coventry City FC. Music. Travel. DietCoke.Disney.Snow.Gilmore Girls.  </summary><twitterTimeZone>London</twitterTimeZone><friendsCount>808</friendsCount><location><displayName>Warwickshire </displayName><objectType>place</objectType></location><link>http://www.twitter.com/GeorgieH66</link><postedTime>2011-01-24T18:41:33.000Z</postedTime><image>http://a0.twimg.com/profile_images/1710277364/02ec4411_normal.jpg</image><links><links><rel>me</rel><href>http://ghcarpediem.tumblr.com/</href></links></links><listedCount>14</listedCount><id>id:twitter.com:242413190</id><languages><languages>en</languages></languages><utcOffset>0</utcOffset><followersCount>643</followersCount><preferredUsername>GeorgieH66</preferredUsername><displayName>Georgie</displayName><statusesCount>16326</statusesCount><objectType>person</objectType></actor><twitter_entities><hashtags/><user_mentions/><urls/></twitter_entities><objectType>activity</objectType><platform>twitter</platform><posted_date>2012-03-28</posted_date><followers>643</followers><statuses>16326</statuses><region>London</region></marklogic>