<?xml version="1.0" encoding="UTF-8"?>
<marklogic><id>tag:search.twitter.com,2005:185054980296818688</id><type>P</type><type>P</type><body><product_name company="Coca Cola">Coke</product_name> on er black skin Make a stripe like ah zebra… call that jungle <adverse_event>Fever</adverse_event></body><verb>post</verb><link>http://twitter.com/Be_deelishis/statuses/185054980296818688</link><generator><link>http://levelupstudio.com/plume</link><displayName>Plume for Android</displayName></generator><postedTime>2012-03-28T17:25:20.000Z</postedTime><provider><link>http://www.twitter.com</link><displayName>Twitter</displayName><objectType>service</objectType></provider><object><summary>Coke on er black skin Make a stripe like ah zebra… call that jungle fever</summary><id>object:search.twitter.com,2005:185054980296818688</id><link>http://twitter.com/Be_deelishis/statuses/185054980296818688</link><postedTime>2012-03-28T17:25:20.000Z</postedTime><objectType>note</objectType></object><actor><summary>#teamSAGITTARIUS #teamPRETTY #teamSPRINT #teamDMC #teamINNOCENTuntilprovenguilty...#teamBRIT</summary><twitterTimeZone>Eastern Time (US &amp; Canada)</twitterTimeZone><friendsCount>132</friendsCount><location><displayName>Detroit</displayName><objectType>place</objectType></location><link>http://www.twitter.com/Be_deelishis</link><postedTime>2011-11-18T14:45:27.000Z</postedTime><image>http://a0.twimg.com/profile_images/1967673006/g00YO4s4_normal</image><links><links><rel>me</rel><href/></links></links><listedCount>0</listedCount><id>id:twitter.com:415583293</id><languages><languages>en</languages></languages><utcOffset>-18000</utcOffset><followersCount>161</followersCount><preferredUsername>Be_deelishis</preferredUsername><displayName>Britney </displayName><statusesCount>1362</statusesCount><objectType>person</objectType></actor><twitter_entities><hashtags/><user_mentions/><urls/></twitter_entities><objectType>activity</objectType><platform>twitter</platform><posted_date>2012-03-28</posted_date><followers>161</followers><statuses>1362</statuses><region>Eastern</region></marklogic>