<?xml version="1.0" encoding="UTF-8"?>
<marklogic><id>tag:search.twitter.com,2005:185064747832582144</id><type>P</type><type>P</type><body>About to take me a nap; that's if this <product_name company="Johnson - Johnson">Benadryl</product_name> kicks in so my eye, ears, nose n throat can stop <adverse_event>Itching</adverse_event>. :/</body><verb>post</verb><link>http://twitter.com/MekaB07/statuses/185064747832582144</link><generator><link>http://blackberry.com/twitter</link><displayName>Twitter for BlackBerry®</displayName></generator><postedTime>2012-03-28T18:04:08.000Z</postedTime><provider><link>http://www.twitter.com</link><displayName>Twitter</displayName><objectType>service</objectType></provider><object><summary>About to take me a nap; that's if this Benadryl kicks in so my eye, ears, nose n throat can stop itching. :/</summary><id>object:search.twitter.com,2005:185064747832582144</id><link>http://twitter.com/MekaB07/statuses/185064747832582144</link><postedTime>2012-03-28T18:04:08.000Z</postedTime><objectType>note</objectType></object><actor><summary>To Know Me Is To Love Me ♥ ;)  #teamScorpio #RacerNation #teamMommy #teamIndependent #teamFollowBack</summary><twitterTimeZone>Central Time (US &amp; Canada)</twitterTimeZone><friendsCount>270</friendsCount><location><displayName>Kentucky</displayName><objectType>place</objectType></location><link>http://www.twitter.com/MekaB07</link><postedTime>2009-10-15T16:33:22.000Z</postedTime><image>http://a0.twimg.com/profile_images/1978600755/Murray-20120328-01053_normal.jpg</image><links><links><rel>me</rel><href/></links></links><listedCount>1</listedCount><id>id:twitter.com:82655567</id><languages><languages>en</languages></languages><utcOffset>-21600</utcOffset><followersCount>212</followersCount><preferredUsername>MekaB07</preferredUsername><displayName>Shameka Bransford</displayName><statusesCount>5031</statusesCount><objectType>person</objectType></actor><twitter_entities><hashtags/><urls/><user_mentions/></twitter_entities><objectType>activity</objectType><platform>twitter</platform><posted_date>2012-03-28</posted_date><followers>212</followers><statuses>5031</statuses><region>Central</region></marklogic>