<?xml version="1.0" encoding="UTF-8"?>
<marklogic><id>tag:search.twitter.com,2005:185077688262852610</id><type>P</type><type>P</type><body>Everytime I open my eye, it's just an instant sharp <adverse_event>Nerve pain</adverse_event> in my back tooth. I can't just keep taking <product_name company="Johnson - Johnson">Motrin</product_name> for the rest of my life ...</body><verb>post</verb><link>http://twitter.com/ItsWallaTime/statuses/185077688262852610</link><generator><link>http://twitter.com/devices</link><displayName>txt</displayName></generator><postedTime>2012-03-28T18:55:34.000Z</postedTime><provider><link>http://www.twitter.com</link><displayName>Twitter</displayName><objectType>service</objectType></provider><object><summary>Everytime I open my eye, it's just an instant sharp nerve pain in my back tooth. I can't just keep taking Motrin for the rest of my life ...</summary><id>object:search.twitter.com,2005:185077688262852610</id><link>http://twitter.com/ItsWallaTime/statuses/185077688262852610</link><postedTime>2012-03-28T18:55:34.000Z</postedTime><objectType>note</objectType></object><actor><summary>Parental Advisory: Explicit Content. &#13;
&#13;
Viewer Discretion is advised. </summary><twitterTimeZone>Pacific Time (US &amp; Canada)</twitterTimeZone><friendsCount>201</friendsCount><location><displayName>Downtown Sac</displayName><objectType>place</objectType></location><link>http://www.twitter.com/ItsWallaTime</link><postedTime>2009-07-02T02:53:31.000Z</postedTime><image>http://a0.twimg.com/profile_images/1894613234/267553_1700599489577_1675625295_1174306_725979_n_normal.jpg</image><links><links><rel>me</rel><href>http://www.itswallatime.tumblr.com</href></links></links><listedCount>1</listedCount><id>id:twitter.com:52946443</id><languages><languages>en</languages></languages><utcOffset>-28800</utcOffset><followersCount>264</followersCount><preferredUsername>ItsWallaTime</preferredUsername><displayName>Trev G.Walla </displayName><statusesCount>12545</statusesCount><objectType>person</objectType></actor><twitter_entities><hashtags/><user_mentions/><urls/></twitter_entities><objectType>activity</objectType><platform>twitter</platform><posted_date>2012-03-28</posted_date><followers>264</followers><statuses>12545</statuses><region>Pacific</region></marklogic>