<?xml version="1.0" encoding="UTF-8"?>
<marklogic><id>tag:search.twitter.com,2005:185033746033020929</id><type>P</type><type>P</type><body>Awesome run this morning, nice bit of riding up the compound until the council came up :) now a <adverse_event>Cold</adverse_event> <product_name company="Coca Cola">Coke</product_name> @kelvin_townsend #chilling</body><verb>post</verb><link>http://twitter.com/snowymx31/statuses/185033746033020929</link><generator><link>http://twitter.com/#!/download/iphone</link><displayName>Twitter for iPhone</displayName></generator><postedTime>2012-03-28T16:00:57.000Z</postedTime><provider><link>http://www.twitter.com</link><displayName>Twitter</displayName><objectType>service</objectType></provider><object><summary>Awesome run this morning, nice bit of riding up the compound until the council came up :) now a cold coke @kelvin_townsend #chilling</summary><id>object:search.twitter.com,2005:185033746033020929</id><link>http://twitter.com/snowymx31/statuses/185033746033020929</link><postedTime>2012-03-28T16:00:57.000Z</postedTime><objectType>note</objectType></object><actor><summary>Seize the moment!....... pro mx racer from devon, england!</summary><twitterTimeZone/><friendsCount>147</friendsCount><location><displayName>england</displayName><objectType>place</objectType></location><link>http://www.twitter.com/snowymx31</link><postedTime>2011-01-03T15:52:34.000Z</postedTime><image>http://a0.twimg.com/profile_images/1845383769/image_normal.jpg</image><links><links><rel>me</rel><href>http://www.snowymx.com</href></links></links><listedCount>0</listedCount><id>id:twitter.com:233573726</id><languages><languages>en</languages></languages><utcOffset/><followersCount>323</followersCount><preferredUsername>snowymx31</preferredUsername><displayName>alex snow</displayName><statusesCount>632</statusesCount><objectType>person</objectType></actor><twitter_entities><hashtags><hashtags><text>chilling</text><indices><indices>123</indices><indices>132</indices></indices></hashtags></hashtags><user_mentions><user_mentions><indices><indices>106</indices><indices>122</indices></indices><name>kelvin townsend</name><id_str>445011936</id_str><id>445011936</id><screen_name>kelvin_townsend</screen_name></user_mentions></user_mentions><urls/></twitter_entities><objectType>activity</objectType><platform>twitter</platform><posted_date>2012-03-28</posted_date><followers>323</followers><statuses>632</statuses><region>N.A.</region></marklogic>