<?xml version="1.0" encoding="UTF-8"?>
<marklogic><id>tag:search.twitter.com,2005:179437553970192384</id><type>P</type><type>P</type><body>My 8am is gonna kick my ass tomorrow....time for some <product_name company="N.A.">NyQuil</product_name> &amp;amp; bed. Hopefully my <adverse_event><adverse_event><adverse_event><adverse_event><adverse_event><adverse_event><adverse_event>Coughing</adverse_event></adverse_event></adverse_event></adverse_event></adverse_event></adverse_event></adverse_event> won't keep me up again tonight</body><verb>post</verb><link>http://twitter.com/hillhutt222/statuses/179437553970192384</link><generator><link>http://twitter.com/download/android</link><displayName>Twitter for Android</displayName></generator><postedTime>2012-03-13T05:23:41.000Z</postedTime><provider><link>http://www.twitter.com</link><displayName>Twitter</displayName><objectType>service</objectType></provider><object><summary>My 8am is gonna kick my ass tomorrow....time for some NyQuil &amp;amp; bed. Hopefully my coughing won't keep me up again tonight</summary><id>object:search.twitter.com,2005:179437553970192384</id><link>http://twitter.com/hillhutt222/statuses/179437553970192384</link><postedTime>2012-03-13T05:23:41.000Z</postedTime><objectType>note</objectType></object><actor><summary>Don't hate me for who I am, hate me because you can't be me; I'm an original, not a copy or a fake. ~live, love, laugh~ </summary><twitterTimeZone>Central Time (US &amp; Canada)</twitterTimeZone><friendsCount>194</friendsCount><location><displayName>Minnesota</displayName><objectType>place</objectType></location><link>http://www.twitter.com/hillhutt222</link><postedTime>2009-04-15T00:12:30.000Z</postedTime><image>http://a0.twimg.com/profile_images/1836505877/120217-220236_normal.jpg</image><links><links><rel>me</rel><href/></links></links><listedCount>1</listedCount><id>id:twitter.com:31275899</id><languages><languages>en</languages></languages><utcOffset>-21600</utcOffset><followersCount>75</followersCount><preferredUsername>hillhutt222</preferredUsername><displayName>Hill Huttner</displayName><statusesCount>4530</statusesCount><objectType>person</objectType></actor><twitter_entities><hashtags/><user_mentions/><urls/></twitter_entities><objectType>activity</objectType><platform>twitter</platform><posted_date>2012-03-13</posted_date><statuses>75</statuses><followers>4530</followers><region>Central</region><age>75</age><coupon>4530</coupon><region>Central</region><age>75</age><coupon>4530</coupon><region>Central</region><age>75</age><coupon>4530</coupon><region>Central</region><age>75</age><coupon>4530</coupon><region>Central</region><age>75</age><coupon>4530</coupon><region>Central</region><age>75</age><coupon>4530</coupon><region>Central</region></marklogic>