<?xml version="1.0" encoding="UTF-8"?>
<marklogic><id>tag:search.twitter.com,2005:187235064130711552</id><type>P</type><type>P</type><body>There is only one good thing about coming down with a <adverse_event>Cold</adverse_event>...#<product_name company="N.A.">NyQuil</product_name> sleep like a baby.</body><verb>post</verb><link>http://twitter.com/AndrewCohn1/statuses/187235064130711552</link><generator><link>http://twitter.com/download/android</link><displayName>Twitter for Android</displayName></generator><postedTime>2012-04-03T17:48:12.000Z</postedTime><provider><link>http://www.twitter.com</link><displayName>Twitter</displayName><objectType>service</objectType></provider><object><summary>There is only one good thing about coming down with a cold...#NyQuil sleep like a baby.</summary><id>object:search.twitter.com,2005:187235064130711552</id><link>http://twitter.com/AndrewCohn1/statuses/187235064130711552</link><postedTime>2012-04-03T17:48:12.000Z</postedTime><objectType>note</objectType></object><actor><summary>A sports enthusiast who can't get enough.</summary><twitterTimeZone/><friendsCount>87</friendsCount><location><displayName>Atlanta, GA</displayName><objectType>place</objectType></location><link>http://www.twitter.com/AndrewCohn1</link><postedTime>2011-07-05T13:53:03.000Z</postedTime><image>http://a0.twimg.com/profile_images/1759526437/12Cohn_Andrew_normal.jpg</image><links><links><rel>me</rel><href/></links></links><listedCount>0</listedCount><id>id:twitter.com:329697946</id><languages><languages>en</languages></languages><utcOffset/><followersCount>31</followersCount><preferredUsername>AndrewCohn1</preferredUsername><displayName>Andrew Cohn</displayName><statusesCount>76</statusesCount><objectType>person</objectType></actor><twitter_entities><urls/><hashtags><hashtags><text>NyQuil</text><indices><indices>61</indices><indices>68</indices></indices></hashtags></hashtags><user_mentions/></twitter_entities><objectType>activity</objectType><platform>twitter</platform><posted_date>2012-04-03</posted_date><followers>31</followers><statuses>76</statuses><region>N.A.</region></marklogic>