<?xml version="1.0" encoding="UTF-8"?>
<marklogic><id>tag:search.twitter.com,2005:185081329195565057</id><type>P</type><type>P</type><body>I'm about to <adverse_event>Burn</adverse_event> <product_name company="Coca Cola">Coke</product_name> boys 2 for Colleen's car lol</body><verb>post</verb><link>http://twitter.com/_LoisLaneee/statuses/185081329195565057</link><generator><link>http://twitter.com/devices</link><displayName>txt</displayName></generator><postedTime>2012-03-28T19:10:02.000Z</postedTime><provider><link>http://www.twitter.com</link><displayName>Twitter</displayName><objectType>service</objectType></provider><object><summary>I'm about to burn coke boys 2 for Colleen's car lol</summary><id>object:search.twitter.com,2005:185081329195565057</id><link>http://twitter.com/_LoisLaneee/statuses/185081329195565057</link><postedTime>2012-03-28T19:10:02.000Z</postedTime><objectType>note</objectType></object><actor><summary>Dream. Hope. Live. ♥ This world is not black and white, there are no moral absolutes. But I believe in the beauty of my dreams, so there are possibilities.</summary><twitterTimeZone>Quito</twitterTimeZone><friendsCount>376</friendsCount><link>http://www.twitter.com/_LoisLaneee</link><postedTime>2010-12-01T02:46:38.000Z</postedTime><image>http://a0.twimg.com/profile_images/1823806568/427390_10151263639560511_506770510_22382806_1057091413_n_normal.jpg</image><links><links><rel>me</rel><href/></links></links><listedCount>0</listedCount><id>id:twitter.com:221601110</id><languages><languages>en</languages></languages><utcOffset>-18000</utcOffset><followersCount>387</followersCount><preferredUsername>_LoisLaneee</preferredUsername><displayName>Elena ♥ ❤</displayName><statusesCount>21986</statusesCount><objectType>person</objectType></actor><twitter_entities><hashtags/><urls/><user_mentions/></twitter_entities><objectType>activity</objectType><platform>twitter</platform><posted_date>2012-03-28</posted_date><followers>387</followers><statuses>21986</statuses><region>Quito</region></marklogic>