<?xml version="1.0" encoding="UTF-8"?>
<marklogic><id>tag:search.twitter.com,2005:185058709930639360</id><type>P</type><type>P</type><body>I want a big large <adverse_event>Cold</adverse_event> <product_name company="N.A.">COKE</product_name>!! And some McDonalds nowthat were at it</body><verb>post</verb><link>http://twitter.com/sofiadmz/statuses/185058709930639360</link><generator><link>http://blackberry.com/twitter</link><displayName>Twitter for BlackBerry®</displayName></generator><postedTime>2012-03-28T17:40:09.000Z</postedTime><provider><link>http://www.twitter.com</link><displayName>Twitter</displayName><objectType>service</objectType></provider><object><summary>I want a big large cold COKE!! And some McDonalds nowthat were at it</summary><id>object:search.twitter.com,2005:185058709930639360</id><link>http://twitter.com/sofiadmz/statuses/185058709930639360</link><postedTime>2012-03-28T17:40:09.000Z</postedTime><objectType>note</objectType></object><actor><summary>Actions speak louder than words</summary><twitterTimeZone/><friendsCount>99</friendsCount><location><displayName>In a very hot place...</displayName><objectType>place</objectType></location><link>http://www.twitter.com/sofiadmz</link><postedTime>2010-05-28T16:11:49.000Z</postedTime><image>http://a0.twimg.com/profile_images/1843908640/FacebookHomescreenImage_normal.jpg</image><links><links><rel>me</rel><href/></links></links><listedCount>1</listedCount><id>id:twitter.com:149173938</id><languages><languages>en</languages></languages><utcOffset/><followersCount>75</followersCount><preferredUsername>sofiadmz</preferredUsername><displayName>sofia martinez</displayName><statusesCount>3390</statusesCount><objectType>person</objectType></actor><twitter_entities><hashtags/><user_mentions/><urls/></twitter_entities><objectType>activity</objectType><platform>twitter</platform><posted_date>2012-03-28</posted_date><followers>75</followers><statuses>3390</statuses><region>N.A.</region></marklogic>