<?xml version="1.0" encoding="UTF-8"?>
<marklogic><id>tag:search.twitter.com,2005:185051621221351424</id><type>P</type><type>P</type><body>LAWDY THIS <adverse_event>COLD</adverse_event> <product_name company="N.A.">PEPSI</product_name> TO BUM</body><verb>post</verb><link>http://twitter.com/1SEXYTHING22/statuses/185051621221351424</link><generator><link>http://levelupstudio.com/plume</link><displayName>Plume for Android</displayName></generator><postedTime>2012-03-28T17:11:59.000Z</postedTime><provider><link>http://www.twitter.com</link><displayName>Twitter</displayName><objectType>service</objectType></provider><object><summary>LAWDY THIS COLD PEPSI TO BUM</summary><id>object:search.twitter.com,2005:185051621221351424</id><link>http://twitter.com/1SEXYTHING22/statuses/185051621221351424</link><postedTime>2012-03-28T17:11:59.000Z</postedTime><objectType>note</objectType></object><actor><summary>#TEAM PRETTYGIRLS#TEAM CONFIDENT #TEAM AQUARIUS #TEAM LESBIAN #TEAM THUNDER THIGHS #TEAM BROWN SKIN #TEAM PIERCINGS AND TATTOOS </summary><twitterTimeZone>Central Time (US &amp; Canada)</twitterTimeZone><friendsCount>137</friendsCount><location><displayName>Somewhere Making Money.......</displayName><objectType>place</objectType></location><link>http://www.twitter.com/1SEXYTHING22</link><postedTime>2012-02-01T21:25:30.000Z</postedTime><image>http://a0.twimg.com/profile_images/1934558637/profile_normal.jpg</image><links><links><rel>me</rel><href/></links></links><listedCount>0</listedCount><id>id:twitter.com:480757497</id><languages><languages>en</languages></languages><utcOffset>-21600</utcOffset><followersCount>75</followersCount><preferredUsername>1SEXYTHING22</preferredUsername><displayName>Mz. Anonymous </displayName><statusesCount>1409</statusesCount><objectType>person</objectType></actor><twitter_entities><hashtags/><urls/><user_mentions/></twitter_entities><objectType>activity</objectType><platform>twitter</platform><posted_date>2012-03-28</posted_date><followers>75</followers><statuses>1409</statuses><region>Central</region></marklogic>