<?xml version="1.0" encoding="UTF-8"?>
<marklogic><id>tag:search.twitter.com,2005:185071253902721024</id><type>P</type><type>P</type><body> and <product_name company="Wyeth">Advil</product_name> <adverse_event>Fever</adverse_event> http://t.co/tb4BZLU8</body><verb>post</verb><link>http://twitter.com/gyvokoxuxyr/statuses/185071253902721024</link><generator><link>http://twitter.com</link><displayName>web</displayName></generator><postedTime>2012-03-28T18:30:00.000Z</postedTime><provider><link>http://www.twitter.com</link><displayName>Twitter</displayName><objectType>service</objectType></provider><object><summary>tylenol and advil fever http://t.co/tb4BZLU8</summary><id>object:search.twitter.com,2005:185071253902721024</id><link>http://twitter.com/gyvokoxuxyr/statuses/185071253902721024</link><postedTime>2012-03-28T18:30:00.000Z</postedTime><objectType>note</objectType></object><actor><summary>She think i'm ferocious and mercenary. But I'm 107. Correlated and malcontent.</summary><twitterTimeZone/><friendsCount>77</friendsCount><location><displayName>US</displayName><objectType>place</objectType></location><link>http://www.twitter.com/gyvokoxuxyr</link><postedTime>2011-12-09T20:27:21.000Z</postedTime><image>http://a0.twimg.com/profile_images/1684207582/171_normal.gif</image><links><links><rel>me</rel><href/></links></links><listedCount>0</listedCount><id>id:twitter.com:432815711</id><languages><languages>es</languages></languages><utcOffset/><followersCount>17</followersCount><preferredUsername>gyvokoxuxyr</preferredUsername><displayName>Laurelle Flipek</displayName><statusesCount>382</statusesCount><objectType>person</objectType></actor><twitter_entities><hashtags/><user_mentions/><urls><urls><indices><indices>24</indices><indices>44</indices></indices><expanded_url>http://tylenol-and-advil-fever.cheapillsshop.com</expanded_url><display_url>…nol-and-advil-fever.cheapillsshop.com</display_url><url>http://t.co/tb4BZLU8</url></urls></urls></twitter_entities><objectType>activity</objectType><platform>twitter</platform><posted_date>2012-03-28</posted_date><followers>17</followers><statuses>382</statuses><region>N.A.</region></marklogic>