<?xml version="1.0" encoding="UTF-8"?>
<marklogic><id>tag:search.twitter.com,2005:185068940647604225</id><type>P</type><type>P</type><body>I love you, but you need to stop <adverse_event>Coughing</adverse_event> before I turn around and <product_name company="N.A.">Slice</product_name> your fucking throat and make you stop <adverse_event>Coughing</adverse_event>.</body><verb>post</verb><link>http://twitter.com/laraellliott/statuses/185068940647604225</link><generator><link>http://blackberry.com/twitter</link><displayName>Twitter for BlackBerry®</displayName></generator><postedTime>2012-03-28T18:20:48.000Z</postedTime><provider><link>http://www.twitter.com</link><displayName>Twitter</displayName><objectType>service</objectType></provider><object><summary>I love you, but you need to stop coughing before I turn around and slice your fucking throat and make you stop coughing.</summary><id>object:search.twitter.com,2005:185068940647604225</id><link>http://twitter.com/laraellliott/statuses/185068940647604225</link><postedTime>2012-03-28T18:20:48.000Z</postedTime><objectType>note</objectType></object><actor><summary/><twitterTimeZone>Quito</twitterTimeZone><friendsCount>88</friendsCount><location><displayName>St. Catharines</displayName><objectType>place</objectType></location><link>http://www.twitter.com/laraellliott</link><postedTime>2009-05-02T16:58:33.000Z</postedTime><image>http://a0.twimg.com/profile_images/1693934410/IMG0100_normal.jpg</image><links><links><rel>me</rel><href/></links></links><listedCount>0</listedCount><id>id:twitter.com:37234490</id><languages><languages>en</languages></languages><utcOffset>-18000</utcOffset><followersCount>72</followersCount><preferredUsername>laraellliott</preferredUsername><displayName>Lara Elliott</displayName><statusesCount>2835</statusesCount><objectType>person</objectType></actor><twitter_entities><hashtags/><user_mentions/><urls/></twitter_entities><objectType>activity</objectType><platform>twitter</platform><posted_date>2012-03-28</posted_date><followers>72</followers><statuses>2835</statuses><region>Quito</region></marklogic>