<?xml version="1.0" encoding="UTF-8"?>
<marklogic><id>tag:search.twitter.com,2005:185059570304036864</id><type>P</type><type>P</type><body>Pearl iZUMi Women's <product_name company="N.A.">Slice</product_name> Thermal Cycling Tight: A <adverse_event>Cold</adverse_event> ride doesn't make you tougher, it just makes you miserab... http://t.co/MzoWZHFQ</body><verb>post</verb><link>http://twitter.com/Georgiejqx/statuses/185059570304036864</link><generator><link>http://twitterfeed.com</link><displayName>twitterfeed</displayName></generator><postedTime>2012-03-28T17:43:34.000Z</postedTime><provider><link>http://www.twitter.com</link><displayName>Twitter</displayName><objectType>service</objectType></provider><object><summary>Pearl iZUMi Women's Slice Thermal Cycling Tight: A cold ride doesn't make you tougher, it just makes you miserab... http://t.co/MzoWZHFQ</summary><id>object:search.twitter.com,2005:185059570304036864</id><link>http://twitter.com/Georgiejqx/statuses/185059570304036864</link><postedTime>2012-03-28T17:43:34.000Z</postedTime><objectType>note</objectType></object><actor><summary>Come on and gimme ur best</summary><twitterTimeZone/><friendsCount>0</friendsCount><location><displayName>San Diego</displayName><objectType>place</objectType></location><link>http://www.twitter.com/Georgiejqx</link><postedTime>2012-03-14T09:49:49.000Z</postedTime><image>http://a0.twimg.com/profile_images/1896076964/oquyz4bfrt_135246661-2_normal.jpg</image><links><links><rel>me</rel><href/></links></links><listedCount>0</listedCount><id>id:twitter.com:524199173</id><languages><languages>en</languages></languages><utcOffset/><followersCount>189</followersCount><preferredUsername>Georgiejqx</preferredUsername><displayName>Georgie Nosel</displayName><statusesCount>3506</statusesCount><objectType>person</objectType></actor><twitter_entities><hashtags/><user_mentions/><urls><urls><indices><indices>116</indices><indices>136</indices></indices><expanded_url>http://tinyurl.com/7w88jam</expanded_url><display_url>tinyurl.com/7w88jam</display_url><url>http://t.co/MzoWZHFQ</url></urls></urls></twitter_entities><objectType>activity</objectType><platform>twitter</platform><posted_date>2012-03-28</posted_date><followers>189</followers><statuses>3506</statuses><region>N.A.</region></marklogic>