<?xml version="1.0" encoding="UTF-8"?>
<marklogic><id>tag:search.twitter.com,2005:187064703225303041</id><type>P</type><type>P</type><body>PLEASE PLEASE PLEASE make my day tumarro and bring me a <adverse_event>COLD</adverse_event> <product_name company="Coca Cola">Coke</product_name> in the morning #cravingg</body><verb>post</verb><location><geo><type>Polygon</type><coordinates><coordinates><coordinates><coordinates>-123.011889</coordinates><coordinates>45.488272</coordinates></coordinates><coordinates><coordinates>-122.859149</coordinates><coordinates>45.488272</coordinates></coordinates><coordinates><coordinates>-122.859149</coordinates><coordinates>45.57494</coordinates></coordinates><coordinates><coordinates>-123.011889</coordinates><coordinates>45.57494</coordinates></coordinates></coordinates></coordinates></geo><link>http://api.twitter.com/1/geo/id/c7d191577bbd9038.json</link><name>Hillsboro</name><displayName>Hillsboro, OR</displayName><country_code>United States</country_code><objectType>place</objectType></location><link>http://twitter.com/C_Heartless/statuses/187064703225303041</link><generator><link>http://twitter.com</link><displayName>web</displayName></generator><postedTime>2012-04-03T06:31:15.000Z</postedTime><provider><link>http://www.twitter.com</link><displayName>Twitter</displayName><objectType>service</objectType></provider><object><summary>PLEASE PLEASE PLEASE make my day tumarro and bring me a COLD coke in the morning #cravingg</summary><id>object:search.twitter.com,2005:187064703225303041</id><link>http://twitter.com/C_Heartless/statuses/187064703225303041</link><postedTime>2012-04-03T06:31:15.000Z</postedTime><objectType>note</objectType></object><actor><summary/><twitterTimeZone>Pacific Time (US &amp; Canada)</twitterTimeZone><friendsCount>81</friendsCount><location><displayName>Hillsboro, OR</displayName><objectType>place</objectType></location><link>http://www.twitter.com/C_Heartless</link><postedTime>2010-08-16T05:35:04.000Z</postedTime><image>http://a0.twimg.com/profile_images/2023863282/430097_313184358735635_100001322212703_784837_447985048_n_normal.jpg</image><links><links><rel>me</rel><href/></links></links><listedCount>0</listedCount><id>id:twitter.com:178983266</id><languages><languages>en</languages></languages><utcOffset>-28800</utcOffset><followersCount>176</followersCount><preferredUsername>C_Heartless</preferredUsername><displayName>Cristal Lopez</displayName><statusesCount>6204</statusesCount><objectType>person</objectType></actor><twitter_entities><hashtags><hashtags><text>cravingg</text><indices><indices>81</indices><indices>90</indices></indices></hashtags></hashtags><urls/><user_mentions/></twitter_entities><objectType>activity</objectType><platform>twitter</platform><posted_date>2012-04-03</posted_date><followers>176</followers><statuses>6204</statuses><region>Pacific</region></marklogic>