<?xml version="1.0" encoding="UTF-8"?>
<marklogic><id>tag:search.twitter.com,2005:185042526279974913</id><type>P</type><type>P</type><body>Two weeks ago <product_name company="Kimberly Clark">Scott</product_name> crouch the <adverse_event>Burn</adverse_event>. knotted ?</body><verb>post</verb><link>http://twitter.com/tymulyjosala/statuses/185042526279974913</link><generator><link>http://twitter.com</link><displayName>web</displayName></generator><postedTime>2012-03-28T16:35:50.000Z</postedTime><provider><link>http://www.twitter.com</link><displayName>Twitter</displayName><objectType>service</objectType></provider><object><summary>Two weeks ago scott crouch the burn. knotted ?</summary><id>object:search.twitter.com,2005:185042526279974913</id><link>http://twitter.com/tymulyjosala/statuses/185042526279974913</link><postedTime>2012-03-28T16:35:50.000Z</postedTime><objectType>note</objectType></object><actor><summary>Like to watch Eyes Wide Shut or Seven Chances. I'm regressing, narrow and timorous.&#13;</summary><twitterTimeZone/><friendsCount>33</friendsCount><location><displayName>UT</displayName><objectType>place</objectType></location><link>http://www.twitter.com/tymulyjosala</link><postedTime>2012-02-11T08:33:31.000Z</postedTime><image>http://a0.twimg.com/profile_images/1821052912/1026_normal.gif</image><links><links><rel>me</rel><href/></links></links><listedCount>0</listedCount><id>id:twitter.com:489192532</id><languages><languages>fr</languages></languages><utcOffset/><followersCount>12</followersCount><preferredUsername>tymulyjosala</preferredUsername><displayName>zollman</displayName><statusesCount>76</statusesCount><objectType>person</objectType></actor><twitter_entities><hashtags/><urls/><user_mentions/></twitter_entities><objectType>activity</objectType><platform>twitter</platform><posted_date>2012-03-28</posted_date><followers>12</followers><statuses>76</statuses><region>N.A.</region></marklogic>