<?xml version="1.0" encoding="UTF-8"?>
<marklogic><id>tag:search.twitter.com,2005:185051625457590272</id><type>P</type><type>P</type><body>I feel a <adverse_event>Headache</adverse_event> coming on. #<product_name company="Johnson - Johnson">Tylenol</product_name></body><verb>post</verb><link>http://twitter.com/AirRhian/statuses/185051625457590272</link><generator><link>http://twitter.com</link><displayName>web</displayName></generator><postedTime>2012-03-28T17:12:00.000Z</postedTime><provider><link>http://www.twitter.com</link><displayName>Twitter</displayName><objectType>service</objectType></provider><object><summary>I feel a headache coming on. #Tylenol</summary><id>object:search.twitter.com,2005:185051625457590272</id><link>http://twitter.com/AirRhian/statuses/185051625457590272</link><postedTime>2012-03-28T17:12:00.000Z</postedTime><objectType>note</objectType></object><actor><summary>Musician. Poet. Actor. Lesbian... what is there not to love? </summary><twitterTimeZone/><friendsCount>32</friendsCount><location><displayName>Greeley, CO</displayName><objectType>place</objectType></location><link>http://www.twitter.com/AirRhian</link><postedTime>2011-09-12T20:40:35.000Z</postedTime><image>http://a0.twimg.com/profile_images/1931789934/meh_normal.jpg</image><links><links><rel>me</rel><href>http://thatoneviolinist.wordpress.com</href></links></links><listedCount>0</listedCount><id>id:twitter.com:372467122</id><languages><languages>en</languages></languages><utcOffset/><followersCount>8</followersCount><preferredUsername>AirRhian</preferredUsername><displayName>Ariel</displayName><statusesCount>79</statusesCount><objectType>person</objectType></actor><twitter_entities><hashtags><hashtags><text>Tylenol</text><indices><indices>29</indices><indices>37</indices></indices></hashtags></hashtags><urls/><user_mentions/></twitter_entities><objectType>activity</objectType><platform>twitter</platform><posted_date>2012-03-28</posted_date><followers>8</followers><statuses>79</statuses><region>N.A.</region></marklogic>