<?xml version="1.0" encoding="UTF-8"?>
<marklogic><id>tag:search.twitter.com,2005:185062038295429122</id><type>P</type><type>P</type><body>Just got a cheesesteak w/ everything no tomatoes, fries &amp;&amp; a nice <adverse_event>Cold</adverse_event> <product_name company="Coca Cola">Fanta</product_name> orange!! #winning</body><verb>post</verb><link>http://twitter.com/Tonys_Gurl/statuses/185062038295429122</link><generator><link>http://twitter.com/#!/download/iphone</link><displayName>Twitter for iPhone</displayName></generator><postedTime>2012-03-28T17:53:22.000Z</postedTime><provider><link>http://www.twitter.com</link><displayName>Twitter</displayName><objectType>service</objectType></provider><object><summary>Just got a cheesesteak w/ everything no tomatoes, fries &amp;&amp; a nice cold fanta orange!! #winning</summary><id>object:search.twitter.com,2005:185062038295429122</id><link>http://twitter.com/Tonys_Gurl/statuses/185062038295429122</link><postedTime>2012-03-28T17:53:22.000Z</postedTime><objectType>note</objectType></object><actor><summary>Team iphone, team money maker, team CEPHAS:-)</summary><twitterTimeZone>Quito</twitterTimeZone><friendsCount>124</friendsCount><location><displayName>Making money, 25/8</displayName><objectType>place</objectType></location><link>http://www.twitter.com/Tonys_Gurl</link><postedTime>2010-12-28T19:46:03.000Z</postedTime><image>http://a0.twimg.com/profile_images/1894024789/image_normal.jpg</image><links><links><rel>me</rel><href/></links></links><listedCount>0</listedCount><id>id:twitter.com:231528886</id><languages><languages>en</languages></languages><utcOffset>-18000</utcOffset><followersCount>103</followersCount><preferredUsername>Tonys_Gurl</preferredUsername><displayName>Pretty Ash</displayName><statusesCount>1429</statusesCount><objectType>person</objectType></actor><twitter_entities><hashtags><hashtags><text>winning</text><indices><indices>86</indices><indices>94</indices></indices></hashtags></hashtags><user_mentions/><urls/></twitter_entities><objectType>activity</objectType><platform>twitter</platform><posted_date>2012-03-28</posted_date><followers>103</followers><statuses>1429</statuses><region>Quito</region></marklogic>