<?xml version="1.0" encoding="UTF-8"?>
<marklogic><id>tag:search.twitter.com,2005:185073174831054848</id><type>P</type><type>P</type><body><adverse_event>Cold</adverse_event> water extract <product_name company="Johnson - Johnson">Tylenol</product_name> 1 http://t.co/TZf4Nbtq</body><verb>post</verb><link>http://twitter.com/kecapadapem/statuses/185073174831054848</link><generator><link>http://twitter.com</link><displayName>web</displayName></generator><postedTime>2012-03-28T18:37:38.000Z</postedTime><provider><link>http://www.twitter.com</link><displayName>Twitter</displayName><objectType>service</objectType></provider><object><summary>cold water extract tylenol 1 http://t.co/TZf4Nbtq</summary><id>object:search.twitter.com,2005:185073174831054848</id><link>http://twitter.com/kecapadapem/statuses/185073174831054848</link><postedTime>2012-03-28T18:37:38.000Z</postedTime><objectType>note</objectType></object><actor><summary>About me: credible, plans and projects. Like Alexander Skip Spence and Buffalo Springfield.&#13;</summary><twitterTimeZone/><friendsCount>28</friendsCount><location><displayName>WA&#13;</displayName><objectType>place</objectType></location><link>http://www.twitter.com/kecapadapem</link><postedTime>2012-02-08T10:48:18.000Z</postedTime><image>http://a0.twimg.com/profile_images/1815133240/355_normal.gif</image><links><links><rel>me</rel><href/></links></links><listedCount>0</listedCount><id>id:twitter.com:486496929</id><languages><languages>hi</languages></languages><utcOffset/><followersCount>4</followersCount><preferredUsername>kecapadapem</preferredUsername><displayName>hutchingson</displayName><statusesCount>91</statusesCount><objectType>person</objectType></actor><twitter_entities><hashtags/><user_mentions/><urls><urls><indices><indices>29</indices><indices>49</indices></indices><expanded_url>http://cold-water-extract-tylenol-1.cheapillsshop.com</expanded_url><display_url>…r-extract-tylenol-1.cheapillsshop.com</display_url><url>http://t.co/TZf4Nbtq</url></urls></urls></twitter_entities><objectType>activity</objectType><platform>twitter</platform><posted_date>2012-03-28</posted_date><followers>4</followers><statuses>91</statuses><region>N.A.</region></marklogic>