<?xml version="1.0" encoding="UTF-8"?>
<marklogic><id>tag:search.twitter.com,2005:185043034432487424</id><type>P</type><type>P</type><body><adverse_event>Cold</adverse_event> sore <product_name company="GlaxoSmithKline">Zovirax</product_name> canada http://t.co/jksOsaNc</body><verb>post</verb><link>http://twitter.com/nymyhubexykih/statuses/185043034432487424</link><generator><link>http://twitter.com</link><displayName>web</displayName></generator><postedTime>2012-03-28T16:37:51.000Z</postedTime><provider><link>http://www.twitter.com</link><displayName>Twitter</displayName><objectType>service</objectType></provider><object><summary>cold sore zovirax canada http://t.co/jksOsaNc</summary><id>object:search.twitter.com,2005:185043034432487424</id><link>http://twitter.com/nymyhubexykih/statuses/185043034432487424</link><postedTime>2012-03-28T16:37:51.000Z</postedTime><objectType>note</objectType></object><actor><summary>My person is ripped off, highfalutin, grandeur and massiveness. Now listen Madvillain.&#13;</summary><twitterTimeZone/><friendsCount>30</friendsCount><location><displayName>SC&#13;</displayName><objectType>place</objectType></location><link>http://www.twitter.com/nymyhubexykih</link><postedTime>2012-02-11T07:11:03.000Z</postedTime><image>http://a0.twimg.com/profile_images/1820969393/228_normal.gif</image><links><links><rel>me</rel><href/></links></links><listedCount>0</listedCount><id>id:twitter.com:489149787</id><languages><languages>tr</languages></languages><utcOffset/><followersCount>12</followersCount><preferredUsername>nymyhubexykih</preferredUsername><displayName>deckert</displayName><statusesCount>78</statusesCount><objectType>person</objectType></actor><twitter_entities><hashtags/><urls><urls><indices><indices>25</indices><indices>45</indices></indices><expanded_url>http://cold-sore-zovirax-canada.cheapillsshop.com</expanded_url><display_url>…sore-zovirax-canada.cheapillsshop.com</display_url><url>http://t.co/jksOsaNc</url></urls></urls><user_mentions/></twitter_entities><objectType>activity</objectType><platform>twitter</platform><posted_date>2012-03-28</posted_date><followers>12</followers><statuses>78</statuses><region>N.A.</region></marklogic>