<?xml version="1.0" encoding="UTF-8"?>
<marklogic><id>tag:search.twitter.com,2005:185051119070871552</id><type>P</type><type>P</type><body>I pop pills, yup <product_name company="Wyeth">Advil</product_name> and stuff when i have a <adverse_event>Headache</adverse_event></body><verb>post</verb><link>http://twitter.com/Averyyy33/statuses/185051119070871552</link><generator><link>http://twitter.com</link><displayName>web</displayName></generator><postedTime>2012-03-28T17:09:59.000Z</postedTime><provider><link>http://www.twitter.com</link><displayName>Twitter</displayName><objectType>service</objectType></provider><object><summary>I pop pills, yup Advil and stuff when i have a headache</summary><id>object:search.twitter.com,2005:185051119070871552</id><link>http://twitter.com/Averyyy33/statuses/185051119070871552</link><postedTime>2012-03-28T17:09:59.000Z</postedTime><objectType>note</objectType></object><actor><summary>Im one weird ass nigga doe ;D</summary><twitterTimeZone/><friendsCount>209</friendsCount><location><displayName>Hartford, CT</displayName><objectType>place</objectType></location><link>http://www.twitter.com/Averyyy33</link><postedTime>2011-10-02T19:32:32.000Z</postedTime><image>http://a0.twimg.com/profile_images/1962861399/413866375_normal.jpg</image><links><links><rel>me</rel><href/></links></links><listedCount>0</listedCount><id>id:twitter.com:383933419</id><languages><languages>en</languages></languages><utcOffset/><followersCount>564</followersCount><preferredUsername>Averyyy33</preferredUsername><displayName>Avery ..</displayName><statusesCount>12588</statusesCount><objectType>person</objectType></actor><twitter_entities><hashtags/><urls/><user_mentions/></twitter_entities><objectType>activity</objectType><platform>twitter</platform><posted_date>2012-03-28</posted_date><followers>564</followers><statuses>12588</statuses><region>N.A.</region></marklogic>