<?xml version="1.0" encoding="UTF-8"?>
<marklogic><id>tag:search.twitter.com,2005:179651957026336770</id><type>P</type><type>P</type><body>Not uhn ‚Äú@K_Rich_ I pray for any many that marries <product_name company="N.A.">Ivory</product_name> , nigga in for a full blown <adverse_event><adverse_event><adverse_event>Headache</adverse_event></adverse_event></adverse_event> man, smh lol‚Äù</body><verb>post</verb><link>http://twitter.com/CheckIvory_Out/statuses/179651957026336770</link><generator><link>http://levelupstudio.com/plume</link><displayName>Plume¬†for¬†Android</displayName></generator><postedTime>2012-03-13T19:35:38.000Z</postedTime><provider><link>http://www.twitter.com</link><displayName>Twitter</displayName><objectType>service</objectType></provider><object><summary>Not uhn ‚Äú@K_Rich_ I pray for any many that marries ivory , nigga in for a full blown headache man, smh lol‚Äù</summary><id>object:search.twitter.com,2005:179651957026336770</id><link>http://twitter.com/CheckIvory_Out/statuses/179651957026336770</link><postedTime>2012-03-13T19:35:38.000Z</postedTime><objectType>note</objectType></object><actor><summary>my pull out game is CRAZY!! #FreeSexyFace </summary><twitterTimeZone>Eastern Time (US &amp; Canada)</twitterTimeZone><friendsCount>361</friendsCount><location><displayName>On my way </displayName><objectType>place</objectType></location><link>http://www.twitter.com/CheckIvory_Out</link><postedTime>2009-03-13T00:45:10.000Z</postedTime><image>http://a0.twimg.com/profile_images/1894437245/20120224_231650-1-1_normal.jpg</image><links><links><rel>me</rel><href/></links></links><listedCount>3</listedCount><id>id:twitter.com:24086978</id><languages><languages>en</languages></languages><utcOffset>-18000</utcOffset><followersCount>439</followersCount><preferredUsername>CheckIvory_Out</preferredUsername><displayName>‚ô•Ivory‚ô•</displayName><statusesCount>41546</statusesCount><objectType>person</objectType></actor><twitter_entities><hashtags/><urls/><user_mentions><user_mentions><indices><indices>9</indices><indices>17</indices></indices><name>Master Yoda</name><screen_name>K_Rich_</screen_name><id>31636983</id><id_str>31636983</id_str></user_mentions></user_mentions></twitter_entities><objectType>activity</objectType><platform>twitter</platform><posted_date>2012-03-13</posted_date><statuses>439</statuses><followers>41546</followers><region>Eastern</region><age>439</age><coupon>41546</coupon><region>Eastern</region><age>439</age><coupon>41546</coupon><region>Eastern</region></marklogic>