<?xml version="1.0" encoding="UTF-8"?>
<marklogic><id>tag:search.twitter.com,2005:185080911841345536</id><type>P</type><type>P</type><body>*flushes <product_name company="Coca Cola">Coke</product_name> down da toilet* *sigh*!!! RT @Passion_fuel: Smoke rather than sniff ;) RT T_setso_: 3rd nose <adverse_event>Bleed</adverse_event> 2day ☹... *bleh*</body><verb>post</verb><link>http://twitter.com/T_setso_/statuses/185080911841345536</link><generator><link>http://ubersocial.com</link><displayName>UberSocial for BlackBerry</displayName></generator><postedTime>2012-03-28T19:08:22.000Z</postedTime><provider><link>http://www.twitter.com</link><displayName>Twitter</displayName><objectType>service</objectType></provider><object><summary>*flushes coke down da toilet* *sigh*!!! RT @Passion_fuel: Smoke rather than sniff ;) RT T_setso_: 3rd nose bleed 2day ☹... *bleh*</summary><id>object:search.twitter.com,2005:185080911841345536</id><link>http://twitter.com/T_setso_/statuses/185080911841345536</link><postedTime>2012-03-28T19:08:22.000Z</postedTime><objectType>note</objectType></object><actor><summary/><twitterTimeZone/><friendsCount>151</friendsCount><link>http://www.twitter.com/T_setso_</link><postedTime>2010-12-07T19:06:30.000Z</postedTime><image>http://a0.twimg.com/profile_images/1694922330/331537292_normal.jpg</image><links><links><rel>me</rel><href/></links></links><listedCount>1</listedCount><id>id:twitter.com:223945243</id><languages><languages>en</languages></languages><utcOffset/><followersCount>251</followersCount><preferredUsername>T_setso_</preferredUsername><displayName>Tiisetso Chimbalanga</displayName><statusesCount>10254</statusesCount><objectType>person</objectType></actor><twitter_entities><hashtags/><user_mentions><user_mentions><indices><indices>43</indices><indices>56</indices></indices><id_str>111844531</id_str><name>Kagiso Mathaba</name><id>111844531</id><screen_name>Passion_fuel</screen_name></user_mentions></user_mentions><urls/></twitter_entities><objectType>activity</objectType><platform>twitter</platform><posted_date>2012-03-28</posted_date><followers>251</followers><statuses>10254</statuses><region>N.A.</region></marklogic>