<?xml version="1.0" encoding="UTF-8"?>
<marklogic><id>tag:search.twitter.com,2005:185069469838749698</id><type>P</type><type>P</type><body>Eating a Big Ass Cheeseburger, Fries &amp; washin it down with Ranch dressing and a <product_name company="Coca Cola">Coke</product_name> everyday but complaining bout <adverse_event>Weight loss</adverse_event>. #BurgerTeam</body><verb>post</verb><link>http://twitter.com/CLAshleyIII/statuses/185069469838749698</link><generator><link>http://blackberry.com/twitter</link><displayName>Twitter for BlackBerry®</displayName></generator><postedTime>2012-03-28T18:22:54.000Z</postedTime><provider><link>http://www.twitter.com</link><displayName>Twitter</displayName><objectType>service</objectType></provider><object><summary>Eating a Big Ass Cheeseburger, Fries &amp; washin it down with Ranch dressing and a Coke everyday but complaining bout weight loss. #BurgerTeam</summary><id>object:search.twitter.com,2005:185069469838749698</id><link>http://twitter.com/CLAshleyIII/statuses/185069469838749698</link><postedTime>2012-03-28T18:22:54.000Z</postedTime><objectType>note</objectType></object><actor><summary>@YBMediaGroup Party Campaign 2012 »  @rickyekidd | @YBClee | @Sando__ | @ShadMill | Fun Motivator | Party Czar | #WorldClassRECKLESSCrew  </summary><twitterTimeZone>Mountain Time (US &amp; Canada)</twitterTimeZone><friendsCount>270</friendsCount><location><displayName>LAS and ABQ</displayName><objectType>place</objectType></location><link>http://www.twitter.com/CLAshleyIII</link><postedTime>2011-11-04T03:27:54.000Z</postedTime><image>http://a0.twimg.com/profile_images/1896848096/37682_1455998733696_1645188795_1121453_8051764_n_normal.jpg</image><links><links><rel>me</rel><href>http://www.facebook.com/YBMediaGroup</href></links></links><listedCount>2</listedCount><id>id:twitter.com:404573619</id><languages><languages>en</languages></languages><utcOffset>-25200</utcOffset><followersCount>226</followersCount><preferredUsername>CLAshleyIII</preferredUsername><displayName>CL </displayName><statusesCount>2811</statusesCount><objectType>person</objectType></actor><twitter_entities><hashtags><hashtags><text>BurgerTeam</text><indices><indices>128</indices><indices>139</indices></indices></hashtags></hashtags><user_mentions/><urls/></twitter_entities><objectType>activity</objectType><platform>twitter</platform><posted_date>2012-03-28</posted_date><followers>226</followers><statuses>2811</statuses><region>Mountain</region></marklogic>