<?xml version="1.0" encoding="UTF-8"?>
<marklogic><id>tag:search.twitter.com,2005:187064862000685056</id><type>P</type><type>P</type><body>I may not gave a <adverse_event>Cold</adverse_event> or the <adverse_event>Flu</adverse_event> but I trust #<product_name company="P&amp;G">Nyquil</product_name> to knock my ass out when I don't feel good.</body><verb>post</verb><link>http://twitter.com/COCountryGirl_/statuses/187064862000685056</link><generator><link>http://twitter.com/download/android</link><displayName>Twitter for Android</displayName></generator><postedTime>2012-04-03T06:31:53.000Z</postedTime><provider><link>http://www.twitter.com</link><displayName>Twitter</displayName><objectType>service</objectType></provider><object><summary>I may not gave a cold or the flu but I trust #nyquil to knock my ass out when I don't feel good.</summary><id>object:search.twitter.com,2005:187064862000685056</id><link>http://twitter.com/COCountryGirl_/statuses/187064862000685056</link><postedTime>2012-04-03T06:31:53.000Z</postedTime><objectType>note</objectType></object><actor><summary>Its not what you wear, country is where your from and its in your heart </summary><twitterTimeZone/><friendsCount>127</friendsCount><link>http://www.twitter.com/COCountryGirl_</link><postedTime>2012-03-07T21:35:12.000Z</postedTime><image>http://a0.twimg.com/profile_images/2024125689/kviAh50c_normal</image><links><links><rel>me</rel><href/></links></links><listedCount>0</listedCount><id>id:twitter.com:517956835</id><languages><languages>en</languages></languages><utcOffset/><followersCount>96</followersCount><preferredUsername>COCountryGirl_</preferredUsername><displayName>Country Girl </displayName><statusesCount>255</statusesCount><objectType>person</objectType></actor><twitter_entities><hashtags><hashtags><text>nyquil</text><indices><indices>45</indices><indices>52</indices></indices></hashtags></hashtags><urls/><user_mentions/></twitter_entities><objectType>activity</objectType><platform>twitter</platform><posted_date>2012-04-03</posted_date><followers>96</followers><statuses>255</statuses><region>N.A.</region></marklogic>