<?xml version="1.0" encoding="UTF-8"?>
<marklogic><id>tag:search.twitter.com,2005:185064075351425024</id><type>P</type><type>P</type><body>#<product_name company="Unilever">Surf</product_name> En el Vans Pier Classic, Lucas Santamaría terminó cuarto en su <adverse_event>Heat</adverse_event> y quedó eliminado (via @Surfpress).</body><verb>post</verb><link>http://twitter.com/PabloMMonti/statuses/185064075351425024</link><generator><link>http://twitter.com</link><displayName>web</displayName></generator><postedTime>2012-03-28T18:01:28.000Z</postedTime><provider><link>http://www.twitter.com</link><displayName>Twitter</displayName><objectType>service</objectType></provider><object><summary>#Surf En el Vans Pier Classic, Lucas Santamaría terminó cuarto en su heat y quedó eliminado (via @Surfpress).</summary><id>object:search.twitter.com,2005:185064075351425024</id><link>http://twitter.com/PabloMMonti/statuses/185064075351425024</link><postedTime>2012-03-28T18:01:28.000Z</postedTime><objectType>note</objectType></object><actor><summary>Periodista de TyC Sports. Fana del handball, seguidor del polideportivo y el surf. Enamorado de la ciudad de Adrogué. Tecnófilo.</summary><twitterTimeZone>Buenos Aires</twitterTimeZone><friendsCount>287</friendsCount><location><displayName>Adrogué, Argentina</displayName><objectType>place</objectType></location><link>http://www.twitter.com/PabloMMonti</link><postedTime>2010-06-04T16:00:21.000Z</postedTime><image>http://a0.twimg.com/profile_images/1978025325/yo2_normal.JPG</image><links><links><rel>me</rel><href>http://blogs.tycsports.com/7metros</href></links></links><listedCount>30</listedCount><id>id:twitter.com:151923118</id><languages><languages>es</languages></languages><utcOffset>-10800</utcOffset><followersCount>2308</followersCount><preferredUsername>PabloMMonti</preferredUsername><displayName>Pablo M. Monti</displayName><statusesCount>5856</statusesCount><objectType>person</objectType></actor><twitter_entities><hashtags><hashtags><text>Surf</text><indices><indices>0</indices><indices>5</indices></indices></hashtags></hashtags><user_mentions><user_mentions><indices><indices>97</indices><indices>107</indices></indices><id_str>67397582</id_str><name>Surfpress</name><id>67397582</id><screen_name>Surfpress</screen_name></user_mentions></user_mentions><urls/></twitter_entities><objectType>activity</objectType><platform>twitter</platform><posted_date>2012-03-28</posted_date><followers>2308</followers><statuses>5856</statuses><region>Buenos</region></marklogic>