<?xml version="1.0" encoding="UTF-8"?>
<marklogic><id>tag:search.twitter.com,2005:185042762868076544</id><type>P</type><type>P</type><body>#firstworldpains the clean up lady took my bottle cap so now I have to finish my <product_name company="Coca Cola">Coke</product_name> bottle on the <adverse_event>Spot</adverse_event> ):!</body><verb>post</verb><link>http://twitter.com/elim_araya/statuses/185042762868076544</link><generator><link>http://twitter.com/devices</link><displayName>txt</displayName></generator><postedTime>2012-03-28T16:36:47.000Z</postedTime><provider><link>http://www.twitter.com</link><displayName>Twitter</displayName><objectType>service</objectType></provider><object><summary>#firstworldpains the clean up lady took my bottle cap so now I have to finish my coke bottle on the spot ):!</summary><id>object:search.twitter.com,2005:185042762868076544</id><link>http://twitter.com/elim_araya/statuses/185042762868076544</link><postedTime>2012-03-28T16:36:47.000Z</postedTime><objectType>note</objectType></object><actor><summary>xo 'til we overdose.                      --RIP Malcolm, Khadar &amp; Robel, love and miss all you guys (L)</summary><twitterTimeZone>Quito</twitterTimeZone><friendsCount>383</friendsCount><location><displayName>Nirvana</displayName><objectType>place</objectType></location><link>http://www.twitter.com/elim_araya</link><postedTime>2010-08-12T02:54:12.000Z</postedTime><image>http://a0.twimg.com/profile_images/1890532776/image_normal.jpg</image><links><links><rel>me</rel><href>http://fickaraya.tumblr.com/</href></links></links><listedCount>4</listedCount><id>id:twitter.com:177424748</id><languages><languages>en</languages></languages><utcOffset>-18000</utcOffset><followersCount>463</followersCount><preferredUsername>elim_araya</preferredUsername><displayName>Scott Mescudi</displayName><statusesCount>31381</statusesCount><objectType>person</objectType></actor><twitter_entities><hashtags><hashtags><text>firstworldpains</text><indices><indices>0</indices><indices>16</indices></indices></hashtags></hashtags><user_mentions/><urls/></twitter_entities><objectType>activity</objectType><platform>twitter</platform><posted_date>2012-03-28</posted_date><followers>463</followers><statuses>31381</statuses><region>Quito</region></marklogic>