<?xml version="1.0" encoding="UTF-8"?>
<marklogic><id>tag:search.twitter.com,2005:185041612798300162</id><type>P</type><type>P</type><body>Ice <adverse_event>Cold</adverse_event> rum and <product_name company="Coca Cola">Coke</product_name> and a catch up with friends :D</body><verb>post</verb><link>http://twitter.com/Wrghhel/statuses/185041612798300162</link><generator><link>http://twitter.com/#!/download/iphone</link><displayName>Twitter for iPhone</displayName></generator><postedTime>2012-03-28T16:32:13.000Z</postedTime><provider><link>http://www.twitter.com</link><displayName>Twitter</displayName><objectType>service</objectType></provider><object><summary>Ice cold rum and coke and a catch up with friends :D</summary><id>object:search.twitter.com,2005:185041612798300162</id><link>http://twitter.com/Wrghhel/statuses/185041612798300162</link><postedTime>2012-03-28T16:32:13.000Z</postedTime><objectType>note</objectType></object><actor><summary>Football, Music and good times xx</summary><twitterTimeZone/><friendsCount>122</friendsCount><location><displayName>The Midlands England</displayName><objectType>place</objectType></location><link>http://www.twitter.com/Wrghhel</link><postedTime>2009-06-27T10:23:58.000Z</postedTime><image>http://a0.twimg.com/profile_images/1225038927/image_normal.jpg</image><links><links><rel>me</rel><href/></links></links><listedCount>0</listedCount><id>id:twitter.com:51403962</id><languages><languages>en</languages></languages><utcOffset/><followersCount>27</followersCount><preferredUsername>Wrghhel</preferredUsername><displayName>Helen Jones</displayName><statusesCount>711</statusesCount><objectType>person</objectType></actor><twitter_entities><hashtags/><urls/><user_mentions/></twitter_entities><objectType>activity</objectType><platform>twitter</platform><posted_date>2012-03-28</posted_date><followers>27</followers><statuses>711</statuses><region>N.A.</region></marklogic>