<?xml version="1.0" encoding="UTF-8"?>
<marklogic><id>tag:search.twitter.com,2005:185068622895517696</id><type>P</type><type>P</type><body>aww shucks *<adverse_event>Blushes</adverse_event>* lol RT @_MsDOZIER Like you boo!!RT @SMILE4meSHIRLZ @_MsDOZIER it'll flyyy by... Then you'll be <product_name company="Colgate-Palmolive">Colgate</product_name> smile shawty!!</body><verb>post</verb><link>http://twitter.com/SMILE4meSHIRLZ/statuses/185068622895517696</link><generator><link>http://levelupstudio.com/plume</link><displayName>Plume for Android</displayName></generator><postedTime>2012-03-28T18:19:32.000Z</postedTime><provider><link>http://www.twitter.com</link><displayName>Twitter</displayName><objectType>service</objectType></provider><object><summary>aww shucks *blushes* lol RT @_MsDOZIER Like you boo!!RT @SMILE4meSHIRLZ @_MsDOZIER it'll flyyy by... Then you'll be colgate smile shawty!!</summary><id>object:search.twitter.com,2005:185068622895517696</id><link>http://twitter.com/SMILE4meSHIRLZ/statuses/185068622895517696</link><postedTime>2012-03-28T18:19:32.000Z</postedTime><objectType>note</objectType></object><actor><summary>Learn from Yesterday, Live for Today, and Hope for Tommorow  &amp;hearts;  Living for me and a lil girl who calls me mom!! Why not follow??, your mom did ;) </summary><twitterTimeZone>Central Time (US &amp; Canada)</twitterTimeZone><friendsCount>526</friendsCount><location><displayName>Headed to the top..wbu?? </displayName><objectType>place</objectType></location><link>http://www.twitter.com/SMILE4meSHIRLZ</link><postedTime>2011-01-21T16:14:07.000Z</postedTime><image>http://a0.twimg.com/profile_images/1975340658/1332448095065_-1_normal.jpg</image><links><links><rel>me</rel><href/></links></links><listedCount>2</listedCount><id>id:twitter.com:241159954</id><languages><languages>en</languages></languages><utcOffset>-21600</utcOffset><followersCount>598</followersCount><preferredUsername>SMILE4meSHIRLZ</preferredUsername><displayName>Just Shirlz ;) </displayName><statusesCount>17642</statusesCount><objectType>person</objectType></actor><twitter_entities><hashtags/><user_mentions><user_mentions><indices><indices>28</indices><indices>38</indices></indices><id_str>211347056</id_str><name>Mona LISA</name><id>211347056</id><screen_name>_MsDOZIER</screen_name></user_mentions><user_mentions><indices><indices>56</indices><indices>71</indices></indices><id_str>241159954</id_str><name>Just Shirlz ;) </name><id>241159954</id><screen_name>SMILE4meSHIRLZ</screen_name></user_mentions><user_mentions><indices><indices>72</indices><indices>82</indices></indices><id_str>211347056</id_str><name>Mona LISA</name><id>211347056</id><screen_name>_MsDOZIER</screen_name></user_mentions></user_mentions><urls/></twitter_entities><objectType>activity</objectType><platform>twitter</platform><posted_date>2012-03-28</posted_date><followers>598</followers><statuses>17642</statuses><region>Central</region></marklogic>