<?xml version="1.0" encoding="UTF-8"?>
<marklogic><id>tag:search.twitter.com,2005:185063572701855745</id><type>P</type><type>P</type><body> the point where the savings from keeping the thermostat at 50 degrees is offset by the cost of <product_name company="Kimberly Clark">Kleenex</product_name> for a <adverse_event>Cold</adverse_event>, <adverse_event>Runny nose</adverse_event>.</body><verb>post</verb><link>http://twitter.com/JakeWaltersME/statuses/185063572701855745</link><generator><link>http://www.tweetdeck.com</link><displayName>TweetDeck</displayName></generator><postedTime>2012-03-28T17:59:28.000Z</postedTime><provider><link>http://www.twitter.com</link><displayName>Twitter</displayName><objectType>service</objectType></provider><object><summary>Reached the point where the savings from keeping the thermostat at 50 degrees is offset by the cost of Kleenex for a cold, runny nose.</summary><id>object:search.twitter.com,2005:185063572701855745</id><link>http://twitter.com/JakeWaltersME/statuses/185063572701855745</link><postedTime>2012-03-28T17:59:28.000Z</postedTime><objectType>note</objectType></object><actor><summary>meat &amp; potatoes</summary><twitterTimeZone>Eastern Time (US &amp; Canada)</twitterTimeZone><friendsCount>283</friendsCount><location><displayName>back porch</displayName><objectType>place</objectType></location><link>http://www.twitter.com/JakeWaltersME</link><postedTime>2010-08-13T18:05:11.000Z</postedTime><image>http://a0.twimg.com/profile_images/1778325295/twitter_profile_image05a_normal.jpg</image><links><links><rel>me</rel><href/></links></links><listedCount>87</listedCount><id>id:twitter.com:178033918</id><languages><languages>en</languages></languages><utcOffset>-18000</utcOffset><followersCount>411</followersCount><preferredUsername>JakeWaltersME</preferredUsername><displayName>Jake Walters</displayName><statusesCount>2403</statusesCount><objectType>person</objectType></actor><twitter_entities><hashtags/><user_mentions/><urls/></twitter_entities><objectType>activity</objectType><platform>twitter</platform><posted_date>2012-03-28</posted_date><followers>411</followers><statuses>2403</statuses><region>Eastern</region></marklogic>