<?xml version="1.0" encoding="UTF-8"?>
<marklogic><id>tag:search.twitter.com,2005:185041619932807168</id><type>P</type><type>P</type><body>*<adverse_event>Coughing</adverse_event> fit at bed time* Maybe i should eat the <product_name company="P&amp;G">Vicks</product_name>!</body><verb>post</verb><link>http://twitter.com/boo_ker/statuses/185041619932807168</link><generator><link>http://twitter.com/#!/download/iphone</link><displayName>Twitter for iPhone</displayName></generator><postedTime>2012-03-28T16:32:14.000Z</postedTime><provider><link>http://www.twitter.com</link><displayName>Twitter</displayName><objectType>service</objectType></provider><object><summary>*coughing fit at bed time* Maybe i should eat the Vicks!</summary><id>object:search.twitter.com,2005:185041619932807168</id><link>http://twitter.com/boo_ker/statuses/185041619932807168</link><postedTime>2012-03-28T16:32:14.000Z</postedTime><objectType>note</objectType></object><actor><summary>colour pencils &amp; crayons </summary><twitterTimeZone>Kuala Lumpur</twitterTimeZone><friendsCount>75</friendsCount><link>http://www.twitter.com/boo_ker</link><postedTime>2010-11-24T11:57:38.000Z</postedTime><image>http://a0.twimg.com/profile_images/1707054457/image_normal.jpg</image><links><links><rel>me</rel><href/></links></links><listedCount>0</listedCount><id>id:twitter.com:219271300</id><languages><languages>en</languages></languages><utcOffset>28800</utcOffset><followersCount>24</followersCount><preferredUsername>boo_ker</preferredUsername><displayName>Booker</displayName><statusesCount>6135</statusesCount><objectType>person</objectType></actor><twitter_entities><hashtags/><user_mentions/><urls/></twitter_entities><objectType>activity</objectType><platform>twitter</platform><posted_date>2012-03-28</posted_date><followers>24</followers><statuses>6135</statuses><region>Kuala</region></marklogic>