<?xml version="1.0" encoding="UTF-8"?>
<marklogic><id>tag:search.twitter.com,2005:187057065833938944</id><type>P</type><type>P</type><body><product_name company="P&amp;G">Nyquil</product_name> not helping with my <adverse_event>Flu</adverse_event></body><verb>post</verb><link>http://twitter.com/ameydhavle/statuses/187057065833938944</link><generator><link>http://twitter.com</link><displayName>web</displayName></generator><postedTime>2012-04-03T06:00:54.000Z</postedTime><provider><link>http://www.twitter.com</link><displayName>Twitter</displayName><objectType>service</objectType></provider><object><summary>Nyquil not helping with my Flu</summary><id>object:search.twitter.com,2005:187057065833938944</id><link>http://twitter.com/ameydhavle/statuses/187057065833938944</link><postedTime>2012-04-03T06:00:54.000Z</postedTime><objectType>note</objectType></object><actor><summary/><twitterTimeZone>Eastern Time (US &amp; Canada)</twitterTimeZone><friendsCount>5</friendsCount><link>http://www.twitter.com/ameydhavle</link><postedTime>2010-11-13T08:53:16.000Z</postedTime><image>http://a0.twimg.com/profile_images/1166058546/Photo_166_normal.jpg</image><links><links><rel>me</rel><href/></links></links><listedCount>0</listedCount><id>id:twitter.com:215211430</id><languages><languages>en</languages></languages><utcOffset>-18000</utcOffset><followersCount>4</followersCount><preferredUsername>ameydhavle</preferredUsername><displayName>ameydhavle</displayName><statusesCount>11</statusesCount><objectType>person</objectType></actor><twitter_entities><hashtags/><urls/><user_mentions/></twitter_entities><objectType>activity</objectType><platform>twitter</platform><posted_date>2012-04-03</posted_date><followers>4</followers><statuses>11</statuses><region>Eastern</region></marklogic>