<?xml version="1.0" encoding="UTF-8"?>
<marklogic><id>tag:search.twitter.com,2005:185047331454992384</id><type>P</type><type>P</type><body>In need of a <adverse_event>Cold</adverse_event> glass of <product_name company="N.A.">Pepsi</product_name>, this weather is starting to drain me</body><verb>post</verb><link>http://twitter.com/TwittWagon/statuses/185047331454992384</link><generator><link>http://twitter.com</link><displayName>web</displayName></generator><postedTime>2012-03-28T16:54:56.000Z</postedTime><provider><link>http://www.twitter.com</link><displayName>Twitter</displayName><objectType>service</objectType></provider><object><summary>In need of a cold glass of pepsi, this weather is starting to drain me</summary><id>object:search.twitter.com,2005:185047331454992384</id><link>http://twitter.com/TwittWagon/statuses/185047331454992384</link><postedTime>2012-03-28T16:54:56.000Z</postedTime><objectType>note</objectType></object><actor><summary>Keane, BUSTED, ADTR, The Fratellis, Dead By April! Oooh and The View. @twittkatt_ox I lovee you :)</summary><twitterTimeZone>Pacific Time (US &amp; Canada)</twitterTimeZone><friendsCount>818</friendsCount><location><displayName>Northamptonshire</displayName><objectType>place</objectType></location><link>http://www.twitter.com/TwittWagon</link><postedTime>2012-01-15T11:34:46.000Z</postedTime><image>http://a0.twimg.com/profile_images/1976416716/AoYjJNOCQAAIKTK_normal.jpg</image><links><links><rel>me</rel><href>http://www.youtube.com/user/byTripzy</href></links></links><listedCount>1</listedCount><id>id:twitter.com:464577598</id><languages><languages>en</languages></languages><utcOffset>-28800</utcOffset><followersCount>639</followersCount><preferredUsername>TwittWagon</preferredUsername><displayName>Lukee Chatterton</displayName><statusesCount>1316</statusesCount><objectType>person</objectType></actor><twitter_entities><hashtags/><urls/><user_mentions/></twitter_entities><objectType>activity</objectType><platform>twitter</platform><posted_date>2012-03-28</posted_date><followers>639</followers><statuses>1316</statuses><region>Pacific</region></marklogic>