<?xml version="1.0" encoding="UTF-8"?>
<marklogic><id>tag:search.twitter.com,2005:185069906264465408</id><type>P</type><type>P</type><body>Holy fuck this is the worst <adverse_event>Headache</adverse_event> ever. I need <product_name company="Wyeth">Advil</product_name>. D:</body><verb>post</verb><link>http://twitter.com/claranicolee/statuses/185069906264465408</link><generator><link>http://twitter.com/devices</link><displayName>txt</displayName></generator><postedTime>2012-03-28T18:24:38.000Z</postedTime><provider><link>http://www.twitter.com</link><displayName>Twitter</displayName><objectType>service</objectType></provider><object><summary>Holy fuck this is the worst headache ever. I need advil. D:</summary><id>object:search.twitter.com,2005:185069906264465408</id><link>http://twitter.com/claranicolee/statuses/185069906264465408</link><postedTime>2012-03-28T18:24:38.000Z</postedTime><objectType>note</objectType></object><actor><summary>I'm Nicole. I'm really not as bad as my tweets. Where my gingers at? #holla</summary><twitterTimeZone>Central Time (US &amp; Canada)</twitterTimeZone><friendsCount>164</friendsCount><location><displayName>Kemahhh</displayName><objectType>place</objectType></location><link>http://www.twitter.com/claranicolee</link><postedTime>2010-06-22T02:18:47.000Z</postedTime><image>http://a0.twimg.com/profile_images/1966124094/IMG_5316_normal.jpg</image><links><links><rel>me</rel><href>http://nkiba.tumblr.com</href></links></links><listedCount>0</listedCount><id>id:twitter.com:158209059</id><languages><languages>en</languages></languages><utcOffset>-21600</utcOffset><followersCount>186</followersCount><preferredUsername>claranicolee</preferredUsername><displayName>Nicole Kibodeaux</displayName><statusesCount>12144</statusesCount><objectType>person</objectType></actor><twitter_entities><hashtags/><user_mentions/><urls/></twitter_entities><objectType>activity</objectType><platform>twitter</platform><posted_date>2012-03-28</posted_date><followers>186</followers><statuses>12144</statuses><region>Central</region></marklogic>