<?xml version="1.0" encoding="UTF-8"?>
<marklogic><id>tag:search.twitter.com,2005:185040109056442368</id><type>P</type><type>P</type><body> CD96JCS Instant <adverse_event>Heat</adverse_event> Curl Press Spiral Styler (Misc.): <product_name company="Conair">Conair</product_name> CD96JCS Instant <adverse_event>Heat</adverse_event> Curl Press Spiral Styl... http://t.co/dx96Os5u</body><verb>post</verb><link>http://twitter.com/debafajan/statuses/185040109056442368</link><generator><link>http://twitterfeed.com</link><displayName>twitterfeed</displayName></generator><postedTime>2012-03-28T16:26:14.000Z</postedTime><provider><link>http://www.twitter.com</link><displayName>Twitter</displayName><objectType>service</objectType></provider><object><summary>Conair CD96JCS Instant Heat Curl Press Spiral Styler (Misc.): Conair CD96JCS Instant Heat Curl Press Spiral Styl... http://t.co/dx96Os5u</summary><id>object:search.twitter.com,2005:185040109056442368</id><link>http://twitter.com/debafajan/statuses/185040109056442368</link><postedTime>2012-03-28T16:26:14.000Z</postedTime><objectType>note</objectType></object><actor><summary/><twitterTimeZone/><friendsCount>0</friendsCount><link>http://www.twitter.com/debafajan</link><postedTime>2012-01-19T20:00:00.000Z</postedTime><image>http://a0.twimg.com/profile_images/1834113102/354_normal.gif</image><links><links><rel>me</rel><href/></links></links><listedCount>0</listedCount><id>id:twitter.com:468677879</id><languages><languages>en</languages></languages><utcOffset/><followersCount>75</followersCount><preferredUsername>debafajan</preferredUsername><displayName>0</displayName><statusesCount>1777</statusesCount><objectType>person</objectType></actor><twitter_entities><hashtags/><user_mentions/><urls><urls><indices><indices>116</indices><indices>136</indices></indices><expanded_url>http://tinyurl.com/7e3cszw</expanded_url><display_url>tinyurl.com/7e3cszw</display_url><url>http://t.co/dx96Os5u</url></urls></urls></twitter_entities><objectType>activity</objectType><platform>twitter</platform><posted_date>2012-03-28</posted_date><followers>75</followers><statuses>1777</statuses><region>N.A.</region></marklogic>