<?xml version="1.0" encoding="UTF-8"?>
<marklogic><id>tag:search.twitter.com,2005:185062997272698880</id><type>P</type><type>P</type><body><product_name company="Unilever">Surf</product_name> fishing is <adverse_event>Heating</adverse_event> up. As such watch this video for tying the Holé Molé Crab. http://t.co/c9vV1kDw</body><verb>post</verb><link>http://twitter.com/EmergeFishing/statuses/185062997272698880</link><generator><link>http://twitter.com</link><displayName>web</displayName></generator><postedTime>2012-03-28T17:57:11.000Z</postedTime><provider><link>http://www.twitter.com</link><displayName>Twitter</displayName><objectType>service</objectType></provider><object><summary>Surf fishing is heating up. As such watch this video for tying the Holé Molé Crab. http://t.co/c9vV1kDw</summary><id>object:search.twitter.com,2005:185062997272698880</id><link>http://twitter.com/EmergeFishing/statuses/185062997272698880</link><postedTime>2012-03-28T17:57:11.000Z</postedTime><objectType>note</objectType></object><actor><summary>Helping Anglers Emerge to Greatness!&#13;
Custom Fly Rods, Free Videos, Articles, News, and Education for the Avid Fly Fisher.</summary><twitterTimeZone/><friendsCount>39</friendsCount><location><displayName>California, USA</displayName><objectType>place</objectType></location><link>http://www.twitter.com/EmergeFishing</link><postedTime>2012-01-10T07:44:54.000Z</postedTime><image>http://a0.twimg.com/profile_images/1745406267/ID_Icon_Small__640x640__normal.jpg</image><links><links><rel>me</rel><href>http://www.emergefishing.com</href></links></links><listedCount>0</listedCount><id>id:twitter.com:459974518</id><languages><languages>en</languages></languages><utcOffset/><followersCount>28</followersCount><preferredUsername>EmergeFishing</preferredUsername><displayName>Emerge Fly Fishing</displayName><statusesCount>27</statusesCount><objectType>person</objectType></actor><twitter_entities><hashtags/><user_mentions/><urls><urls><indices><indices>83</indices><indices>103</indices></indices><expanded_url>http://www.youtube.com/watch?v=HynhfCHo-uo</expanded_url><display_url>youtube.com/watch?v=HynhfC…</display_url><url>http://t.co/c9vV1kDw</url></urls></urls></twitter_entities><objectType>activity</objectType><platform>twitter</platform><posted_date>2012-03-28</posted_date><followers>28</followers><statuses>27</statuses><region>N.A.</region></marklogic>