<?xml version="1.0" encoding="UTF-8"?>
<marklogic><id>tag:search.twitter.com,2005:185067767794368512</id><type>P</type><type>P</type><body>2nite's consisting of me chilling on the bed, dorito's n dip, <adverse_event>Cold</adverse_event> orange <product_name company="Coca Cola">Fanta</product_name>, few other snacks and abit of Messi on the tv! #mykindanight</body><verb>post</verb><link>http://twitter.com/fyffey87/statuses/185067767794368512</link><generator><link>http://blackberry.com/twitter</link><displayName>Twitter for BlackBerry®</displayName></generator><postedTime>2012-03-28T18:16:08.000Z</postedTime><provider><link>http://www.twitter.com</link><displayName>Twitter</displayName><objectType>service</objectType></provider><object><summary>2nite's consisting of me chilling on the bed, dorito's n dip, cold orange fanta, few other snacks and abit of Messi on the tv! #mykindanight</summary><id>object:search.twitter.com,2005:185067767794368512</id><link>http://twitter.com/fyffey87/statuses/185067767794368512</link><postedTime>2012-03-28T18:16:08.000Z</postedTime><objectType>note</objectType></object><actor><summary>#WorkHardPlayHard #MakeItCount #AlwaysTrynaLiveTheDream  </summary><twitterTimeZone/><friendsCount>150</friendsCount><location><displayName>Leicester, UK</displayName><objectType>place</objectType></location><link>http://www.twitter.com/fyffey87</link><postedTime>2011-01-05T17:22:39.000Z</postedTime><image>http://a0.twimg.com/profile_images/1808827924/IMG00010-20120205-0210_1_normal.jpg</image><links><links><rel>me</rel><href/></links></links><listedCount>0</listedCount><id>id:twitter.com:234439193</id><languages><languages>en</languages></languages><utcOffset/><followersCount>112</followersCount><preferredUsername>fyffey87</preferredUsername><displayName>Sam Fyffe</displayName><statusesCount>725</statusesCount><objectType>person</objectType></actor><twitter_entities><hashtags><hashtags><text>mykindanight</text><indices><indices>127</indices><indices>140</indices></indices></hashtags></hashtags><user_mentions/><urls/></twitter_entities><objectType>activity</objectType><platform>twitter</platform><posted_date>2012-03-28</posted_date><followers>112</followers><statuses>725</statuses><region>N.A.</region></marklogic>