<?xml version="1.0" encoding="UTF-8"?>
<marklogic><id>tag:search.twitter.com,2005:185080135081394176</id><type>P</type><type>P</type><body><product_name company="Takeda Pharmaceuticals ">Prevacid</product_name> causing <adverse_event>Constipation</adverse_event> http://t.co/m4m0aY27</body><verb>post</verb><link>http://twitter.com/dumupedekux/statuses/185080135081394176</link><generator><link>http://twitter.com</link><displayName>web</displayName></generator><postedTime>2012-03-28T19:05:17.000Z</postedTime><provider><link>http://www.twitter.com</link><displayName>Twitter</displayName><objectType>service</objectType></provider><object><summary>prevacid causing constipation http://t.co/m4m0aY27</summary><id>object:search.twitter.com,2005:185080135081394176</id><link>http://twitter.com/dumupedekux/statuses/185080135081394176</link><postedTime>2012-03-28T19:05:17.000Z</postedTime><objectType>note</objectType></object><actor><summary>unreal and unsubstantial. regimented, gross and 142. Distributed. Thats me.&#13;</summary><twitterTimeZone/><friendsCount>39</friendsCount><location><displayName>US&#13;</displayName><objectType>place</objectType></location><link>http://www.twitter.com/dumupedekux</link><postedTime>2012-02-05T00:09:38.000Z</postedTime><image>http://a0.twimg.com/profile_images/1807174947/1651_normal.gif</image><links><links><rel>me</rel><href/></links></links><listedCount>0</listedCount><id>id:twitter.com:483404809</id><languages><languages>es</languages></languages><utcOffset/><followersCount>16</followersCount><preferredUsername>dumupedekux</preferredUsername><displayName>grossman</displayName><statusesCount>165</statusesCount><objectType>person</objectType></actor><twitter_entities><hashtags/><urls><urls><indices><indices>30</indices><indices>50</indices></indices><expanded_url>http://prevacid-causing-constipation.cheapillsshop.com</expanded_url><display_url>…ausing-constipation.cheapillsshop.com</display_url><url>http://t.co/m4m0aY27</url></urls></urls><user_mentions/></twitter_entities><objectType>activity</objectType><platform>twitter</platform><posted_date>2012-03-28</posted_date><followers>16</followers><statuses>165</statuses><region>N.A.</region></marklogic>