<?xml version="1.0" encoding="UTF-8"?>
<marklogic><id>tag:search.twitter.com,2005:185033206075113473</id><type>P</type><type>P</type><body>aleve vs <product_name company="Johnson - Johnson">Motrin</product_name> <adverse_event>Muscle spasm</adverse_event> http://t.co/1sQ23nPd</body><verb>post</verb><link>http://twitter.com/cehezynudeby/statuses/185033206075113473</link><generator><link>http://twitter.com</link><displayName>web</displayName></generator><postedTime>2012-03-28T15:58:48.000Z</postedTime><provider><link>http://www.twitter.com</link><displayName>Twitter</displayName><objectType>service</objectType></provider><object><summary>aleve vs motrin muscle spasm http://t.co/1sQ23nPd</summary><id>object:search.twitter.com,2005:185033206075113473</id><link>http://twitter.com/cehezynudeby/statuses/185033206075113473</link><postedTime>2012-03-28T15:58:48.000Z</postedTime><objectType>note</objectType></object><actor><summary>She think i'm regular and symmetrical. But I'm halting and pulled away.&#13;</summary><twitterTimeZone/><friendsCount>40</friendsCount><location><displayName>United States</displayName><objectType>place</objectType></location><link>http://www.twitter.com/cehezynudeby</link><postedTime>2012-02-04T22:12:43.000Z</postedTime><image>http://a0.twimg.com/profile_images/1806434182/1470_normal.gif</image><links><links><rel>me</rel><href/></links></links><listedCount>0</listedCount><id>id:twitter.com:483334014</id><languages><languages>pt</languages></languages><utcOffset/><followersCount>17</followersCount><preferredUsername>cehezynudeby</preferredUsername><displayName>vogtlin</displayName><statusesCount>152</statusesCount><objectType>person</objectType></actor><twitter_entities><hashtags/><user_mentions/><urls><urls><indices><indices>29</indices><indices>49</indices></indices><expanded_url>http://aleve-vs-motrin-muscle-spasm.cheapillsshop.com</expanded_url><display_url>…motrin-muscle-spasm.cheapillsshop.com</display_url><url>http://t.co/1sQ23nPd</url></urls></urls></twitter_entities><objectType>activity</objectType><platform>twitter</platform><posted_date>2012-03-28</posted_date><followers>17</followers><statuses>152</statuses><region>N.A.</region></marklogic>