<?xml version="1.0" encoding="UTF-8"?>
<marklogic><id>tag:search.twitter.com,2005:185055330999349248</id><type>P</type><type>P</type><body>taking a <product_name company="Ricola">Ricola</product_name> tho .. this <adverse_event>Cough</adverse_event> is .. &#x01f637;</body><verb>post</verb><link>http://twitter.com/FlashMeBoobies/statuses/185055330999349248</link><generator><link>http://twitter.com/#!/download/iphone</link><displayName>Twitter for iPhone</displayName></generator><postedTime>2012-03-28T17:26:43.000Z</postedTime><provider><link>http://www.twitter.com</link><displayName>Twitter</displayName><objectType>service</objectType></provider><object><summary>taking a ricola tho .. this cough is .. &#x01f637;</summary><id>object:search.twitter.com,2005:185055330999349248</id><link>http://twitter.com/FlashMeBoobies/statuses/185055330999349248</link><postedTime>2012-03-28T17:26:43.000Z</postedTime><objectType>note</objectType></object><actor><summary>if you know anything about me by now, you know im a freak. just follow my lead ..  @BeaniesxBooties love is my drug &amp; @ImJustDatGuy_ put a ring on it.</summary><twitterTimeZone>Central Time (US &amp; Canada)</twitterTimeZone><friendsCount>722</friendsCount><link>http://www.twitter.com/FlashMeBoobies</link><postedTime>2009-04-27T00:47:32.000Z</postedTime><image>http://a0.twimg.com/profile_images/1924422255/image_normal.jpg</image><links><links><rel>me</rel><href>http://aboveandbeyondaverage.tumblr.com</href></links></links><listedCount>4</listedCount><id>id:twitter.com:35617777</id><languages><languages>en</languages></languages><utcOffset>-21600</utcOffset><followersCount>773</followersCount><preferredUsername>FlashMeBoobies</preferredUsername><displayName>fried cheese.</displayName><statusesCount>17489</statusesCount><objectType>person</objectType></actor><twitter_entities><hashtags/><user_mentions/><urls/></twitter_entities><objectType>activity</objectType><platform>twitter</platform><posted_date>2012-03-28</posted_date><followers>773</followers><statuses>17489</statuses><region>Central</region></marklogic>