<?xml version="1.0" encoding="UTF-8"?>
<marklogic><id>tag:search.twitter.com,2005:185045602223144960</id><type>P</type><type>P</type><body>RT @_HandFullOfcASH: Pig lip and sweet southern <adverse_event>Heat</adverse_event> barbecue chips and a <adverse_event>Cold</adverse_event> <product_name company="Coca Cola">Coke</product_name> #WINNING&amp;lt;~#CountryLife &#x01f602;&#x01f602;&#x01f602;</body><verb>post</verb><link>http://twitter.com/hEluVs_kEnDrA/statuses/185045602223144960</link><generator><link>http://www.echofon.com/</link><displayName>Echofon</displayName></generator><postedTime>2012-03-28T16:48:04.000Z</postedTime><provider><link>http://www.twitter.com</link><displayName>Twitter</displayName><objectType>service</objectType></provider><object><summary>RT @_HandFullOfcASH: Pig lip and sweet southern heat barbecue chips and a cold coke #WINNING&amp;lt;~#CountryLife &#x01f602;&#x01f602;&#x01f602;</summary><id>object:search.twitter.com,2005:185045602223144960</id><link>http://twitter.com/hEluVs_kEnDrA/statuses/185045602223144960</link><postedTime>2012-03-28T16:48:04.000Z</postedTime><objectType>note</objectType></object><actor><summary> Loving &amp; Living my LIFE</summary><twitterTimeZone>Mountain Time (US &amp; Canada)</twitterTimeZone><friendsCount>248</friendsCount><location><displayName>In my own Zone!</displayName><objectType>place</objectType></location><link>http://www.twitter.com/hEluVs_kEnDrA</link><postedTime>2010-12-24T15:57:38.000Z</postedTime><image>http://a0.twimg.com/profile_images/1963778202/hEluVs_kEnDrA_normal.jpg</image><links><links><rel>me</rel><href/></links></links><listedCount>0</listedCount><id>id:twitter.com:230203843</id><languages><languages>en</languages></languages><utcOffset>-25200</utcOffset><followersCount>158</followersCount><preferredUsername>hEluVs_kEnDrA</preferredUsername><displayName>Ms. Neville</displayName><statusesCount>5516</statusesCount><objectType>person</objectType></actor><twitter_entities><hashtags><hashtags><text>WINNING</text><indices><indices>84</indices><indices>92</indices></indices></hashtags><hashtags><text>CountryLife</text><indices><indices>97</indices><indices>109</indices></indices></hashtags></hashtags><urls/><user_mentions><user_mentions><indices><indices>3</indices><indices>19</indices></indices><id_str>242074574</id_str><name>TeamChico </name><id>242074574</id><screen_name>_HandFullOfcASH</screen_name></user_mentions></user_mentions></twitter_entities><objectType>activity</objectType><platform>twitter</platform><posted_date>2012-03-28</posted_date><followers>158</followers><statuses>5516</statuses><region>Mountain</region></marklogic>