<?xml version="1.0" encoding="UTF-8"?>
<marklogic><id>tag:search.twitter.com,2005:185038617339637760</id><type>P</type><type>P</type><body>&#x01f602;&#x01f602; “@Kaso_VS_Jason: Just give me head during the summer I don't wanna fuck it be <adverse_event>Too hot</adverse_event>. I'll make sure I get you fresh <product_name company="Energizer">Batteries</product_name> tho”</body><verb>post</verb><link>http://twitter.com/MzMimiS/statuses/185038617339637760</link><generator><link>http://twitter.com/#!/download/iphone</link><displayName>Twitter for iPhone</displayName></generator><postedTime>2012-03-28T16:20:18.000Z</postedTime><provider><link>http://www.twitter.com</link><displayName>Twitter</displayName><objectType>service</objectType></provider><object><summary>&#x01f602;&#x01f602; “@Kaso_VS_Jason: Just give me head during the summer I don't wanna fuck it be too hot. I'll make sure I get you fresh batteries tho”</summary><id>object:search.twitter.com,2005:185038617339637760</id><link>http://twitter.com/MzMimiS/statuses/185038617339637760</link><postedTime>2012-03-28T16:20:18.000Z</postedTime><objectType>note</objectType></object><actor><summary>catch me if u can ;-) #kittyprowl </summary><twitterTimeZone>Quito</twitterTimeZone><friendsCount>141</friendsCount><location><displayName>ova here ova there </displayName><objectType>place</objectType></location><link>http://www.twitter.com/MzMimiS</link><postedTime>2009-03-28T03:22:40.000Z</postedTime><image>http://a0.twimg.com/profile_images/1967424471/image_normal.jpg</image><links><links><rel>me</rel><href/></links></links><listedCount>2</listedCount><id>id:twitter.com:27168519</id><languages><languages>en</languages></languages><utcOffset>-18000</utcOffset><followersCount>165</followersCount><preferredUsername>MzMimiS</preferredUsername><displayName>MIMI KITTY</displayName><statusesCount>4290</statusesCount><objectType>person</objectType></actor><twitter_entities><hashtags/><user_mentions><user_mentions><indices><indices>4</indices><indices>18</indices></indices><name>Kaso Leonidas </name><id_str>242362785</id_str><id>242362785</id><screen_name>Kaso_VS_Jason</screen_name></user_mentions></user_mentions><urls/></twitter_entities><objectType>activity</objectType><platform>twitter</platform><posted_date>2012-03-28</posted_date><followers>165</followers><statuses>4290</statuses><region>Quito</region></marklogic>