<?xml version="1.0" encoding="UTF-8"?>
<marklogic><id>tag:search.twitter.com,2005:185032862007963648</id><type>P</type><type>P</type><body>Ugh that <adverse_event>Cough</adverse_event>! Somebody needs to spray <product_name company="Reckitt Benckiser">Lysol</product_name> in the class room this fool spreading germs !</body><verb>post</verb><link>http://twitter.com/MSBEAUTIFULME/statuses/185032862007963648</link><generator><link>http://twitter.com/#!/download/iphone</link><displayName>Twitter for iPhone</displayName></generator><postedTime>2012-03-28T15:57:26.000Z</postedTime><provider><link>http://www.twitter.com</link><displayName>Twitter</displayName><objectType>service</objectType></provider><object><summary>Ugh that cough! Somebody needs to spray Lysol in the class room this fool spreading germs !</summary><id>object:search.twitter.com,2005:185032862007963648</id><link>http://twitter.com/MSBEAUTIFULME/statuses/185032862007963648</link><postedTime>2012-03-28T15:57:26.000Z</postedTime><objectType>note</objectType></object><actor><summary>♥ BEAUTIFUL TWEETS♥ BEAUTIFUL THOUGHTS♥ BEAUTIFUL MIND..CATCH ME ON AN ISLAND...♥SAILING AWAY TO HIM...ALOHA♥</summary><twitterTimeZone>Eastern Time (US &amp; Canada)</twitterTimeZone><friendsCount>641</friendsCount><location><displayName>HAWAII ♥  ATLANTA  Ƹ̴Ӂ̴Ʒ</displayName><objectType>place</objectType></location><link>http://www.twitter.com/MSBEAUTIFULME</link><postedTime>2009-07-30T04:49:43.000Z</postedTime><image>http://a0.twimg.com/profile_images/1863631233/image_normal.jpg</image><links><links><rel>me</rel><href/></links></links><listedCount>9</listedCount><id>id:twitter.com:61394256</id><languages><languages>en</languages></languages><utcOffset>-18000</utcOffset><followersCount>672</followersCount><preferredUsername>MSBEAUTIFULME</preferredUsername><displayName>BEAUTIFUL ME ♥</displayName><statusesCount>21773</statusesCount><objectType>person</objectType></actor><twitter_entities><hashtags/><user_mentions/><urls/></twitter_entities><objectType>activity</objectType><platform>twitter</platform><posted_date>2012-03-28</posted_date><followers>672</followers><statuses>21773</statuses><region>Eastern</region></marklogic>