<?xml version="1.0" encoding="UTF-8"?>
<marklogic><id>tag:search.twitter.com,2005:185046843347050499</id><type>P</type><type>P</type><body>Robert Pattinson mencionado em Tv <adverse_event>Spot</adverse_event> de <product_name company="Unilever">Lipton</product_name> Ice Tea http://t.co/CGerCmLZ</body><verb>post</verb><link>http://twitter.com/RobstenFeverBR/statuses/185046843347050499</link><generator><link>http://twitter.com/tweetbutton</link><displayName>Tweet Button</displayName></generator><postedTime>2012-03-28T16:53:00.000Z</postedTime><provider><link>http://www.twitter.com</link><displayName>Twitter</displayName><objectType>service</objectType></provider><object><summary>Robert Pattinson mencionado em Tv Spot de Lipton Ice Tea http://t.co/CGerCmLZ</summary><id>object:search.twitter.com,2005:185046843347050499</id><link>http://twitter.com/RobstenFeverBR/statuses/185046843347050499</link><postedTime>2012-03-28T16:53:00.000Z</postedTime><objectType>note</objectType></object><actor><summary>Twitter do Blog dedicado ao Casal: Robert Pattinson e Kristen Stewart - ROBSTEN FEVER \O/ || Staff: @pam_robsten @Nessa_lov @nathi_portella @_isabelaescobar</summary><twitterTimeZone>Brasilia</twitterTimeZone><friendsCount>281</friendsCount><location><displayName>São Paulo</displayName><objectType>place</objectType></location><link>http://www.twitter.com/RobstenFeverBR</link><postedTime>2010-12-25T22:53:30.000Z</postedTime><image>http://a0.twimg.com/profile_images/1956611256/Robert-and-Kristen-in-EW-Magazine-November-2011-robert-pattinson-and-kristen-stewart-26945940-100-100_normal.png</image><links><links><rel>me</rel><href>http://robstenfever.blogspot.com/</href></links></links><listedCount>42</listedCount><id>id:twitter.com:230544933</id><languages><languages>en</languages></languages><utcOffset>-10800</utcOffset><followersCount>1821</followersCount><preferredUsername>RobstenFeverBR</preferredUsername><displayName>➸❥  Robsten Fever </displayName><statusesCount>41862</statusesCount><objectType>person</objectType></actor><twitter_entities><hashtags/><user_mentions/><urls><urls><indices><indices>57</indices><indices>77</indices></indices><expanded_url>http://robstenfever.blogspot.com/2012/03/robert-pattinson-mencionado-em-tv-spot.html?spref=tw</expanded_url><display_url>robstenfever.blogspot.com/2012/03/robert…</display_url><url>http://t.co/CGerCmLZ</url></urls></urls></twitter_entities><objectType>activity</objectType><platform>twitter</platform><posted_date>2012-03-28</posted_date><followers>1821</followers><statuses>41862</statuses><region>Brasilia</region></marklogic>