<?xml version="1.0" encoding="UTF-8"?>
<marklogic><id>tag:search.twitter.com,2005:185039663893987329</id><type>P</type><type>P</type><body>Why would <product_name company="PepsiCo-Gatorade">Propel</product_name> go for a run on a day like this??? Are u absolutely mad??? Probably die of <adverse_event>Overheating</adverse_event> or something silly like that</body><verb>post</verb><link>http://twitter.com/chelsdougherty_/statuses/185039663893987329</link><generator><link>http://twitter.com/#!/download/iphone</link><displayName>Twitter for iPhone</displayName></generator><postedTime>2012-03-28T16:24:28.000Z</postedTime><provider><link>http://www.twitter.com</link><displayName>Twitter</displayName><objectType>service</objectType></provider><object><summary>Why would propel go for a run on a day like this??? Are u absolutely mad??? Probably die of overheating or something silly like that</summary><id>object:search.twitter.com,2005:185039663893987329</id><link>http://twitter.com/chelsdougherty_/statuses/185039663893987329</link><postedTime>2012-03-28T16:24:28.000Z</postedTime><objectType>note</objectType></object><actor><summary>swaggggggieee </summary><twitterTimeZone>London</twitterTimeZone><friendsCount>459</friendsCount><location><displayName>Northern Ireland</displayName><objectType>place</objectType></location><link>http://www.twitter.com/chelsdougherty_</link><postedTime>2010-06-25T14:56:14.000Z</postedTime><image>http://a0.twimg.com/profile_images/1906376412/image_normal.jpg</image><links><links><rel>me</rel><href/></links></links><listedCount>1</listedCount><id>id:twitter.com:159497098</id><languages><languages>en</languages></languages><utcOffset>0</utcOffset><followersCount>518</followersCount><preferredUsername>chelsdougherty_</preferredUsername><displayName>Chelsea Dougherty♡</displayName><statusesCount>9326</statusesCount><objectType>person</objectType></actor><twitter_entities><hashtags/><user_mentions/><urls/></twitter_entities><objectType>activity</objectType><platform>twitter</platform><posted_date>2012-03-28</posted_date><followers>518</followers><statuses>9326</statuses><region>London</region></marklogic>