<?xml version="1.0" encoding="UTF-8"?>
<marklogic><id>tag:search.twitter.com,2005:185058722693922816</id><type>P</type><type>P</type><body>Down with <adverse_event>Fever</adverse_event>, FML no <product_name company="GlaxoSmithKline">Panadol</product_name> no medicine...</body><verb>post</verb><link>http://twitter.com/8XxCrossxX8/statuses/185058722693922816</link><generator><link>http://www.echofon.com/</link><displayName>Echofon</displayName></generator><postedTime>2012-03-28T17:40:12.000Z</postedTime><provider><link>http://www.twitter.com</link><displayName>Twitter</displayName><objectType>service</objectType></provider><object><summary>Down with fever, FML no Panadol no medicine...</summary><id>object:search.twitter.com,2005:185058722693922816</id><link>http://twitter.com/8XxCrossxX8/statuses/185058722693922816</link><postedTime>2012-03-28T17:40:12.000Z</postedTime><objectType>note</objectType></object><actor><summary>If you don't know me, don't judge me from what i appear to be, life's a masquerade.</summary><twitterTimeZone>Singapore</twitterTimeZone><friendsCount>104</friendsCount><location><displayName>Singapore</displayName><objectType>place</objectType></location><link>http://www.twitter.com/8XxCrossxX8</link><postedTime>2010-10-30T02:04:39.000Z</postedTime><image>http://a0.twimg.com/profile_images/1306836900/65_normal.png</image><links><links><rel>me</rel><href>http://itypemyposton.wordpress.com/</href></links></links><listedCount>0</listedCount><id>id:twitter.com:209865218</id><languages><languages>en</languages></languages><utcOffset>28800</utcOffset><followersCount>75</followersCount><preferredUsername>8XxCrossxX8</preferredUsername><displayName>Aaron Ong</displayName><statusesCount>6391</statusesCount><objectType>person</objectType></actor><twitter_entities><hashtags/><urls/><user_mentions/></twitter_entities><objectType>activity</objectType><platform>twitter</platform><posted_date>2012-03-28</posted_date><followers>75</followers><statuses>6391</statuses><region>Singapore</region></marklogic>