<?xml version="1.0" encoding="UTF-8"?>
<marklogic><id>tag:search.twitter.com,2005:185041233406726146</id><type>P</type><type>P</type><body>I've eaten a fair few Greggs sausage rolls - never a pasty fan and a shop next to <product_name company="Cadbury">Halls</product_name> at Uni. Never had a <adverse_event>Cold</adverse_event> one. #pastytax</body><verb>post</verb><link>http://twitter.com/drozymandias/statuses/185041233406726146</link><generator><link>http://www.hootsuite.com</link><displayName>HootSuite</displayName></generator><postedTime>2012-03-28T16:30:42.000Z</postedTime><provider><link>http://www.twitter.com</link><displayName>Twitter</displayName><objectType>service</objectType></provider><object><summary>I've eaten a fair few Greggs sausage rolls - never a pasty fan and a shop next to halls at Uni. Never had a cold one. #pastytax</summary><id>object:search.twitter.com,2005:185041233406726146</id><link>http://twitter.com/drozymandias/statuses/185041233406726146</link><postedTime>2012-03-28T16:30:42.000Z</postedTime><objectType>note</objectType></object><actor><summary>Reuters journalist. Personal opinions.</summary><twitterTimeZone>London</twitterTimeZone><friendsCount>138</friendsCount><link>http://www.twitter.com/drozymandias</link><postedTime>2011-01-14T21:39:56.000Z</postedTime><image>http://a0.twimg.com/profile_images/1527247906/twitsky_normal.jpg</image><links><links><rel>me</rel><href/></links></links><listedCount>0</listedCount><id>id:twitter.com:238309423</id><languages><languages>en</languages></languages><utcOffset>0</utcOffset><followersCount>34</followersCount><preferredUsername>drozymandias</preferredUsername><displayName>Owen Wild</displayName><statusesCount>554</statusesCount><objectType>person</objectType></actor><twitter_entities><hashtags><hashtags><text>pastytax</text><indices><indices>118</indices><indices>127</indices></indices></hashtags></hashtags><user_mentions/><urls/></twitter_entities><objectType>activity</objectType><platform>twitter</platform><posted_date>2012-03-28</posted_date><followers>34</followers><statuses>554</statuses><region>London</region></marklogic>