<?xml version="1.0" encoding="UTF-8"?>
<marklogic><id>tag:search.twitter.com,2005:185032425469001730</id><type>P</type><type>P</type><body><product_name company="Johnson - Johnson">Tylenol</product_name> <adverse_event>Cold</adverse_event> comments http://t.co/Y47ZD5RG</body><verb>post</verb><link>http://twitter.com/wificexenyt/statuses/185032425469001730</link><generator><link>http://twitter.com</link><displayName>web</displayName></generator><postedTime>2012-03-28T15:55:42.000Z</postedTime><provider><link>http://www.twitter.com</link><displayName>Twitter</displayName><objectType>service</objectType></provider><object><summary>tylenol cold comments http://t.co/Y47ZD5RG</summary><id>object:search.twitter.com,2005:185032425469001730</id><link>http://twitter.com/wificexenyt/statuses/185032425469001730</link><postedTime>2012-03-28T15:55:42.000Z</postedTime><objectType>note</objectType></object><actor><summary>I like Sly and the Family Stone to listen and Grave of the Fireflies to watch. I'm conception and treatment.&#13;</summary><twitterTimeZone/><friendsCount>40</friendsCount><location><displayName>US&#13;</displayName><objectType>place</objectType></location><link>http://www.twitter.com/wificexenyt</link><postedTime>2012-02-04T18:47:57.000Z</postedTime><image>http://a0.twimg.com/profile_images/1805998808/492_normal.gif</image><links><links><rel>me</rel><href/></links></links><listedCount>0</listedCount><id>id:twitter.com:483187647</id><languages><languages>tr</languages></languages><utcOffset/><followersCount>24</followersCount><preferredUsername>wificexenyt</preferredUsername><displayName>edris</displayName><statusesCount>149</statusesCount><objectType>person</objectType></actor><twitter_entities><hashtags/><user_mentions/><urls><urls><indices><indices>22</indices><indices>42</indices></indices><expanded_url>http://tylenol-cold-comments.cheapillsshop.com</expanded_url><display_url>…lenol-cold-comments.cheapillsshop.com</display_url><url>http://t.co/Y47ZD5RG</url></urls></urls></twitter_entities><objectType>activity</objectType><platform>twitter</platform><posted_date>2012-03-28</posted_date><followers>24</followers><statuses>149</statuses><region>N.A.</region></marklogic>