<?xml version="1.0" encoding="UTF-8"?>
<marklogic><id>tag:search.twitter.com,2005:185064908298256384</id><type>P</type><type>P</type><body>Drinkin <adverse_event>Cold</adverse_event> rosee coz thats the only drinkk we gaaat in <product_name company="Cadbury">Halls</product_name> #gohardd!</body><verb>post</verb><link>http://twitter.com/lauren_mc19/statuses/185064908298256384</link><generator><link>http://blackberry.com/twitter</link><displayName>Twitter for BlackBerry®</displayName></generator><postedTime>2012-03-28T18:04:47.000Z</postedTime><provider><link>http://www.twitter.com</link><displayName>Twitter</displayName><objectType>service</objectType></provider><object><summary>Drinkin cold rosee coz thats the only drinkk we gaaat in halls #gohardd!</summary><id>object:search.twitter.com,2005:185064908298256384</id><link>http://twitter.com/lauren_mc19/statuses/185064908298256384</link><postedTime>2012-03-28T18:04:47.000Z</postedTime><objectType>note</objectType></object><actor><summary/><twitterTimeZone/><friendsCount>77</friendsCount><location><displayName>Manchester </displayName><objectType>place</objectType></location><link>http://www.twitter.com/lauren_mc19</link><postedTime>2011-04-10T20:21:20.000Z</postedTime><image>http://a0.twimg.com/profile_images/1861072855/brogan__20sam_normal.jpg</image><links><links><rel>me</rel><href/></links></links><listedCount>0</listedCount><id>id:twitter.com:280181364</id><languages><languages>en</languages></languages><utcOffset/><followersCount>21</followersCount><preferredUsername>lauren_mc19</preferredUsername><displayName>Lauren McIntosh</displayName><statusesCount>63</statusesCount><objectType>person</objectType></actor><twitter_entities><hashtags><hashtags><text>gohardd</text><indices><indices>63</indices><indices>71</indices></indices></hashtags></hashtags><user_mentions/><urls/></twitter_entities><objectType>activity</objectType><platform>twitter</platform><posted_date>2012-03-28</posted_date><followers>21</followers><statuses>63</statuses><region>N.A.</region></marklogic>