<?xml version="1.0" encoding="UTF-8"?>
<marklogic><id>tag:search.twitter.com,2005:185069169656610816</id><type>P</type><type>P</type><body>"So you would put pee in your <product_name company="Clorox">Brita</product_name> filter?" "No, I would <adverse_event>Burn</adverse_event> it." #overheardinCMIR #funniestBearGryllsconversationever</body><verb>post</verb><link>http://twitter.com/mattriva/statuses/185069169656610816</link><generator><link>http://twitter.com</link><displayName>web</displayName></generator><postedTime>2012-03-28T18:21:43.000Z</postedTime><provider><link>http://www.twitter.com</link><displayName>Twitter</displayName><objectType>service</objectType></provider><object><summary>"So you would put pee in your Brita filter?" "No, I would burn it." #overheardinCMIR #funniestBearGryllsconversationever</summary><id>object:search.twitter.com,2005:185069169656610816</id><link>http://twitter.com/mattriva/statuses/185069169656610816</link><postedTime>2012-03-28T18:21:43.000Z</postedTime><objectType>note</objectType></object><actor><summary>Photog, videog, IT guy, writer,  and journalist at @UFJSchool and That Guy.</summary><twitterTimeZone>Quito</twitterTimeZone><friendsCount>156</friendsCount><location><displayName>Gainesville</displayName><objectType>place</objectType></location><link>http://www.twitter.com/mattriva</link><postedTime>2011-07-20T16:55:27.000Z</postedTime><image>http://a0.twimg.com/profile_images/1825562882/portraitsmall_normal.jpg</image><links><links><rel>me</rel><href>http://www.mattriva.com/</href></links></links><listedCount>4</listedCount><id>id:twitter.com:339132508</id><languages><languages>en</languages></languages><utcOffset>-18000</utcOffset><followersCount>85</followersCount><preferredUsername>mattriva</preferredUsername><displayName>Matt Riva</displayName><statusesCount>326</statusesCount><objectType>person</objectType></actor><twitter_entities><user_mentions/><hashtags><hashtags><text>overheardinCMIR</text><indices><indices>68</indices><indices>84</indices></indices></hashtags><hashtags><text>funniestBearGryllsconversationever</text><indices><indices>85</indices><indices>120</indices></indices></hashtags></hashtags><urls/></twitter_entities><objectType>activity</objectType><platform>twitter</platform><posted_date>2012-03-28</posted_date><followers>85</followers><statuses>326</statuses><region>Quito</region></marklogic>