<?xml version="1.0" encoding="UTF-8"?>
<marklogic><id>tag:search.twitter.com,2005:185069779776831488</id><type>P</type><type>P</type><body><product_name company="Johnson - Johnson">Tylenol</product_name> jr <adverse_event>Fever</adverse_event> reducer pain reliever http://t.co/dYcc9FvM</body><verb>post</verb><link>http://twitter.com/nicavybenow/statuses/185069779776831488</link><generator><link>http://twitter.com</link><displayName>web</displayName></generator><postedTime>2012-03-28T18:24:08.000Z</postedTime><provider><link>http://www.twitter.com</link><displayName>Twitter</displayName><objectType>service</objectType></provider><object><summary>tylenol jr fever reducer pain reliever http://t.co/dYcc9FvM</summary><id>object:search.twitter.com,2005:185069779776831488</id><link>http://twitter.com/nicavybenow/statuses/185069779776831488</link><postedTime>2012-03-28T18:24:08.000Z</postedTime><objectType>note</objectType></object><actor><summary>I'm ogre-ish, lethal and 394. Separated. Also bombast and egotism. Favorite movie - Beyond the Valley of the Dolls.&#13;</summary><twitterTimeZone/><friendsCount>46</friendsCount><location><displayName>US&#13;</displayName><objectType>place</objectType></location><link>http://www.twitter.com/nicavybenow</link><postedTime>2012-02-07T14:16:08.000Z</postedTime><image>http://a0.twimg.com/profile_images/1810863101/1467_normal.gif</image><links><links><rel>me</rel><href/></links></links><listedCount>0</listedCount><id>id:twitter.com:485720943</id><languages><languages>en</languages></languages><utcOffset/><followersCount>12</followersCount><preferredUsername>nicavybenow</preferredUsername><displayName>gannetti</displayName><statusesCount>172</statusesCount><objectType>person</objectType></actor><twitter_entities><hashtags/><user_mentions/><urls><urls><indices><indices>39</indices><indices>59</indices></indices><expanded_url>http://tylenol-jr-fever-reducer-pain-reliever.cheapillsshop.com</expanded_url><display_url>…ducer-pain-reliever.cheapillsshop.com</display_url><url>http://t.co/dYcc9FvM</url></urls></urls></twitter_entities><objectType>activity</objectType><platform>twitter</platform><posted_date>2012-03-28</posted_date><followers>12</followers><statuses>172</statuses><region>N.A.</region></marklogic>