<?xml version="1.0" encoding="UTF-8"?>
<marklogic><id>tag:search.twitter.com,2005:185065704314257408</id><type>P</type><type>P</type><inReplyTo><link>http://twitter.com/TheSickChick/statuses/185065599989317632</link></inReplyTo><body>@TheSickChick i actually haven't needed anything this past week, so i'm hoping the break will be good. taking <product_name company="Johnson - Johnson">Tylenol</product_name> for my <adverse_event>Headaches</adverse_event>.</body><verb>post</verb><link>http://twitter.com/thepinkwoobie/statuses/185065704314257408</link><generator><link>http://www.tweetdeck.com</link><displayName>TweetDeck</displayName></generator><postedTime>2012-03-28T18:07:56.000Z</postedTime><provider><link>http://www.twitter.com</link><displayName>Twitter</displayName><objectType>service</objectType></provider><object><summary>@TheSickChick i actually haven't needed anything this past week, so i'm hoping the break will be good. taking tylenol for my headaches.</summary><id>object:search.twitter.com,2005:185065704314257408</id><link>http://twitter.com/thepinkwoobie/statuses/185065704314257408</link><postedTime>2012-03-28T18:07:56.000Z</postedTime><objectType>note</objectType></object><actor><summary>awesome, crochet ninja, cat lady w/ a snake, living with fibromyalgia</summary><twitterTimeZone>Eastern Time (US &amp; Canada)</twitterTimeZone><friendsCount>1001</friendsCount><location><displayName>Columbus, OH</displayName><objectType>place</objectType></location><link>http://www.twitter.com/thepinkwoobie</link><postedTime>2009-04-06T17:12:00.000Z</postedTime><image>http://a0.twimg.com/profile_images/1896960675/IMG_0300_normal.JPG</image><links><links><rel>me</rel><href>http://www.thepinkwoobie.com</href></links></links><listedCount>79</listedCount><id>id:twitter.com:29243464</id><languages><languages>en</languages></languages><utcOffset>-18000</utcOffset><followersCount>1064</followersCount><preferredUsername>thepinkwoobie</preferredUsername><displayName>Chrissy Bell</displayName><statusesCount>34966</statusesCount><objectType>person</objectType></actor><twitter_entities><hashtags/><user_mentions><user_mentions><indices><indices>0</indices><indices>13</indices></indices><id_str>5849302</id_str><name>Juliann</name><id>5849302</id><screen_name>TheSickChick</screen_name></user_mentions></user_mentions><urls/></twitter_entities><objectType>activity</objectType><platform>twitter</platform><posted_date>2012-03-28</posted_date><followers>1064</followers><statuses>34966</statuses><region>Eastern</region></marklogic>