<?xml version="1.0" encoding="UTF-8"?>
<marklogic><id>tag:search.twitter.com,2005:185037857864429568</id><type>P</type><type>P</type><body>Lovely day , 20 degrees, drinking a <adverse_event>Cold</adverse_event> <product_name company="Coca Cola">Coke</product_name>, sitting by river Thames reading @Ekwall s book! He's such a lad! http://t.co/HMw8Of1V</body><verb>post</verb><link>http://twitter.com/hellmaaaan/statuses/185037857864429568</link><generator><link>http://twitter.com/download/android</link><displayName>Twitter for Android</displayName></generator><postedTime>2012-03-28T16:17:19.000Z</postedTime><provider><link>http://www.twitter.com</link><displayName>Twitter</displayName><objectType>service</objectType></provider><object><summary>Lovely day off, 20 degrees, drinking a cold coke, sitting by river Thames reading @Ekwall s book! He's such a lad! http://t.co/HMw8Of1V</summary><id>object:search.twitter.com,2005:185037857864429568</id><link>http://twitter.com/hellmaaaan/statuses/185037857864429568</link><postedTime>2012-03-28T16:17:19.000Z</postedTime><objectType>note</objectType></object><actor><summary>Hello! My name is Vincent.</summary><twitterTimeZone>London</twitterTimeZone><friendsCount>48</friendsCount><location><displayName>My flat. Londinium.</displayName><objectType>place</objectType></location><link>http://www.twitter.com/hellmaaaan</link><postedTime>2009-07-30T13:42:31.000Z</postedTime><image>http://a0.twimg.com/profile_images/1663286950/260619_738060299_1986139567_n_normal.jpg</image><links><links><rel>me</rel><href/></links></links><listedCount>0</listedCount><id>id:twitter.com:61490194</id><languages><languages>en</languages></languages><utcOffset>0</utcOffset><followersCount>65</followersCount><preferredUsername>hellmaaaan</preferredUsername><displayName>Vincent Hellman</displayName><statusesCount>779</statusesCount><objectType>person</objectType></actor><twitter_entities><media><media><type>photo</type><indices><indices>115</indices><indices>135</indices></indices><expanded_url>http://twitter.com/hellmaaaan/status/185037857864429568/photo/1</expanded_url><id_str>185037857868623874</id_str><media_url>http://p.twimg.com/ApFi84xCMAIqMTy.jpg</media_url><id>185037857868623874</id><url>http://t.co/HMw8Of1V</url><display_url>pic.twitter.com/HMw8Of1V</display_url><sizes><small><h>568</h><resize>fit</resize><w>340</w></small><medium><h>1002</h><resize>fit</resize><w>600</w></medium><large><h>1710</h><resize>fit</resize><w>1024</w></large><thumb><h>150</h><resize>crop</resize><w>150</w></thumb></sizes><media_url_https>https://p.twimg.com/ApFi84xCMAIqMTy.jpg</media_url_https></media></media><hashtags/><urls/><user_mentions><user_mentions><indices><indices>82</indices><indices>89</indices></indices><id_str>24856019</id_str><name>Patrick Ekwall</name><id>24856019</id><screen_name>Ekwall</screen_name></user_mentions></user_mentions></twitter_entities><objectType>activity</objectType><platform>twitter</platform><posted_date>2012-03-28</posted_date><followers>65</followers><statuses>779</statuses><region>London</region></marklogic>