<?xml version="1.0" encoding="UTF-8"?>
<marklogic><id>tag:search.twitter.com,2005:185041959650463745</id><type>P</type><type>P</type><body>This <product_name company="Cadbury">Halls</product_name> <adverse_event>Cough</adverse_event> drop though &amp;gt; yumm</body><verb>post</verb><link>http://twitter.com/TheSlimmBoogie/statuses/185041959650463745</link><generator><link>http://www.tweetcaster.com</link><displayName>TweetCaster for Android</displayName></generator><postedTime>2012-03-28T16:33:35.000Z</postedTime><provider><link>http://www.twitter.com</link><displayName>Twitter</displayName><objectType>service</objectType></provider><object><summary>This halls cough drop though &amp;gt; yumm</summary><id>object:search.twitter.com,2005:185041959650463745</id><link>http://twitter.com/TheSlimmBoogie/statuses/185041959650463745</link><postedTime>2012-03-28T16:33:35.000Z</postedTime><objectType>note</objectType></object><actor><summary>♂♀ #UTSA #scorpio ♏ #idcf #taylored &#13;
♥71311•RTK♥&#13;
www.modelmayhem.com/mariahcontreras</summary><twitterTimeZone>Central Time (US &amp; Canada)</twitterTimeZone><friendsCount>423</friendsCount><location><displayName>planet boogie</displayName><objectType>place</objectType></location><link>http://www.twitter.com/TheSlimmBoogie</link><postedTime>2009-04-18T22:44:37.000Z</postedTime><image>http://a0.twimg.com/profile_images/1884628416/414460_2390804381166_1582570219_31948586_300016380_o_normal.jpg</image><links><links><rel>me</rel><href>http://slimmboogie.tumblr.com/</href></links></links><listedCount>5</listedCount><id>id:twitter.com:33038501</id><languages><languages>en</languages></languages><utcOffset>-21600</utcOffset><followersCount>502</followersCount><preferredUsername>TheSlimmBoogie</preferredUsername><displayName>Lucille Ball</displayName><statusesCount>16261</statusesCount><objectType>person</objectType></actor><twitter_entities><hashtags/><urls/><user_mentions/></twitter_entities><objectType>activity</objectType><platform>twitter</platform><posted_date>2012-03-28</posted_date><followers>502</followers><statuses>16261</statuses><region>Central</region></marklogic>