<?xml version="1.0" encoding="UTF-8"?>
<marklogic><id>tag:search.twitter.com,2005:185056934410465281</id><type>P</type><type>P</type><body> or <product_name company="Johnson - Johnson">Motrin</product_name> for sinus <adverse_event>Headache</adverse_event> http://t.co/1U0ggOH5</body><verb>post</verb><link>http://twitter.com/wukojavafifu/statuses/185056934410465281</link><generator><link>http://twitter.com</link><displayName>web</displayName></generator><postedTime>2012-03-28T17:33:06.000Z</postedTime><provider><link>http://www.twitter.com</link><displayName>Twitter</displayName><objectType>service</objectType></provider><object><summary>tylenol or motrin for sinus headache http://t.co/1U0ggOH5</summary><id>object:search.twitter.com,2005:185056934410465281</id><link>http://twitter.com/wukojavafifu/statuses/185056934410465281</link><postedTime>2012-03-28T17:33:06.000Z</postedTime><objectType>note</objectType></object><actor><summary>I'm empty, hustled and 45. Audited. Also vacillation and uncertainty. Listen to Mott the Hoople.&#13;</summary><twitterTimeZone/><friendsCount>24</friendsCount><location><displayName>VA&#13;</displayName><objectType>place</objectType></location><link>http://www.twitter.com/wukojavafifu</link><postedTime>2012-02-09T09:16:47.000Z</postedTime><image>http://a0.twimg.com/profile_images/1817939685/55_normal.gif</image><links><links><rel>me</rel><href/></links></links><listedCount>0</listedCount><id>id:twitter.com:487377118</id><languages><languages>hi</languages></languages><utcOffset/><followersCount>6</followersCount><preferredUsername>wukojavafifu</preferredUsername><displayName>grade</displayName><statusesCount>85</statusesCount><objectType>person</objectType></actor><twitter_entities><hashtags/><urls><urls><indices><indices>37</indices><indices>57</indices></indices><expanded_url>http://tylenol-or-motrin-for-sinus-headache.cheapillsshop.com</expanded_url><display_url>…-for-sinus-headache.cheapillsshop.com</display_url><url>http://t.co/1U0ggOH5</url></urls></urls><user_mentions/></twitter_entities><objectType>activity</objectType><platform>twitter</platform><posted_date>2012-03-28</posted_date><followers>6</followers><statuses>85</statuses><region>N.A.</region></marklogic>