<?xml version="1.0" encoding="UTF-8"?>
<marklogic><id>tag:search.twitter.com,2005:185071460023414784</id><type>P</type><type>P</type><body>Yo solo tendré un <adverse_event>Spot</adverse_event>. “¡<product_name company="GlaxoSmithKline">Viva</product_name> la equidad!”: AMLO: El candidato presidencial aseguró que de ganar las elecciones... http://t.co/y9hGmLeH</body><verb>post</verb><link>http://twitter.com/Merk2Noticias/statuses/185071460023414784</link><generator><link>http://twitterfeed.com</link><displayName>twitterfeed</displayName></generator><postedTime>2012-03-28T18:30:49.000Z</postedTime><provider><link>http://www.twitter.com</link><displayName>Twitter</displayName><objectType>service</objectType></provider><object><summary>Yo solo tendré un spot. “¡Viva la equidad!”: AMLO: El candidato presidencial aseguró que de ganar las elecciones... http://t.co/y9hGmLeH</summary><id>object:search.twitter.com,2005:185071460023414784</id><link>http://twitter.com/Merk2Noticias/statuses/185071460023414784</link><postedTime>2012-03-28T18:30:49.000Z</postedTime><objectType>note</objectType></object><actor><summary>Nuestro compromiso es mantenerte bien informado con lo que pasa dentro y fuera del pais.</summary><twitterTimeZone>Central Time (US &amp; Canada)</twitterTimeZone><friendsCount>26</friendsCount><location><displayName>Mexico</displayName><objectType>place</objectType></location><link>http://www.twitter.com/Merk2Noticias</link><postedTime>2011-09-07T15:27:52.000Z</postedTime><image>http://a0.twimg.com/profile_images/1817958173/MN_-_Copy_normal.png</image><links><links><rel>me</rel><href/></links></links><listedCount>5</listedCount><id>id:twitter.com:369560072</id><languages><languages>es</languages></languages><utcOffset>-21600</utcOffset><followersCount>211</followersCount><preferredUsername>Merk2Noticias</preferredUsername><displayName>Noticias</displayName><statusesCount>26891</statusesCount><objectType>person</objectType></actor><twitter_entities><hashtags/><user_mentions/><urls><urls><indices><indices>116</indices><indices>136</indices></indices><expanded_url>http://bit.ly/Hfqv7J</expanded_url><display_url>bit.ly/Hfqv7J</display_url><url>http://t.co/y9hGmLeH</url></urls></urls></twitter_entities><objectType>activity</objectType><platform>twitter</platform><posted_date>2012-03-28</posted_date><followers>211</followers><statuses>26891</statuses><region>Central</region></marklogic>