<?xml version="1.0" encoding="UTF-8"?>
<marklogic><id>tag:search.twitter.com,2005:185073988597325825</id><type>P</type><type>P</type><inReplyTo><link>http://twitter.com/burns_a/statuses/185072851727024129</link></inReplyTo><body>@<adverse_event>Burns</adverse_event>_a la llegada de <product_name company="Church - Dwight">Nair</product_name> y de Arjona al Perú significa solo una cosa, mi muerte y el inicio del Ragnarok. @kno_z protegeos.</body><verb>post</verb><link>http://twitter.com/SgtWalrus/statuses/185073988597325825</link><generator><link>http://itunes.apple.com/us/app/twitter/id409789998?mt=12</link><displayName>Twitter for Mac</displayName></generator><postedTime>2012-03-28T18:40:52.000Z</postedTime><provider><link>http://www.twitter.com</link><displayName>Twitter</displayName><objectType>service</objectType></provider><object><summary>@burns_a la llegada de Nair y de Arjona al Perú significa solo una cosa, mi muerte y el inicio del Ragnarok. @kno_z protegeos.</summary><id>object:search.twitter.com,2005:185073988597325825</id><link>http://twitter.com/SgtWalrus/statuses/185073988597325825</link><postedTime>2012-03-28T18:40:52.000Z</postedTime><objectType>note</objectType></object><actor><summary>court jester.</summary><twitterTimeZone>Lima</twitterTimeZone><friendsCount>223</friendsCount><location><displayName>Lima, Perú</displayName><objectType>place</objectType></location><link>http://www.twitter.com/SgtWalrus</link><postedTime>2009-06-23T16:00:26.000Z</postedTime><image>http://a0.twimg.com/profile_images/1730666767/39552_1526637839366_1037254383_31527117_4191799_n_normal.jpg</image><links><links><rel>me</rel><href>http://matanga.pe</href></links></links><listedCount>21</listedCount><id>id:twitter.com:50015226</id><languages><languages>en</languages></languages><utcOffset>-18000</utcOffset><followersCount>511</followersCount><preferredUsername>SgtWalrus</preferredUsername><displayName>Manolo</displayName><statusesCount>52797</statusesCount><objectType>person</objectType></actor><twitter_entities><hashtags/><user_mentions><user_mentions><indices><indices>0</indices><indices>8</indices></indices><id_str>76863032</id_str><name>Alan Burns </name><id>76863032</id><screen_name>burns_a</screen_name></user_mentions><user_mentions><indices><indices>109</indices><indices>115</indices></indices><id_str>14409351</id_str><name>Tutankñón</name><id>14409351</id><screen_name>kno_z</screen_name></user_mentions></user_mentions><urls/></twitter_entities><objectType>activity</objectType><platform>twitter</platform><posted_date>2012-03-28</posted_date><followers>511</followers><statuses>52797</statuses><region>Lima</region></marklogic>