<?xml version="1.0" encoding="UTF-8"?>
<marklogic><id>tag:search.twitter.com,2005:185073881650962433</id><type>P</type><type>P</type><body>Rid yourself of <adverse_event>Dry skin</adverse_event> problems! #Win <product_name company="Beiersdorf">Eucerin</product_name> Professional Repair + $125 Visa GC #giveaway Ends 4/16 http://t.co/yGH4BdlA</body><verb>post</verb><link>http://twitter.com/Leenburke/statuses/185073881650962433</link><generator><link>http://twitter.com/tweetbutton</link><displayName>Tweet Button</displayName></generator><postedTime>2012-03-28T18:40:26.000Z</postedTime><provider><link>http://www.twitter.com</link><displayName>Twitter</displayName><objectType>service</objectType></provider><object><summary>Rid yourself of dry skin problems! #Win Eucerin Professional Repair + $125 Visa GC #giveaway Ends 4/16 http://t.co/yGH4BdlA</summary><id>object:search.twitter.com,2005:185073881650962433</id><link>http://twitter.com/Leenburke/statuses/185073881650962433</link><postedTime>2012-03-28T18:40:26.000Z</postedTime><objectType>note</objectType></object><actor><summary>Life lover :-)</summary><twitterTimeZone>Eastern Time (US &amp; Canada)</twitterTimeZone><friendsCount>2001</friendsCount><link>http://www.twitter.com/Leenburke</link><postedTime>2009-03-01T03:00:29.000Z</postedTime><image>http://a0.twimg.com/profile_images/1879519371/avatar_c90ca760aff9_128_normal.png</image><links><links><rel>me</rel><href/></links></links><listedCount>18</listedCount><id>id:twitter.com:22325399</id><languages><languages>en</languages></languages><utcOffset>-18000</utcOffset><followersCount>1081</followersCount><preferredUsername>Leenburke</preferredUsername><displayName>Eileen  Burke</displayName><statusesCount>8180</statusesCount><objectType>person</objectType></actor><twitter_entities><hashtags><hashtags><text>Win</text><indices><indices>35</indices><indices>39</indices></indices></hashtags><hashtags><text>giveaway</text><indices><indices>83</indices><indices>92</indices></indices></hashtags></hashtags><user_mentions/><urls><urls><indices><indices>103</indices><indices>123</indices></indices><expanded_url>http://www.anutinanutshell.com/2012/03/eucerin-professional-repair/comment-page-3/</expanded_url><display_url>anutinanutshell.com/2012/03/euceri…</display_url><url>http://t.co/yGH4BdlA</url></urls></urls></twitter_entities><objectType>activity</objectType><platform>twitter</platform><posted_date>2012-03-28</posted_date><followers>1081</followers><statuses>8180</statuses><region>Eastern</region></marklogic>