<?xml version="1.0" encoding="UTF-8"?>
<marklogic><id>tag:search.twitter.com,2005:185039155603062785</id><type>P</type><type>P</type><body>Led on sofa watching #storagewars listening to #music with a glass of <adverse_event>Cold</adverse_event> #<product_name company="N.A.">Pepsi</product_name> :) #goodtimes</body><verb>post</verb><link>http://twitter.com/binnsey/statuses/185039155603062785</link><generator><link>http://twitter.com/#!/download/iphone</link><displayName>Twitter for iPhone</displayName></generator><postedTime>2012-03-28T16:22:27.000Z</postedTime><provider><link>http://www.twitter.com</link><displayName>Twitter</displayName><objectType>service</objectType></provider><object><summary>Led on sofa watching #storagewars listening to #music with a glass of cold #Pepsi :) #goodtimes</summary><id>object:search.twitter.com,2005:185039155603062785</id><link>http://twitter.com/binnsey/statuses/185039155603062785</link><postedTime>2012-03-28T16:22:27.000Z</postedTime><objectType>note</objectType></object><actor><summary>caerleon u15s, rock music, chelsea fc, football, films (preferably horror) and just about anything funny</summary><twitterTimeZone/><friendsCount>105</friendsCount><location><displayName>caerleon</displayName><objectType>place</objectType></location><link>http://www.twitter.com/binnsey</link><postedTime>2011-03-31T19:01:32.000Z</postedTime><image>http://a0.twimg.com/profile_images/1831092857/image_normal.jpg</image><links><links><rel>me</rel><href/></links></links><listedCount>0</listedCount><id>id:twitter.com:275160150</id><languages><languages>en</languages></languages><utcOffset/><followersCount>82</followersCount><preferredUsername>binnsey</preferredUsername><displayName>Rhys Binns</displayName><statusesCount>913</statusesCount><objectType>person</objectType></actor><twitter_entities><hashtags><hashtags><text>storagewars</text><indices><indices>21</indices><indices>33</indices></indices></hashtags><hashtags><text>music</text><indices><indices>47</indices><indices>53</indices></indices></hashtags><hashtags><text>Pepsi</text><indices><indices>75</indices><indices>81</indices></indices></hashtags><hashtags><text>goodtimes</text><indices><indices>85</indices><indices>95</indices></indices></hashtags></hashtags><user_mentions/><urls/></twitter_entities><objectType>activity</objectType><platform>twitter</platform><posted_date>2012-03-28</posted_date><followers>82</followers><statuses>913</statuses><region>N.A.</region></marklogic>