<?xml version="1.0" encoding="UTF-8"?>
<marklogic><id>tag:search.twitter.com,2005:185066658593902592</id><type>P</type><type>P</type><inReplyTo><link>http://twitter.com/Carignan/statuses/185066256997691392</link></inReplyTo><body>@Carignan Thanks for checking in. Get relief from allergy-related <adverse_event>Cough</adverse_event> &amp; <adverse_event>Sore throat</adverse_event> with <product_name company="N.A.">HALLS</product_name> <adverse_event>Cough</adverse_event> drops: http://t.co/HYO3nazy</body><verb>post</verb><link>http://twitter.com/Walgreens/statuses/185066658593902592</link><generator><link>http://localresponse.com</link><displayName>LocalResponse for Walgreens</displayName></generator><postedTime>2012-03-28T18:11:44.000Z</postedTime><provider><link>http://www.twitter.com</link><displayName>Twitter</displayName><objectType>service</objectType></provider><object><summary>@Carignan Thanks for checking in. Get relief from allergy-related cough &amp; sore throat with HALLS cough drops: http://t.co/HYO3nazy</summary><id>object:search.twitter.com,2005:185066658593902592</id><link>http://twitter.com/Walgreens/statuses/185066658593902592</link><postedTime>2012-03-28T18:11:44.000Z</postedTime><objectType>note</objectType></object><actor><summary>Walgreens is the nation’s largest drugstore chain with more than 7,800 drugstores in all 50 states, the District of Columbia and Puerto Rico.</summary><twitterTimeZone>Central Time (US &amp; Canada)</twitterTimeZone><friendsCount>2383</friendsCount><location><displayName>Chicago, IL</displayName><objectType>place</objectType></location><link>http://www.twitter.com/Walgreens</link><postedTime>2009-06-10T17:56:29.000Z</postedTime><image>http://a0.twimg.com/profile_images/1565658805/Wag_W_Red_normal.png</image><links><links><rel>me</rel><href>http://www.walgreens.com</href></links></links><listedCount>1282</listedCount><id>id:twitter.com:46177695</id><languages><languages>en</languages></languages><utcOffset>-21600</utcOffset><followersCount>90699</followersCount><preferredUsername>Walgreens</preferredUsername><displayName>Walgreens</displayName><statusesCount>14592</statusesCount><objectType>person</objectType></actor><twitter_entities><hashtags/><urls><urls><indices><indices>110</indices><indices>130</indices></indices><expanded_url>http://bz.lo.cr/PBG</expanded_url><display_url>bz.lo.cr/PBG</display_url><url>http://t.co/HYO3nazy</url></urls></urls><user_mentions><user_mentions><indices><indices>0</indices><indices>9</indices></indices><id_str>4610</id_str><name>Craig</name><id>4610</id><screen_name>Carignan</screen_name></user_mentions></user_mentions></twitter_entities><objectType>activity</objectType><platform>twitter</platform><posted_date>2012-03-28</posted_date><followers>90699</followers><statuses>14592</statuses><region>Central</region></marklogic>