<?xml version="1.0" encoding="UTF-8"?>
<marklogic><id>tag:search.twitter.com,2005:185058109012721664</id><type>P</type><type>P</type><inReplyTo><link>http://twitter.com/Shagg2xDope/statuses/185057447470305280</link></inReplyTo><body>@Shagg2xDope <adverse_event>COUGH</adverse_event>*** LIER!!! OK lets get this clear now i drink the <product_name company="Coca Cola">Coke</product_name> and you drink the sprite</body><verb>post</verb><link>http://twitter.com/lovely_colors/statuses/185058109012721664</link><generator><link>http://twitter.com</link><displayName>web</displayName></generator><postedTime>2012-03-28T17:37:46.000Z</postedTime><provider><link>http://www.twitter.com</link><displayName>Twitter</displayName><objectType>service</objectType></provider><object><summary>@Shagg2xDope COUGH*** LIER!!! OK lets get this clear now i drink the coke and you drink the sprite</summary><id>object:search.twitter.com,2005:185058109012721664</id><link>http://twitter.com/lovely_colors/statuses/185058109012721664</link><postedTime>2012-03-28T17:37:46.000Z</postedTime><objectType>note</objectType></object><actor><summary/><twitterTimeZone>Pacific Time (US &amp; Canada)</twitterTimeZone><friendsCount>37</friendsCount><location><displayName>Not withh you ;p</displayName><objectType>place</objectType></location><link>http://www.twitter.com/lovely_colors</link><postedTime>2011-11-26T05:04:50.000Z</postedTime><image>http://a0.twimg.com/profile_images/1879671385/jenny_normal.jpg</image><links><links><rel>me</rel><href/></links></links><listedCount>0</listedCount><id>id:twitter.com:421612101</id><languages><languages>en</languages></languages><utcOffset>-28800</utcOffset><followersCount>29</followersCount><preferredUsername>lovely_colors</preferredUsername><displayName>jenny melara</displayName><statusesCount>17</statusesCount><objectType>person</objectType></actor><twitter_entities><hashtags/><user_mentions><user_mentions><indices><indices>0</indices><indices>12</indices></indices><id_str>538348579</id_str><name>Shaggster Toodope</name><id>538348579</id><screen_name>Shagg2xDope</screen_name></user_mentions></user_mentions><urls/></twitter_entities><objectType>activity</objectType><platform>twitter</platform><posted_date>2012-03-28</posted_date><followers>29</followers><statuses>17</statuses><region>Pacific</region></marklogic>