<?xml version="1.0" encoding="UTF-8"?>
<marklogic><id>tag:search.twitter.com,2005:185047765133430784</id><type>P</type><type>P</type><body>blasting one direction in the garden with a <adverse_event>Cold</adverse_event> glass of <product_name company="Coca Cola">Coke</product_name>, with my mummy :)</body><verb>post</verb><link>http://twitter.com/HARRYSTYLES_HOT/statuses/185047765133430784</link><generator><link>http://twitter.com</link><displayName>web</displayName></generator><postedTime>2012-03-28T16:56:39.000Z</postedTime><provider><link>http://www.twitter.com</link><displayName>Twitter</displayName><objectType>service</objectType></provider><object><summary>blasting one direction in the garden with a cold glass of coke, with my mummy :)</summary><id>object:search.twitter.com,2005:185047765133430784</id><link>http://twitter.com/HARRYSTYLES_HOT/statuses/185047765133430784</link><postedTime>2012-03-28T16:56:39.000Z</postedTime><objectType>note</objectType></object><actor><summary>If you hate one direction #unfollow. </summary><twitterTimeZone>London</twitterTimeZone><friendsCount>2000</friendsCount><location><displayName>Worcester</displayName><objectType>place</objectType></location><link>http://www.twitter.com/HARRYSTYLES_HOT</link><postedTime>2010-03-19T21:42:46.000Z</postedTime><image>http://a0.twimg.com/profile_images/1842890523/Worcester_20City-20120218-00223_normal.jpg</image><links><links><rel>me</rel><href>http://amy-one-direction.tumblr.com/</href></links></links><listedCount>12</listedCount><id>id:twitter.com:124577971</id><languages><languages>en</languages></languages><utcOffset>0</utcOffset><followersCount>1285</followersCount><preferredUsername>HARRYSTYLES_HOT</preferredUsername><displayName>AmyJeffries!</displayName><statusesCount>3858</statusesCount><objectType>person</objectType></actor><twitter_entities><hashtags/><user_mentions/><urls/></twitter_entities><objectType>activity</objectType><platform>twitter</platform><posted_date>2012-03-28</posted_date><followers>1285</followers><statuses>3858</statuses><region>London</region></marklogic>