<?xml version="1.0" encoding="UTF-8"?>
<marklogic><id>tag:search.twitter.com,2005:185056793800609792</id><type>P</type><type>P</type><body><adverse_event>Cough</adverse_event> syrup and <product_name company="Johnson - Johnson">Tylenol</product_name> pm http://t.co/oQkuDdf3</body><verb>post</verb><link>http://twitter.com/mecenykufom/statuses/185056793800609792</link><generator><link>http://twitter.com</link><displayName>web</displayName></generator><postedTime>2012-03-28T17:32:32.000Z</postedTime><provider><link>http://www.twitter.com</link><displayName>Twitter</displayName><objectType>service</objectType></provider><object><summary>cough syrup and tylenol pm http://t.co/oQkuDdf3</summary><id>object:search.twitter.com,2005:185056793800609792</id><link>http://twitter.com/mecenykufom/statuses/185056793800609792</link><postedTime>2012-03-28T17:32:32.000Z</postedTime><objectType>note</objectType></object><actor><summary>I think I'm changing, manifold and complex, because of Tears for Fears.&#13;</summary><twitterTimeZone/><friendsCount>28</friendsCount><location><displayName>HI&#13;</displayName><objectType>place</objectType></location><link>http://www.twitter.com/mecenykufom</link><postedTime>2012-02-09T09:50:50.000Z</postedTime><image>http://a0.twimg.com/profile_images/1817994858/268_normal.gif</image><links><links><rel>me</rel><href/></links></links><listedCount>0</listedCount><id>id:twitter.com:487395742</id><languages><languages>msa</languages></languages><utcOffset/><followersCount>5</followersCount><preferredUsername>mecenykufom</preferredUsername><displayName>youngerman</displayName><statusesCount>75</statusesCount><objectType>person</objectType></actor><twitter_entities><hashtags/><user_mentions/><urls><urls><indices><indices>27</indices><indices>47</indices></indices><expanded_url>http://cough-syrup-and-tylenol-pm.cheapillsshop.com</expanded_url><display_url>…yrup-and-tylenol-pm.cheapillsshop.com</display_url><url>http://t.co/oQkuDdf3</url></urls></urls></twitter_entities><objectType>activity</objectType><platform>twitter</platform><posted_date>2012-03-28</posted_date><followers>5</followers><statuses>75</statuses><region>N.A.</region></marklogic>