<?xml version="1.0" encoding="UTF-8"?>
<marklogic><id>tag:search.twitter.com,2005:185052985276112896</id><type>P</type><type>P</type><body>This modern oceanfront home boasts 6 bedrooms, <product_name company="Unilever">Radiant</product_name> <adverse_event>Heat</adverse_event>, home theater, and a oceanside pool http://t.co/iLMg71S0 #amagansett</body><verb>post</verb><link>http://twitter.com/GaryDePersia/statuses/185052985276112896</link><generator><link>http://twitter.com</link><displayName>web</displayName></generator><postedTime>2012-03-28T17:17:24.000Z</postedTime><provider><link>http://www.twitter.com</link><displayName>Twitter</displayName><objectType>service</objectType></provider><object><summary>This modern oceanfront home boasts 6 bedrooms, radiant heat, home theater, and a oceanside pool http://t.co/iLMg71S0 #amagansett</summary><id>object:search.twitter.com,2005:185052985276112896</id><link>http://twitter.com/GaryDePersia/statuses/185052985276112896</link><postedTime>2012-03-28T17:17:24.000Z</postedTime><objectType>note</objectType></object><actor><summary>Senior Vice President of The Corcoran Group - specializing in the listing, sale and rental of high-end luxury real estate in The Hamptons</summary><twitterTimeZone>Eastern Time (US &amp; Canada)</twitterTimeZone><friendsCount>1619</friendsCount><location><displayName>The Hamptons</displayName><objectType>place</objectType></location><link>http://www.twitter.com/GaryDePersia</link><postedTime>2011-07-19T13:34:41.000Z</postedTime><image>http://a0.twimg.com/profile_images/1503924008/g_normal.jpg</image><links><links><rel>me</rel><href>http://www.myhamptonhomes.com</href></links></links><listedCount>20</listedCount><id>id:twitter.com:338364025</id><languages><languages>en</languages></languages><utcOffset>-18000</utcOffset><followersCount>929</followersCount><preferredUsername>GaryDePersia</preferredUsername><displayName>Gary DePersia</displayName><statusesCount>877</statusesCount><objectType>person</objectType></actor><twitter_entities><hashtags><hashtags><text>amagansett</text><indices><indices>117</indices><indices>128</indices></indices></hashtags></hashtags><urls><urls><indices><indices>96</indices><indices>116</indices></indices><expanded_url>http://bit.ly/GBY2wd</expanded_url><display_url>bit.ly/GBY2wd</display_url><url>http://t.co/iLMg71S0</url></urls></urls><user_mentions/></twitter_entities><objectType>activity</objectType><platform>twitter</platform><posted_date>2012-03-28</posted_date><followers>929</followers><statuses>877</statuses><region>Eastern</region></marklogic>