<?xml version="1.0" encoding="UTF-8"?>
<marklogic><id>tag:search.twitter.com,2005:185035110523998209</id><type>P</type><type>P</type><body>Rid yourself of <adverse_event>Dry skin</adverse_event> problems! #Win <product_name company="Beiersdorf">Eucerin</product_name> Professional Repair + $125 Visa GC #giveaway Ends 4/16 http://t.co/I7DHQgom</body><verb>post</verb><link>http://twitter.com/lisalmg/statuses/185035110523998209</link><generator><link>http://twitter.com/tweetbutton</link><displayName>Tweet Button</displayName></generator><postedTime>2012-03-28T16:06:22.000Z</postedTime><provider><link>http://www.twitter.com</link><displayName>Twitter</displayName><objectType>service</objectType></provider><object><summary>Rid yourself of dry skin problems! #Win Eucerin Professional Repair + $125 Visa GC #giveaway Ends 4/16 http://t.co/I7DHQgom</summary><id>object:search.twitter.com,2005:185035110523998209</id><link>http://twitter.com/lisalmg/statuses/185035110523998209</link><postedTime>2012-03-28T16:06:22.000Z</postedTime><objectType>note</objectType></object><actor><summary/><twitterTimeZone>Central Time (US &amp; Canada)</twitterTimeZone><friendsCount>2001</friendsCount><link>http://www.twitter.com/lisalmg</link><postedTime>2008-11-01T02:56:18.000Z</postedTime><image>http://a0.twimg.com/profile_images/1084046840/Flower_normal.jpg</image><links><links><rel>me</rel><href/></links></links><listedCount>4</listedCount><id>id:twitter.com:17096069</id><languages><languages>en</languages></languages><utcOffset>-21600</utcOffset><followersCount>524</followersCount><preferredUsername>lisalmg</preferredUsername><displayName>lisalmg</displayName><statusesCount>9103</statusesCount><objectType>person</objectType></actor><twitter_entities><hashtags><hashtags><text>Win</text><indices><indices>35</indices><indices>39</indices></indices></hashtags><hashtags><text>giveaway</text><indices><indices>83</indices><indices>92</indices></indices></hashtags></hashtags><user_mentions/><urls><urls><indices><indices>103</indices><indices>123</indices></indices><expanded_url>http://www.anutinanutshell.com/2012/03/eucerin-professional-repair/</expanded_url><display_url>anutinanutshell.com/2012/03/euceri…</display_url><url>http://t.co/I7DHQgom</url></urls></urls></twitter_entities><objectType>activity</objectType><platform>twitter</platform><posted_date>2012-03-28</posted_date><followers>524</followers><statuses>9103</statuses><region>Central</region></marklogic>