<?xml version="1.0" encoding="UTF-8"?>
<marklogic><id>tag:search.twitter.com,2005:185049370729791488</id><type>P</type><type>P</type><body>http://t.co/W1qRydxb <product_name company="P&amp;G">Crest</product_name> 1/2 Gallon CP200HT Ultrasonic <adverse_event>Heated</adverse_event> Cleaner &amp;amp; Basket Swiss Tech</body><verb>post</verb><link>http://twitter.com/Ashaolw/statuses/185049370729791488</link><generator><link>http://l6ar7.co.cc</link><displayName>l6ar7.co.cc</displayName></generator><postedTime>2012-03-28T17:03:02.000Z</postedTime><provider><link>http://www.twitter.com</link><displayName>Twitter</displayName><objectType>service</objectType></provider><object><summary>http://t.co/W1qRydxb Crest 1/2 Gallon CP200HT Ultrasonic Heated Cleaner &amp;amp; Basket Swiss Tech</summary><id>object:search.twitter.com,2005:185049370729791488</id><link>http://twitter.com/Ashaolw/statuses/185049370729791488</link><postedTime>2012-03-28T17:03:02.000Z</postedTime><objectType>note</objectType></object><actor><summary/><twitterTimeZone/><friendsCount>0</friendsCount><location><displayName>Portland</displayName><objectType>place</objectType></location><link>http://www.twitter.com/Ashaolw</link><postedTime>2011-11-30T22:39:25.000Z</postedTime><image>http://a0.twimg.com/profile_images/1666748324/LLDP_3510_normal.jpg</image><links><links><rel>me</rel><href/></links></links><listedCount>0</listedCount><id>id:twitter.com:425370268</id><languages><languages>en</languages></languages><utcOffset/><followersCount>11</followersCount><preferredUsername>Ashaolw</preferredUsername><displayName>Asha Ewald</displayName><statusesCount>1371</statusesCount><objectType>person</objectType></actor><twitter_entities><hashtags/><urls><urls><indices><indices>0</indices><indices>20</indices></indices><expanded_url>http://l6ar7.co.cc/swiss-tech/1382</expanded_url><display_url>l6ar7.co.cc/swiss-tech/1382</display_url><url>http://t.co/W1qRydxb</url></urls></urls><user_mentions/></twitter_entities><objectType>activity</objectType><platform>twitter</platform><posted_date>2012-03-28</posted_date><followers>11</followers><statuses>1371</statuses><region>N.A.</region></marklogic>