<?xml version="1.0" encoding="UTF-8"?>
<marklogic><id>tag:search.twitter.com,2005:185047668970622976</id><type>P</type><type>P</type><body>Freebie: Free <adverse_event>Heartburn</adverse_event> Information: Free <adverse_event>Heartburn</adverse_event> Information (Sponsored by <product_name company="P&amp;G">Prilosec OTC</product_name>) 
 
Get free heartbur... http://t.co/y6IQsrTt</body><verb>post</verb><link>http://twitter.com/tfxnews/statuses/185047668970622976</link><generator><link>http://twitterfeed.com</link><displayName>twitterfeed</displayName></generator><postedTime>2012-03-28T16:56:16.000Z</postedTime><provider><link>http://www.twitter.com</link><displayName>Twitter</displayName><objectType>service</objectType></provider><object><summary>Freebie: Free Heartburn Information: Free Heartburn Information (Sponsored by Prilosec OTC) 
 
Get free heartbur... http://t.co/y6IQsrTt</summary><id>object:search.twitter.com,2005:185047668970622976</id><link>http://twitter.com/tfxnews/statuses/185047668970622976</link><postedTime>2012-03-28T16:56:16.000Z</postedTime><objectType>note</objectType></object><actor><summary>A free referral community where members help each other get freebie referrals and make money through referral trading.</summary><twitterTimeZone>Quito</twitterTimeZone><friendsCount>1</friendsCount><location><displayName>Make Money Online W/Freebies</displayName><objectType>place</objectType></location><link>http://www.twitter.com/tfxnews</link><postedTime>2011-06-30T00:46:11.000Z</postedTime><image>http://a0.twimg.com/profile_images/1419609206/logogator4__1__normal.png</image><links><links><rel>me</rel><href>http://thefreebieexchange.com</href></links></links><listedCount>0</listedCount><id>id:twitter.com:326494917</id><languages><languages>en</languages></languages><utcOffset>-18000</utcOffset><followersCount>42</followersCount><preferredUsername>tfxnews</preferredUsername><displayName>The Freebie Exchange</displayName><statusesCount>1791</statusesCount><objectType>person</objectType></actor><twitter_entities><hashtags/><user_mentions/><urls><urls><indices><indices>116</indices><indices>136</indices></indices><expanded_url>http://bit.ly/Hi3zKr</expanded_url><display_url>bit.ly/Hi3zKr</display_url><url>http://t.co/y6IQsrTt</url></urls></urls></twitter_entities><objectType>activity</objectType><platform>twitter</platform><posted_date>2012-03-28</posted_date><followers>42</followers><statuses>1791</statuses><region>Quito</region></marklogic>