<?xml version="1.0" encoding="UTF-8"?>
<marklogic><id>tag:search.twitter.com,2005:185051310918352898</id><type>P</type><type>P</type><body>Tommy Bahama Relax <product_name company="Unilever">Surf</product_name> Crewneck T-Shirt: 100% Cotton Care Instructions: machine wash <adverse_event>Cold</adverse_event> with like colors, non... http://t.co/uKxVCFLO</body><verb>post</verb><link>http://twitter.com/aviraaudi/statuses/185051310918352898</link><generator><link>http://twitterfeed.com</link><displayName>twitterfeed</displayName></generator><postedTime>2012-03-28T17:10:45.000Z</postedTime><provider><link>http://www.twitter.com</link><displayName>Twitter</displayName><objectType>service</objectType></provider><object><summary>Tommy Bahama Relax Surf Crewneck T-Shirt: 100% Cotton Care Instructions: machine wash cold with like colors, non... http://t.co/uKxVCFLO</summary><id>object:search.twitter.com,2005:185051310918352898</id><link>http://twitter.com/aviraaudi/statuses/185051310918352898</link><postedTime>2012-03-28T17:10:45.000Z</postedTime><objectType>note</objectType></object><actor><summary/><twitterTimeZone/><friendsCount>130</friendsCount><location><displayName>London</displayName><objectType>place</objectType></location><link>http://www.twitter.com/aviraaudi</link><postedTime>2011-08-08T04:42:10.000Z</postedTime><image>http://a0.twimg.com/profile_images/1483939790/284196_106620699439636_100002751200813_29801_2806877_n_normal.jpg</image><links><links><rel>me</rel><href>http://www.allphotopaper.com/</href></links></links><listedCount>0</listedCount><id>id:twitter.com:350683343</id><languages><languages>en</languages></languages><utcOffset/><followersCount>24</followersCount><preferredUsername>aviraaudi</preferredUsername><displayName>Audi</displayName><statusesCount>65</statusesCount><objectType>person</objectType></actor><twitter_entities><hashtags/><urls><urls><indices><indices>116</indices><indices>136</indices></indices><expanded_url>http://bit.ly/HfQOPi</expanded_url><display_url>bit.ly/HfQOPi</display_url><url>http://t.co/uKxVCFLO</url></urls></urls><user_mentions/></twitter_entities><objectType>activity</objectType><platform>twitter</platform><posted_date>2012-03-28</posted_date><followers>24</followers><statuses>65</statuses><region>N.A.</region></marklogic>