<?xml version="1.0" encoding="UTF-8"?>
<marklogic><id>tag:search.twitter.com,2005:185053689042579456</id><type>P</type><type>P</type><body>(¬‿¬) New <product_name company="Apple">IPad</product_name> 3: Hotspot Performance, Color Quality and <adverse_event>Heat</adverse_event> Comparison http://t.co/peZHd0WS</body><verb>post</verb><link>http://twitter.com/kenny_yeoh/statuses/185053689042579456</link><generator><link>http://www.facebook.com/twitter</link><displayName>Facebook</displayName></generator><postedTime>2012-03-28T17:20:12.000Z</postedTime><provider><link>http://www.twitter.com</link><displayName>Twitter</displayName><objectType>service</objectType></provider><object><summary>(¬‿¬) New iPad 3: Hotspot Performance, Color Quality and Heat Comparison http://t.co/peZHd0WS</summary><id>object:search.twitter.com,2005:185053689042579456</id><link>http://twitter.com/kenny_yeoh/statuses/185053689042579456</link><postedTime>2012-03-28T17:20:12.000Z</postedTime><objectType>note</objectType></object><actor><summary>Be Myself ~</summary><twitterTimeZone>Kuala Lumpur</twitterTimeZone><friendsCount>7</friendsCount><location><displayName>Penang</displayName><objectType>place</objectType></location><link>http://www.twitter.com/kenny_yeoh</link><postedTime>2012-01-31T12:30:48.000Z</postedTime><image>http://a0.twimg.com/profile_images/1794398457/296921_10150341946578592_631643591_7897639_1643583162_n_normal.jpg</image><links><links><rel>me</rel><href/></links></links><listedCount>0</listedCount><id>id:twitter.com:479477013</id><languages><languages>en</languages></languages><utcOffset>28800</utcOffset><followersCount>4</followersCount><preferredUsername>kenny_yeoh</preferredUsername><displayName>Kenny Yeoh</displayName><statusesCount>121</statusesCount><objectType>person</objectType></actor><twitter_entities><hashtags/><user_mentions/><urls><urls><indices><indices>73</indices><indices>93</indices></indices><expanded_url>http://fb.me/1Jzr3iHP1</expanded_url><display_url>fb.me/1Jzr3iHP1</display_url><url>http://t.co/peZHd0WS</url></urls></urls></twitter_entities><objectType>activity</objectType><platform>twitter</platform><posted_date>2012-03-28</posted_date><followers>4</followers><statuses>121</statuses><region>Kuala</region></marklogic>