<?xml version="1.0" encoding="UTF-8"?>
<marklogic><id>tag:search.twitter.com,2005:185061362806947840</id><type>P</type><type>P</type><body>is there a #<product_name company="Schering-Plough">Claritin</product_name> dispenser on campus? I'm on the verge of <adverse_event>Sneezing</adverse_event> my brains out.</body><verb>post</verb><link>http://twitter.com/prestonpatridge/statuses/185061362806947840</link><generator><link>http://twitter.com/#!/download/iphone</link><displayName>Twitter for iPhone</displayName></generator><postedTime>2012-03-28T17:50:41.000Z</postedTime><provider><link>http://www.twitter.com</link><displayName>Twitter</displayName><objectType>service</objectType></provider><object><summary>is there a #Claritin dispenser on campus? I'm on the verge of sneezing my brains out.</summary><id>object:search.twitter.com,2005:185061362806947840</id><link>http://twitter.com/prestonpatridge/statuses/185061362806947840</link><postedTime>2012-03-28T17:50:41.000Z</postedTime><objectType>note</objectType></object><actor><summary>this is a story about a boy named Lucky..</summary><twitterTimeZone>Central Time (US &amp; Canada)</twitterTimeZone><friendsCount>344</friendsCount><location><displayName>Denton, TX</displayName><objectType>place</objectType></location><link>http://www.twitter.com/prestonpatridge</link><postedTime>2009-07-04T23:49:36.000Z</postedTime><image>http://a0.twimg.com/profile_images/1740591491/1.jpg_alias_1_normal.jpg</image><links><links><rel>me</rel><href/></links></links><listedCount>1</listedCount><id>id:twitter.com:53791007</id><languages><languages>en</languages></languages><utcOffset>-21600</utcOffset><followersCount>236</followersCount><preferredUsername>prestonpatridge</preferredUsername><displayName>Preston Patridge</displayName><statusesCount>3237</statusesCount><objectType>person</objectType></actor><twitter_entities><hashtags><hashtags><text>Claritin</text><indices><indices>11</indices><indices>20</indices></indices></hashtags></hashtags><urls/><user_mentions/></twitter_entities><objectType>activity</objectType><platform>twitter</platform><posted_date>2012-03-28</posted_date><followers>236</followers><statuses>3237</statuses><region>Central</region></marklogic>