<?xml version="1.0" encoding="UTF-8"?>
<marklogic><id>tag:search.twitter.com,2005:185033604575924224</id><type>P</type><type>P</type><body>This <adverse_event>Cold</adverse_event> <product_name company="N.A.">Mountain Dew</product_name> though....</body><verb>post</verb><link>http://twitter.com/geezs_up/statuses/185033604575924224</link><generator><link>http://www.tweetdeck.com</link><displayName>TweetDeck</displayName></generator><postedTime>2012-03-28T16:00:23.000Z</postedTime><provider><link>http://www.twitter.com</link><displayName>Twitter</displayName><objectType>service</objectType></provider><object><summary>This cold Mountain Dew though....</summary><id>object:search.twitter.com,2005:185033604575924224</id><link>http://twitter.com/geezs_up/statuses/185033604575924224</link><postedTime>2012-03-28T16:00:23.000Z</postedTime><objectType>note</objectType></object><actor><summary>Alot of alphabets but im a G...</summary><twitterTimeZone>Mountain Time (US &amp; Canada)</twitterTimeZone><friendsCount>150</friendsCount><location><displayName>BMT</displayName><objectType>place</objectType></location><link>http://www.twitter.com/geezs_up</link><postedTime>2010-01-21T05:32:55.000Z</postedTime><image>http://a0.twimg.com/profile_images/1930827306/profile_normal.jpg</image><links><links><rel>me</rel><href/></links></links><listedCount>1</listedCount><id>id:twitter.com:106960429</id><languages><languages>en</languages></languages><utcOffset>-25200</utcOffset><followersCount>247</followersCount><preferredUsername>geezs_up</preferredUsername><displayName>Reggie T.</displayName><statusesCount>9862</statusesCount><objectType>person</objectType></actor><twitter_entities><hashtags/><user_mentions/><urls/></twitter_entities><objectType>activity</objectType><platform>twitter</platform><posted_date>2012-03-28</posted_date><followers>247</followers><statuses>9862</statuses><region>Mountain</region></marklogic>