<?xml version="1.0" encoding="UTF-8"?>
<marklogic><id>tag:search.twitter.com,2005:185064294075998208</id><type>P</type><type>P</type><body><adverse_event>Blush</adverse_event> Victoria  <product_name company="Unilever">Radiant</product_name> <adverse_event>Blush</adverse_event> - Fresh Love... http://t.co/q5QYGAcE</body><verb>post</verb><link>http://twitter.com/cacauguillen/statuses/185064294075998208</link><generator><link>http://www.facebook.com/twitter</link><displayName>Facebook</displayName></generator><postedTime>2012-03-28T18:02:20.000Z</postedTime><provider><link>http://www.twitter.com</link><displayName>Twitter</displayName><objectType>service</objectType></provider><object><summary>Blush Victoria Secrets Radiant Blush - Fresh Love... http://t.co/q5QYGAcE</summary><id>object:search.twitter.com,2005:185064294075998208</id><link>http://twitter.com/cacauguillen/statuses/185064294075998208</link><postedTime>2012-03-28T18:02:20.000Z</postedTime><objectType>note</objectType></object><actor><summary>Mãe, esposa e maquiadora apaixonada pela Sigma...  meu Blog (visita e segue) http://www.cacau-makeup.blogspot.com</summary><twitterTimeZone>Brasilia</twitterTimeZone><friendsCount>521</friendsCount><location><displayName>capivari de baixo / SC</displayName><objectType>place</objectType></location><link>http://www.twitter.com/cacauguillen</link><postedTime>2011-07-23T01:15:35.000Z</postedTime><image>http://a0.twimg.com/profile_images/1765311493/1_DSCN1429_normal.JPG</image><links><links><rel>me</rel><href/></links></links><listedCount>5</listedCount><id>id:twitter.com:340637701</id><languages><languages>pt</languages></languages><utcOffset>-10800</utcOffset><followersCount>2338</followersCount><preferredUsername>cacauguillen</preferredUsername><displayName>claudia guillen</displayName><statusesCount>3675</statusesCount><objectType>person</objectType></actor><twitter_entities><hashtags/><user_mentions/><urls><urls><indices><indices>53</indices><indices>73</indices></indices><expanded_url>http://fb.me/XVqeJnVB</expanded_url><display_url>fb.me/XVqeJnVB</display_url><url>http://t.co/q5QYGAcE</url></urls></urls></twitter_entities><objectType>activity</objectType><platform>twitter</platform><posted_date>2012-03-28</posted_date><followers>2338</followers><statuses>3675</statuses><region>Brasilia</region></marklogic>