<?xml version="1.0" encoding="UTF-8"?>
<marklogic><id>tag:search.twitter.com,2005:185049136750530560</id><type>P</type><type>P</type><inReplyTo><link>http://twitter.com/victoriaprebble/statuses/185045169324818433</link></inReplyTo><body>@victoriaprebble did you get <adverse_event>Burnt</adverse_event> in algarve? emma and <product_name company="Kimberly Clark">Scott</product_name> might be coming with me to albufeira so i need to know how to protect the bf's</body><verb>post</verb><link>http://twitter.com/DeboraCamelo/statuses/185049136750530560</link><generator><link>http://twitter.com/#!/download/iphone</link><displayName>Twitter for iPhone</displayName></generator><postedTime>2012-03-28T17:02:06.000Z</postedTime><provider><link>http://www.twitter.com</link><displayName>Twitter</displayName><objectType>service</objectType></provider><object><summary>@victoriaprebble did you get burnt in algarve? emma and scott might be coming with me to albufeira so i need to know how to protect the bf's</summary><id>object:search.twitter.com,2005:185049136750530560</id><link>http://twitter.com/DeboraCamelo/statuses/185049136750530560</link><postedTime>2012-03-28T17:02:06.000Z</postedTime><objectType>note</objectType></object><actor><summary>you were born an original, don't be a copy</summary><twitterTimeZone>London</twitterTimeZone><friendsCount>41</friendsCount><link>http://www.twitter.com/DeboraCamelo</link><postedTime>2010-04-14T21:51:39.000Z</postedTime><image>http://a0.twimg.com/profile_images/1912747602/image_normal.jpg</image><links><links><rel>me</rel><href/></links></links><listedCount>0</listedCount><id>id:twitter.com:133045040</id><languages><languages>en</languages></languages><utcOffset>0</utcOffset><followersCount>134</followersCount><preferredUsername>DeboraCamelo</preferredUsername><displayName>Débora Camelo</displayName><statusesCount>3271</statusesCount><objectType>person</objectType></actor><twitter_entities><hashtags/><urls/><user_mentions><user_mentions><indices><indices>0</indices><indices>16</indices></indices><id_str>455224097</id_str><name>victoria prebble</name><id>455224097</id><screen_name>victoriaprebble</screen_name></user_mentions></user_mentions></twitter_entities><objectType>activity</objectType><platform>twitter</platform><posted_date>2012-03-28</posted_date><followers>134</followers><statuses>3271</statuses><region>London</region></marklogic>