<?xml version="1.0" encoding="UTF-8"?>
<marklogic><id>tag:search.twitter.com,2005:185055146475139073</id><type>P</type><type>P</type><body><product_name company="Johnson - Johnson">Zyrtec</product_name> <adverse_event>Itch</adverse_event> relief http://t.co/jw1NjZSZ</body><verb>post</verb><link>http://twitter.com/dumyqocuvoj/statuses/185055146475139073</link><generator><link>http://twitter.com</link><displayName>web</displayName></generator><postedTime>2012-03-28T17:25:59.000Z</postedTime><provider><link>http://www.twitter.com</link><displayName>Twitter</displayName><objectType>service</objectType></provider><object><summary>zyrtec itch relief http://t.co/jw1NjZSZ</summary><id>object:search.twitter.com,2005:185055146475139073</id><link>http://twitter.com/dumyqocuvoj/statuses/185055146475139073</link><postedTime>2012-03-28T17:25:59.000Z</postedTime><objectType>note</objectType></object><actor><summary>hard-hearted and fat - true. fanciful and chimerical - may be.&#13;</summary><twitterTimeZone/><friendsCount>39</friendsCount><location><displayName>United States</displayName><objectType>place</objectType></location><link>http://www.twitter.com/dumyqocuvoj</link><postedTime>2012-02-05T07:02:10.000Z</postedTime><image>http://a0.twimg.com/profile_images/1807488612/1234_normal.gif</image><links><links><rel>me</rel><href/></links></links><listedCount>0</listedCount><id>id:twitter.com:483633200</id><languages><languages>hi</languages></languages><utcOffset/><followersCount>15</followersCount><preferredUsername>dumyqocuvoj</preferredUsername><displayName>peeler</displayName><statusesCount>168</statusesCount><objectType>person</objectType></actor><twitter_entities><hashtags/><urls><urls><indices><indices>19</indices><indices>39</indices></indices><expanded_url>http://zyrtec-itch-relief.cheapillsshop.com</expanded_url><display_url>zyrtec-itch-relief.cheapillsshop.com</display_url><url>http://t.co/jw1NjZSZ</url></urls></urls><user_mentions/></twitter_entities><objectType>activity</objectType><platform>twitter</platform><posted_date>2012-03-28</posted_date><followers>15</followers><statuses>168</statuses><region>N.A.</region></marklogic>