<?xml version="1.0" encoding="UTF-8"?>
<marklogic><id>tag:search.twitter.com,2005:185055035632267267</id><type>P</type><type>P</type><body>Shit it sounds like I have crazy allergies. And I've been taking <product_name company="Johnson - Johnson">Tylenol</product_name> <adverse_event>Cold</adverse_event> and sinus for days.</body><verb>post</verb><link>http://twitter.com/missdelbel/statuses/185055035632267267</link><generator><link>http://ubersocial.com</link><displayName>UberSocial for BlackBerry</displayName></generator><postedTime>2012-03-28T17:25:33.000Z</postedTime><provider><link>http://www.twitter.com</link><displayName>Twitter</displayName><objectType>service</objectType></provider><object><summary>Shit it sounds like I have crazy allergies. And I've been taking tylenol cold and sinus for days.</summary><id>object:search.twitter.com,2005:185055035632267267</id><link>http://twitter.com/missdelbel/statuses/185055035632267267</link><postedTime>2012-03-28T17:25:33.000Z</postedTime><objectType>note</objectType></object><actor><summary>SAIC MS Candidate </summary><twitterTimeZone>Quito</twitterTimeZone><friendsCount>145</friendsCount><location><displayName>Chi-Town</displayName><objectType>place</objectType></location><link>http://www.twitter.com/missdelbel</link><postedTime>2009-12-10T03:52:38.000Z</postedTime><image>http://a0.twimg.com/profile_images/1640557425/window_normal.jpg</image><links><links><rel>me</rel><href/></links></links><listedCount>3</listedCount><id>id:twitter.com:95817136</id><languages><languages>en</languages></languages><utcOffset>-18000</utcOffset><followersCount>153</followersCount><preferredUsername>missdelbel</preferredUsername><displayName>Elissa DelBelBelluz</displayName><statusesCount>3068</statusesCount><objectType>person</objectType></actor><twitter_entities><user_mentions/><hashtags/><urls/></twitter_entities><objectType>activity</objectType><platform>twitter</platform><posted_date>2012-03-28</posted_date><followers>153</followers><statuses>3068</statuses><region>Quito</region></marklogic>