<?xml version="1.0" encoding="UTF-8"?>
<marklogic><id>tag:search.twitter.com,2005:185074819656720384</id><type>P</type><type>P</type><body>Ice <adverse_event>Cold</adverse_event> water is better than everything. Except <adverse_event>Cold</adverse_event> <product_name company="GlaxoSmithKline">Lucozade</product_name> and <adverse_event>Cold</adverse_event> irn bru. They win</body><verb>post</verb><link>http://twitter.com/lauranneXo/statuses/185074819656720384</link><generator><link>http://blackberry.com/twitter</link><displayName>Twitter for BlackBerry®</displayName></generator><postedTime>2012-03-28T18:44:10.000Z</postedTime><provider><link>http://www.twitter.com</link><displayName>Twitter</displayName><objectType>service</objectType></provider><object><summary>Ice cold water is better than everything. Except cold lucozade and cold irn bru. They win</summary><id>object:search.twitter.com,2005:185074819656720384</id><link>http://twitter.com/lauranneXo/statuses/185074819656720384</link><postedTime>2012-03-28T18:44:10.000Z</postedTime><objectType>note</objectType></object><actor><summary>Kyle Lafferty, Ally McCoist, Rangers Then.. Rangers Now.. Rangers Forever ♥</summary><twitterTimeZone/><friendsCount>395</friendsCount><location><displayName>Stirling</displayName><objectType>place</objectType></location><link>http://www.twitter.com/lauranneXo</link><postedTime>2011-11-14T22:58:39.000Z</postedTime><image>http://a0.twimg.com/profile_images/1976319447/munch_2012_03_27_153046_normal.png</image><links><links><rel>me</rel><href/></links></links><listedCount>0</listedCount><id>id:twitter.com:412605895</id><languages><languages>en</languages></languages><utcOffset/><followersCount>307</followersCount><preferredUsername>lauranneXo</preferredUsername><displayName>laura-anne kirkwood</displayName><statusesCount>2822</statusesCount><objectType>person</objectType></actor><twitter_entities><hashtags/><user_mentions/><urls/></twitter_entities><objectType>activity</objectType><platform>twitter</platform><posted_date>2012-03-28</posted_date><followers>307</followers><statuses>2822</statuses><region>N.A.</region></marklogic>