<?xml version="1.0" encoding="UTF-8"?>
<marklogic><id>tag:search.twitter.com,2005:185054448299675649</id><type>P</type><type>P</type><body>I got my toes in the water ass in the sand not a worry in the world <adverse_event>Cold</adverse_event> <product_name company="N.A.">Sobe</product_name> in my hand...life is good today</body><verb>post</verb><link>http://twitter.com/iDjDaddyfats/statuses/185054448299675649</link><generator><link>http://twitter.com/devices</link><displayName>txt</displayName></generator><postedTime>2012-03-28T17:23:13.000Z</postedTime><provider><link>http://www.twitter.com</link><displayName>Twitter</displayName><objectType>service</objectType></provider><object><summary>I got my toes in the water ass in the sand not a worry in the world cold sobe in my hand...life is good today</summary><id>object:search.twitter.com,2005:185054448299675649</id><link>http://twitter.com/iDjDaddyfats/statuses/185054448299675649</link><postedTime>2012-03-28T17:23:13.000Z</postedTime><objectType>note</objectType></object><actor><summary>If they bite - let em chew&#13;
http://DJDaddyfats.com&#13;
http://facebook.com/iDJDaddyfats&#13;
http://Soundcloud.com/idjdaddyfats&#13;
&#13;
DJDaddyfats™</summary><twitterTimeZone>Pacific Time (US &amp; Canada)</twitterTimeZone><friendsCount>1814</friendsCount><location><displayName>Dallas to Las Vegas Trick</displayName><objectType>place</objectType></location><link>http://www.twitter.com/iDjDaddyfats</link><postedTime>2009-04-23T21:22:28.000Z</postedTime><image>http://a0.twimg.com/profile_images/1845120589/DSC_4394_normal.jpg</image><links><links><rel>me</rel><href>http://www.djdaddyfats.com</href></links></links><listedCount>17</listedCount><id>id:twitter.com:34733508</id><languages><languages>en</languages></languages><utcOffset>-28800</utcOffset><followersCount>7287</followersCount><preferredUsername>iDjDaddyfats</preferredUsername><displayName>DJDaddyfats.com</displayName><statusesCount>11552</statusesCount><objectType>person</objectType></actor><twitter_entities><hashtags/><urls/><user_mentions/></twitter_entities><objectType>activity</objectType><platform>twitter</platform><posted_date>2012-03-28</posted_date><followers>7287</followers><statuses>11552</statuses><region>Pacific</region></marklogic>