<?xml version="1.0" encoding="UTF-8"?>
<marklogic><id>tag:search.twitter.com,2005:187193231153434624</id><type>P</type><type>P</type><body>“@ohcasanovabk I think I beat dat <adverse_event>Colds</adverse_event> ass with some <product_name company="P&amp;G">Nyquil</product_name>, bluntquil, a few Airbornes, and a heavy dose of #swag. #MostDope”&amp;lt;&amp;lt; DO IT</body><verb>post</verb><link>http://twitter.com/L0tusFl0wer/statuses/187193231153434624</link><generator><link>http://levelupstudio.com/plume</link><displayName>Plume for Android</displayName></generator><postedTime>2012-04-03T15:01:58.000Z</postedTime><provider><link>http://www.twitter.com</link><displayName>Twitter</displayName><objectType>service</objectType></provider><object><summary>“@ohcasanovabk I think I beat dat colds ass with some Nyquil, bluntquil, a few Airbornes, and a heavy dose of #swag. #MostDope”&amp;lt;&amp;lt; DO IT</summary><id>object:search.twitter.com,2005:187193231153434624</id><link>http://twitter.com/L0tusFl0wer/statuses/187193231153434624</link><postedTime>2012-04-03T15:01:58.000Z</postedTime><objectType>note</objectType></object><actor><summary>BROOKLYN BORN YOGA INSTRUCTORॐARTIST*ROCKSTAR*FASHIONISTA.STYLIST ~ADVOCATE~FOODIE# PRODUCTAHOLIC#LOVER~LIFER SOMETHING LIKE A LIONESS BUT GRANDE LIKE A TIGER! </summary><twitterTimeZone>Central Time (US &amp; Canada)</twitterTimeZone><friendsCount>173</friendsCount><location><displayName>WORLDWIDE</displayName><objectType>place</objectType></location><link>http://www.twitter.com/L0tusFl0wer</link><postedTime>2009-09-24T18:18:32.000Z</postedTime><image>http://a0.twimg.com/profile_images/1621306707/file23_normal.jpeg</image><links><links><rel>me</rel><href/></links></links><listedCount>2</listedCount><id>id:twitter.com:77005571</id><languages><languages>en</languages></languages><utcOffset>-21600</utcOffset><followersCount>186</followersCount><preferredUsername>L0tusFl0wer</preferredUsername><displayName>Exalted</displayName><statusesCount>3888</statusesCount><objectType>person</objectType></actor><twitter_entities><hashtags><hashtags><text>swag</text><indices><indices>110</indices><indices>115</indices></indices></hashtags><hashtags><text>MostDope</text><indices><indices>117</indices><indices>126</indices></indices></hashtags></hashtags><urls/><user_mentions><user_mentions><indices><indices>1</indices><indices>14</indices></indices><screen_name>ohcasanovabk</screen_name><name>ohcasanovabedstuy</name><id_str>407430144</id_str><id>407430144</id></user_mentions></user_mentions></twitter_entities><objectType>activity</objectType><platform>twitter</platform><posted_date>2012-04-03</posted_date><followers>186</followers><statuses>3888</statuses><region>Central</region></marklogic>