<?xml version="1.0" encoding="UTF-8"?>
<marklogic><id>tag:search.twitter.com,2005:185053021162586112</id><type>P</type><type>P</type><body>Environ II 2' x 10' <product_name company="Unilever">Radiant</product_name> Floor <adverse_event>Heating</adverse_event> for Carpet and Laminate (20 sq. ft Roll): 210-10-120   Specifications:... http://t.co/CRMqhOH1</body><verb>post</verb><link>http://twitter.com/Jaimee_Schroete/statuses/185053021162586112</link><generator><link>http://twitterfeed.com</link><displayName>twitterfeed</displayName></generator><postedTime>2012-03-28T17:17:33.000Z</postedTime><provider><link>http://www.twitter.com</link><displayName>Twitter</displayName><objectType>service</objectType></provider><object><summary>Environ II 2' x 10' Radiant Floor Heating for Carpet and Laminate (20 sq. ft Roll): 210-10-120   Specifications:... http://t.co/CRMqhOH1</summary><id>object:search.twitter.com,2005:185053021162586112</id><link>http://twitter.com/Jaimee_Schroete/statuses/185053021162586112</link><postedTime>2012-03-28T17:17:33.000Z</postedTime><objectType>note</objectType></object><actor><summary>Mother,wife,leeds nutter,Singer,Entrepreneur-AKA SCARY SPICE check out melb it's a scary world everywhere!!! A judge on X factor Australia right now!!</summary><twitterTimeZone>Alaska</twitterTimeZone><friendsCount>0</friendsCount><location><displayName>Los Angeles, CA 90012</displayName><objectType>place</objectType></location><link>http://www.twitter.com/Jaimee_Schroete</link><postedTime>2011-11-12T14:36:13.000Z</postedTime><image>http://a0.twimg.com/profile_images/1845446004/13293343727_normal.jpg</image><links><links><rel>me</rel><href/></links></links><listedCount>0</listedCount><id>id:twitter.com:410755567</id><languages><languages>en</languages></languages><utcOffset>-32400</utcOffset><followersCount>264</followersCount><preferredUsername>Jaimee_Schroete</preferredUsername><displayName>Jaimee _Schroeter</displayName><statusesCount>4619</statusesCount><objectType>person</objectType></actor><twitter_entities><hashtags/><urls><urls><indices><indices>116</indices><indices>136</indices></indices><expanded_url>http://amzn.to/HfTgVX</expanded_url><display_url>amzn.to/HfTgVX</display_url><url>http://t.co/CRMqhOH1</url></urls></urls><user_mentions/></twitter_entities><objectType>activity</objectType><platform>twitter</platform><posted_date>2012-03-28</posted_date><followers>264</followers><statuses>4619</statuses><region>Alaska</region></marklogic>