<?xml version="1.0" encoding="UTF-8"?>
<marklogic><id>tag:search.twitter.com,2005:185051589852143617</id><type>P</type><type>P</type><body>2012 <product_name company="Johnson - Johnson">Benadryl</product_name> <adverse_event>Itch</adverse_event> Stopping Cream Original Strength, 1.0 OZ (6 Pack):  http://t.co/Wo3Vga6K</body><verb>post</verb><link>http://twitter.com/Jodidh28/statuses/185051589852143617</link><generator><link>http://twitterfeed.com</link><displayName>twitterfeed</displayName></generator><postedTime>2012-03-28T17:11:51.000Z</postedTime><provider><link>http://www.twitter.com</link><displayName>Twitter</displayName><objectType>service</objectType></provider><object><summary>2012 Benadryl Itch Stopping Cream Original Strength, 1.0 OZ (6 Pack):  http://t.co/Wo3Vga6K</summary><id>object:search.twitter.com,2005:185051589852143617</id><link>http://twitter.com/Jodidh28/statuses/185051589852143617</link><postedTime>2012-03-28T17:11:51.000Z</postedTime><objectType>note</objectType></object><actor><summary/><twitterTimeZone/><friendsCount>0</friendsCount><location><displayName>Kansas</displayName><objectType>place</objectType></location><link>http://www.twitter.com/Jodidh28</link><postedTime>2011-09-08T16:42:27.000Z</postedTime><image>http://a0.twimg.com/profile_images/1534605823/LKJ-2096_normal.jpg</image><links><links><rel>me</rel><href/></links></links><listedCount>2</listedCount><id>id:twitter.com:370203328</id><languages><languages>en</languages></languages><utcOffset/><followersCount>306</followersCount><preferredUsername>Jodidh28</preferredUsername><displayName>Jodi Leoni</displayName><statusesCount>13227</statusesCount><objectType>person</objectType></actor><twitter_entities><hashtags/><urls><urls><indices><indices>71</indices><indices>91</indices></indices><expanded_url>http://tinyurl.com/7m7fhfn</expanded_url><display_url>tinyurl.com/7m7fhfn</display_url><url>http://t.co/Wo3Vga6K</url></urls></urls><user_mentions/></twitter_entities><objectType>activity</objectType><platform>twitter</platform><posted_date>2012-03-28</posted_date><followers>306</followers><statuses>13227</statuses><region>N.A.</region></marklogic>