<?xml version="1.0" encoding="UTF-8"?>
<marklogic><id>tag:search.twitter.com,2005:185058200607932416</id><type>P</type><type>P</type><body>Just walked by the men's locker room
Almost just <adverse_event>Fainted</adverse_event> from the combination of <product_name company="Unilever">Axe</product_name> cans and sweat</body><verb>post</verb><link>http://twitter.com/Steve_Vogiatzis/statuses/185058200607932416</link><generator><link>http://twitter.com/#!/download/iphone</link><displayName>Twitter for iPhone</displayName></generator><postedTime>2012-03-28T17:38:07.000Z</postedTime><provider><link>http://www.twitter.com</link><displayName>Twitter</displayName><objectType>service</objectType></provider><object><summary>Just walked by the men's locker room
Almost just fainted from the combination of axe cans and sweat</summary><id>object:search.twitter.com,2005:185058200607932416</id><link>http://twitter.com/Steve_Vogiatzis/statuses/185058200607932416</link><postedTime>2012-03-28T17:38:07.000Z</postedTime><objectType>note</objectType></object><actor><summary>Y⭕L⭕</summary><twitterTimeZone>Eastern Time (US &amp; Canada)</twitterTimeZone><friendsCount>52</friendsCount><location><displayName>Toledo</displayName><objectType>place</objectType></location><link>http://www.twitter.com/Steve_Vogiatzis</link><postedTime>2011-06-16T17:09:56.000Z</postedTime><image>http://a0.twimg.com/profile_images/1876080205/image_normal.jpg</image><links><links><rel>me</rel><href/></links></links><listedCount>1</listedCount><id>id:twitter.com:318542860</id><languages><languages>en</languages></languages><utcOffset>-18000</utcOffset><followersCount>55</followersCount><preferredUsername>Steve_Vogiatzis</preferredUsername><displayName>Steven Vogiatzis</displayName><statusesCount>763</statusesCount><objectType>person</objectType></actor><twitter_entities><hashtags/><urls/><user_mentions/></twitter_entities><objectType>activity</objectType><platform>twitter</platform><posted_date>2012-03-28</posted_date><followers>55</followers><statuses>763</statuses><region>Eastern</region></marklogic>