<?xml version="1.0" encoding="UTF-8"?>
<marklogic><id>tag:search.twitter.com,2005:185081266520076288</id><type>P</type><type>P</type><body>Taking <product_name company="Wyeth">Advil</product_name> and going to sleep to get rid of this massive <adverse_event>Headache</adverse_event></body><verb>post</verb><link>http://twitter.com/ToriNoell/statuses/185081266520076288</link><generator><link>http://twitter.com/#!/download/iphone</link><displayName>Twitter for iPhone</displayName></generator><postedTime>2012-03-28T19:09:47.000Z</postedTime><provider><link>http://www.twitter.com</link><displayName>Twitter</displayName><objectType>service</objectType></provider><object><summary>Taking advil and going to sleep to get rid of this massive headache</summary><id>object:search.twitter.com,2005:185081266520076288</id><link>http://twitter.com/ToriNoell/statuses/185081266520076288</link><postedTime>2012-03-28T19:09:47.000Z</postedTime><objectType>note</objectType></object><actor><summary>Someday I'll fly. Someday I'll soar. Someday I'll be so damn much more.</summary><twitterTimeZone>Quito</twitterTimeZone><friendsCount>148</friendsCount><location><displayName>wonderland</displayName><objectType>place</objectType></location><link>http://www.twitter.com/ToriNoell</link><postedTime>2009-07-22T19:39:58.000Z</postedTime><image>http://a0.twimg.com/profile_images/1869703354/tumblr_m0amvloZxK1qhz352o1_500_normal.jpg</image><links><links><rel>me</rel><href/></links></links><listedCount>0</listedCount><id>id:twitter.com:59225154</id><languages><languages>en</languages></languages><utcOffset>-18000</utcOffset><followersCount>119</followersCount><preferredUsername>ToriNoell</preferredUsername><displayName>Tori Grimm</displayName><statusesCount>9834</statusesCount><objectType>person</objectType></actor><twitter_entities><hashtags/><user_mentions/><urls/></twitter_entities><objectType>activity</objectType><platform>twitter</platform><posted_date>2012-03-28</posted_date><followers>119</followers><statuses>9834</statuses><region>Quito</region></marklogic>