<?xml version="1.0" encoding="UTF-8"?>
<marklogic><id>tag:search.twitter.com,2005:185077802603786240</id><type>P</type><type>P</type><body>How many calories are there in 6 chocolate , &amp; a super sugary Jam Donought...Think some skipping might be required to <adverse_event>Burn</adverse_event> this <product_name company="SC Johnson">Off</product_name>!!</body><verb>post</verb><link>http://twitter.com/kevincraggsgolf/statuses/185077802603786240</link><generator><link>http://twitter.com/#!/download/iphone</link><displayName>Twitter for iPhone</displayName></generator><postedTime>2012-03-28T18:56:01.000Z</postedTime><provider><link>http://www.twitter.com</link><displayName>Twitter</displayName><objectType>service</objectType></provider><object><summary>How many calories are there in 6 chocolate eclairs, &amp; a super sugary Jam Donought...Think some skipping might be required to burn this off!!</summary><id>object:search.twitter.com,2005:185077802603786240</id><link>http://twitter.com/kevincraggsgolf/statuses/185077802603786240</link><postedTime>2012-03-28T18:56:01.000Z</postedTime><objectType>note</objectType></object><actor><summary>Golf Coach with unique and proven coaching methods that appeal to players of all levels from the novice to European tour star</summary><twitterTimeZone>Edinburgh</twitterTimeZone><friendsCount>115</friendsCount><location><displayName>Scotland</displayName><objectType>place</objectType></location><link>http://www.twitter.com/kevincraggsgolf</link><postedTime>2010-02-26T16:56:05.000Z</postedTime><image>http://a0.twimg.com/profile_images/1361028979/kevincraggs_normal.jpg</image><links><links><rel>me</rel><href>http://www.kevincraggsgolf.com</href></links></links><listedCount>8</listedCount><id>id:twitter.com:117795471</id><languages><languages>en</languages></languages><utcOffset>0</utcOffset><followersCount>363</followersCount><preferredUsername>kevincraggsgolf</preferredUsername><displayName>Kevin Craggs</displayName><statusesCount>656</statusesCount><objectType>person</objectType></actor><twitter_entities><hashtags/><user_mentions/><urls/></twitter_entities><objectType>activity</objectType><platform>twitter</platform><posted_date>2012-03-28</posted_date><followers>363</followers><statuses>656</statuses><region>Edinburgh</region></marklogic>