<?xml version="1.0" encoding="UTF-8"?>
<marklogic><id>tag:search.twitter.com,2005:185032636790611969</id><type>P</type><type>P</type><body>Nothing better than a nice <adverse_event>Cold</adverse_event> glass of <product_name company="N.A.">Pepsi</product_name> :D

Yet anything can beat homework in this weather :/</body><verb>post</verb><link>http://twitter.com/charley1Dfan5/statuses/185032636790611969</link><generator><link>http://twitter.com/#!/download/iphone</link><displayName>Twitter for iPhone</displayName></generator><postedTime>2012-03-28T15:56:33.000Z</postedTime><provider><link>http://www.twitter.com</link><displayName>Twitter</displayName><objectType>service</objectType></provider><object><summary>Nothing better than a nice cold glass of pepsi :D

Yet anything can beat homework in this weather :/</summary><id>object:search.twitter.com,2005:185032636790611969</id><link>http://twitter.com/charley1Dfan5/statuses/185032636790611969</link><postedTime>2012-03-28T15:56:33.000Z</postedTime><objectType>note</objectType></object><actor><summary>1D 17/02/11#O1DF Pussy,Spoons,Carrots,Nandos,Vas Sappenin!Our Similarities Make Us Strong,But Our Differences Make Us Stronger!DV:')TDH3 Live.Love.Life.Laugh.</summary><twitterTimeZone>London</twitterTimeZone><friendsCount>139</friendsCount><location><displayName>Stealing Your Heart ;)</displayName><objectType>place</objectType></location><link>http://www.twitter.com/charley1Dfan5</link><postedTime>2011-02-06T11:12:23.000Z</postedTime><image>http://a0.twimg.com/profile_images/1879482506/IMG00368-20120307-1450_normal.jpg</image><links><links><rel>me</rel><href/></links></links><listedCount>5</listedCount><id>id:twitter.com:248154892</id><languages><languages>en</languages></languages><utcOffset>0</utcOffset><followersCount>134</followersCount><preferredUsername>charley1Dfan5</preferredUsername><displayName>charlotte richmond</displayName><statusesCount>11559</statusesCount><objectType>person</objectType></actor><twitter_entities><hashtags/><user_mentions/><urls/></twitter_entities><objectType>activity</objectType><platform>twitter</platform><posted_date>2012-03-28</posted_date><followers>134</followers><statuses>11559</statuses><region>London</region></marklogic>