<?xml version="1.0" encoding="UTF-8"?>
<marklogic><id>tag:search.twitter.com,2005:185044372688076800</id><type>P</type><type>P</type><body><product_name company="Johnson - Johnson">Benadryl</product_name> suppress <adverse_event>Cough</adverse_event> http://t.co/GSnSr6Gy</body><verb>post</verb><link>http://twitter.com/dosetucuxupuh/statuses/185044372688076800</link><generator><link>http://twitter.com</link><displayName>web</displayName></generator><postedTime>2012-03-28T16:43:11.000Z</postedTime><provider><link>http://www.twitter.com</link><displayName>Twitter</displayName><objectType>service</objectType></provider><object><summary>benadryl suppress cough http://t.co/GSnSr6Gy</summary><id>object:search.twitter.com,2005:185044372688076800</id><link>http://twitter.com/dosetucuxupuh/statuses/185044372688076800</link><postedTime>2012-03-28T16:43:11.000Z</postedTime><objectType>note</objectType></object><actor><summary>I'm prejudice and predilection. Also dumb, exculpated and beseeched. Listen to Ben E. King.&#13;</summary><twitterTimeZone/><friendsCount>27</friendsCount><location><displayName>AL&#13;</displayName><objectType>place</objectType></location><link>http://www.twitter.com/dosetucuxupuh</link><postedTime>2012-02-10T23:47:19.000Z</postedTime><image>http://a0.twimg.com/profile_images/1820489626/19_normal.gif</image><links><links><rel>me</rel><href/></links></links><listedCount>0</listedCount><id>id:twitter.com:488899392</id><languages><languages>es</languages></languages><utcOffset/><followersCount>17</followersCount><preferredUsername>dosetucuxupuh</preferredUsername><displayName>vanbogelen</displayName><statusesCount>85</statusesCount><objectType>person</objectType></actor><twitter_entities><hashtags/><user_mentions/><urls><urls><indices><indices>24</indices><indices>44</indices></indices><expanded_url>http://benadryl-suppress-cough.cheapillsshop.com</expanded_url><display_url>…dryl-suppress-cough.cheapillsshop.com</display_url><url>http://t.co/GSnSr6Gy</url></urls></urls></twitter_entities><objectType>activity</objectType><platform>twitter</platform><posted_date>2012-03-28</posted_date><followers>17</followers><statuses>85</statuses><region>N.A.</region></marklogic>