<?xml version="1.0" encoding="UTF-8"?>
<marklogic><id>tag:search.twitter.com,2005:185075683666575361</id><type>P</type><type>P</type><body><product_name company="Johnson - Johnson">Tylenol</product_name> <adverse_event>Cold</adverse_event> reactions http://t.co/ndU4t7OT</body><verb>post</verb><link>http://twitter.com/mosahiza/statuses/185075683666575361</link><generator><link>http://twitter.com</link><displayName>web</displayName></generator><postedTime>2012-03-28T18:47:36.000Z</postedTime><provider><link>http://www.twitter.com</link><displayName>Twitter</displayName><objectType>service</objectType></provider><object><summary>tylenol cold reactions http://t.co/ndU4t7OT</summary><id>object:search.twitter.com,2005:185075683666575361</id><link>http://twitter.com/mosahiza/statuses/185075683666575361</link><postedTime>2012-03-28T18:47:36.000Z</postedTime><objectType>note</objectType></object><actor><summary>Bill Haley and His Comets to listen, Lord of the Rings: The Two Towers, The to watch. Me: motionless and commanding.</summary><twitterTimeZone/><friendsCount>89</friendsCount><location><displayName>US</displayName><objectType>place</objectType></location><link>http://www.twitter.com/mosahiza</link><postedTime>2011-12-17T07:06:45.000Z</postedTime><image>http://a0.twimg.com/profile_images/1697907675/1303_normal.gif</image><links><links><rel>me</rel><href/></links></links><listedCount>0</listedCount><id>id:twitter.com:438979907</id><languages><languages>fil</languages></languages><utcOffset/><followersCount>24</followersCount><preferredUsername>mosahiza</preferredUsername><displayName>Ashvaghosha Christi</displayName><statusesCount>485</statusesCount><objectType>person</objectType></actor><twitter_entities><hashtags/><user_mentions/><urls><urls><indices><indices>23</indices><indices>43</indices></indices><expanded_url>http://tylenol-cold-reactions.cheapillsshop.com</expanded_url><display_url>…enol-cold-reactions.cheapillsshop.com</display_url><url>http://t.co/ndU4t7OT</url></urls></urls></twitter_entities><objectType>activity</objectType><platform>twitter</platform><posted_date>2012-03-28</posted_date><followers>24</followers><statuses>485</statuses><region>N.A.</region></marklogic>