<?xml version="1.0" encoding="UTF-8"?>
<marklogic><id>tag:search.twitter.com,2005:187084281171025920</id><type>P</type><type>P</type><body>After taking a 500mg Vicodin and some <product_name company="N.A.">NyQuil</product_name> I should be KNOCKED...but this fuckin <adverse_event>Toothache</adverse_event> keeps waking me up &#x01f616;</body><verb>post</verb><link>http://twitter.com/iRepCali23/statuses/187084281171025920</link><generator><link>http://twitter.com/#!/download/iphone</link><displayName>Twitter for iPhone</displayName></generator><postedTime>2012-04-03T07:49:03.000Z</postedTime><provider><link>http://www.twitter.com</link><displayName>Twitter</displayName><objectType>service</objectType></provider><object><summary>After taking a 500mg Vicodin and some NyQuil I should be KNOCKED...but this fuckin toothache keeps waking me up &#x01f616;</summary><id>object:search.twitter.com,2005:187084281171025920</id><link>http://twitter.com/iRepCali23/statuses/187084281171025920</link><postedTime>2012-04-03T07:49:03.000Z</postedTime><objectType>note</objectType></object><actor><summary>Put all my Faith in the Lord with every step I take..and never man..RIP Nana..another Angel looking over me  I love you </summary><twitterTimeZone>Pacific Time (US &amp; Canada)</twitterTimeZone><friendsCount>336</friendsCount><link>http://www.twitter.com/iRepCali23</link><postedTime>2011-04-10T20:28:56.000Z</postedTime><image>http://a0.twimg.com/profile_images/1863383639/image_normal.jpg</image><links><links><rel>me</rel><href/></links></links><listedCount>4</listedCount><id>id:twitter.com:280184274</id><languages><languages>en</languages></languages><utcOffset>-28800</utcOffset><followersCount>217</followersCount><preferredUsername>iRepCali23</preferredUsername><displayName>Justin Smith</displayName><statusesCount>9976</statusesCount><objectType>person</objectType></actor><twitter_entities><hashtags/><urls/><user_mentions/></twitter_entities><objectType>activity</objectType><platform>twitter</platform><posted_date>2012-04-03</posted_date><followers>217</followers><statuses>9976</statuses><region>Pacific</region></marklogic>