<?xml version="1.0" encoding="UTF-8"?>
<marklogic><id>tag:search.twitter.com,2005:185063846115942400</id><type>P</type><type>P</type><body>"@TallGirlProblem: It's <adverse_event>Cold</adverse_event> out. I'm utilizing my long <product_name company="Cadbury">Stride</product_name> and leaving you suckaz behind #sorrynotsorry #TGP"</body><verb>post</verb><link>http://twitter.com/amberlyonsxo/statuses/185063846115942400</link><generator><link>http://twitter.com/download/android</link><displayName>Twitter for Android</displayName></generator><postedTime>2012-03-28T18:00:33.000Z</postedTime><provider><link>http://www.twitter.com</link><displayName>Twitter</displayName><objectType>service</objectType></provider><object><summary>"@TallGirlProblem: It's cold out. I'm utilizing my long stride and leaving you suckaz behind #sorrynotsorry #TGP"</summary><id>object:search.twitter.com,2005:185063846115942400</id><link>http://twitter.com/amberlyonsxo/statuses/185063846115942400</link><postedTime>2012-03-28T18:00:33.000Z</postedTime><objectType>note</objectType></object><actor><summary>Amber, eighteen, volleyball, senior @ THS. ♡</summary><twitterTimeZone>Quito</twitterTimeZone><friendsCount>274</friendsCount><location><displayName>Trenton, MI</displayName><objectType>place</objectType></location><link>http://www.twitter.com/amberlyonsxo</link><postedTime>2011-07-17T04:43:59.000Z</postedTime><image>http://a0.twimg.com/profile_images/1845487963/1GIlTegN_normal</image><links><links><rel>me</rel><href/></links></links><listedCount>0</listedCount><id>id:twitter.com:336930116</id><languages><languages>en</languages></languages><utcOffset>-18000</utcOffset><followersCount>163</followersCount><preferredUsername>amberlyonsxo</preferredUsername><displayName>Amber Lyons</displayName><statusesCount>487</statusesCount><objectType>person</objectType></actor><twitter_entities><hashtags><hashtags><text>sorrynotsorry</text><indices><indices>93</indices><indices>107</indices></indices></hashtags><hashtags><text>TGP</text><indices><indices>108</indices><indices>112</indices></indices></hashtags></hashtags><user_mentions><user_mentions><indices><indices>1</indices><indices>17</indices></indices><id_str>258838038</id_str><name>TallGirlProblems</name><id>258838038</id><screen_name>TallGirlProblem</screen_name></user_mentions></user_mentions><urls/></twitter_entities><objectType>activity</objectType><platform>twitter</platform><posted_date>2012-03-28</posted_date><followers>163</followers><statuses>487</statuses><region>Quito</region></marklogic>