<?xml version="1.0" encoding="UTF-8"?>
<marklogic><id>tag:search.twitter.com,2005:185049259371012098</id><type>P</type><type>P</type><body>Zen moment of the day. Reflective elevator. Silent riders. <adverse_event>Faint</adverse_event> crackle of bubbles in <product_name company="N.A.">Pepsi</product_name>... I fell asleep. What floor is this?</body><verb>post</verb><link>http://twitter.com/PapiOfSix/statuses/185049259371012098</link><generator><link>http://twitter.com/#!/download/iphone</link><displayName>Twitter for iPhone</displayName></generator><postedTime>2012-03-28T17:02:36.000Z</postedTime><provider><link>http://www.twitter.com</link><displayName>Twitter</displayName><objectType>service</objectType></provider><object><summary>Zen moment of the day. Reflective elevator. Silent riders. Faint crackle of bubbles in Pepsi... I fell asleep. What floor is this?</summary><id>object:search.twitter.com,2005:185049259371012098</id><link>http://twitter.com/PapiOfSix/statuses/185049259371012098</link><postedTime>2012-03-28T17:02:36.000Z</postedTime><objectType>note</objectType></object><actor><summary>I'm wielding a pineapple like Thor's hammer. What more do you want?</summary><twitterTimeZone>Quito</twitterTimeZone><friendsCount>361</friendsCount><location><displayName>Columbus, OH</displayName><objectType>place</objectType></location><link>http://www.twitter.com/PapiOfSix</link><postedTime>2009-07-23T02:56:52.000Z</postedTime><image>http://a0.twimg.com/profile_images/1375581829/image_normal.jpg</image><links><links><rel>me</rel><href>http://papiofsix.wordpress.com</href></links></links><listedCount>4</listedCount><id>id:twitter.com:59340859</id><languages><languages>en</languages></languages><utcOffset>-18000</utcOffset><followersCount>168</followersCount><preferredUsername>PapiOfSix</preferredUsername><displayName>Dwayne Bailey</displayName><statusesCount>7225</statusesCount><objectType>person</objectType></actor><twitter_entities><hashtags/><urls/><user_mentions/></twitter_entities><objectType>activity</objectType><platform>twitter</platform><posted_date>2012-03-28</posted_date><followers>168</followers><statuses>7225</statuses><region>Quito</region></marklogic>