<?xml version="1.0" encoding="UTF-8"?>
<marklogic><id>tag:search.twitter.com,2005:185078311293169664</id><type>P</type><type>P</type><body>#ThingsThatPissMeOff when my sister takes the last <adverse_event>Cold</adverse_event> <product_name company="PepsiCo-Gatorade">Propel</product_name> and doesn't put another one in the fridge. #CommonSense</body><verb>post</verb><link>http://twitter.com/Real_Manders/statuses/185078311293169664</link><generator><link>http://twitter.com/#!/download/iphone</link><displayName>Twitter for iPhone</displayName></generator><postedTime>2012-03-28T18:58:02.000Z</postedTime><provider><link>http://www.twitter.com</link><displayName>Twitter</displayName><objectType>service</objectType></provider><object><summary>#ThingsThatPissMeOff when my sister takes the last cold Propel and doesn't put another one in the fridge. #CommonSense</summary><id>object:search.twitter.com,2005:185078311293169664</id><link>http://twitter.com/Real_Manders/statuses/185078311293169664</link><postedTime>2012-03-28T18:58:02.000Z</postedTime><objectType>note</objectType></object><actor><summary/><twitterTimeZone>Quito</twitterTimeZone><friendsCount>95</friendsCount><location><displayName>Jax, FL</displayName><objectType>place</objectType></location><link>http://www.twitter.com/Real_Manders</link><postedTime>2011-06-29T20:23:00.000Z</postedTime><image>http://a0.twimg.com/profile_images/1419297688/Photo_156_normal.jpg</image><links><links><rel>me</rel><href/></links></links><listedCount>0</listedCount><id>id:twitter.com:326372559</id><languages><languages>en</languages></languages><utcOffset>-18000</utcOffset><followersCount>76</followersCount><preferredUsername>Real_Manders</preferredUsername><displayName>Amanda Thomas</displayName><statusesCount>994</statusesCount><objectType>person</objectType></actor><twitter_entities><hashtags><hashtags><text>ThingsThatPissMeOff</text><indices><indices>0</indices><indices>20</indices></indices></hashtags><hashtags><text>CommonSense</text><indices><indices>106</indices><indices>118</indices></indices></hashtags></hashtags><user_mentions/><urls/></twitter_entities><objectType>activity</objectType><platform>twitter</platform><posted_date>2012-03-28</posted_date><followers>76</followers><statuses>994</statuses><region>Quito</region></marklogic>