<?xml version="1.0" encoding="UTF-8"?>
<marklogic><id>tag:search.twitter.com,2005:185063720903376897</id><type>P</type><type>P</type><body><product_name company="Johnson - Johnson">Tylenol</product_name> <adverse_event>Cough</adverse_event> syrup children http://t.co/yJvHtpL8</body><verb>post</verb><link>http://twitter.com/dyvyfuvycixy/statuses/185063720903376897</link><generator><link>http://twitter.com</link><displayName>web</displayName></generator><postedTime>2012-03-28T18:00:04.000Z</postedTime><provider><link>http://www.twitter.com</link><displayName>Twitter</displayName><objectType>service</objectType></provider><object><summary>tylenol cough syrup children http://t.co/yJvHtpL8</summary><id>object:search.twitter.com,2005:185063720903376897</id><link>http://twitter.com/dyvyfuvycixy/statuses/185063720903376897</link><postedTime>2012-03-28T18:00:04.000Z</postedTime><objectType>note</objectType></object><actor><summary>I think I'm authoritarian, comprehensive and accurate, because of Echo and the Bunnymen.&#13;</summary><twitterTimeZone/><friendsCount>38</friendsCount><location><displayName>US&#13;</displayName><objectType>place</objectType></location><link>http://www.twitter.com/dyvyfuvycixy</link><postedTime>2012-02-06T14:14:58.000Z</postedTime><image>http://a0.twimg.com/profile_images/1812175191/751_normal.gif</image><links><links><rel>me</rel><href/></links></links><listedCount>0</listedCount><id>id:twitter.com:484801488</id><languages><languages>fil</languages></languages><utcOffset/><followersCount>14</followersCount><preferredUsername>dyvyfuvycixy</preferredUsername><displayName>armillei</displayName><statusesCount>172</statusesCount><objectType>person</objectType></actor><twitter_entities><hashtags/><user_mentions/><urls><urls><indices><indices>29</indices><indices>49</indices></indices><expanded_url>http://tylenol-cough-syrup-children.cheapillsshop.com</expanded_url><display_url>…ough-syrup-children.cheapillsshop.com</display_url><url>http://t.co/yJvHtpL8</url></urls></urls></twitter_entities><objectType>activity</objectType><platform>twitter</platform><posted_date>2012-03-28</posted_date><followers>14</followers><statuses>172</statuses><region>N.A.</region></marklogic>