<?xml version="1.0" encoding="UTF-8"?>
<marklogic><id>tag:search.twitter.com,2005:185053780927184897</id><type>P</type><type>P</type><inReplyTo><link>http://twitter.com/smokedaddy_22/statuses/185052724268777472</link></inReplyTo><body>@smokedaddy_22 <adverse_event>Cough</adverse_event> syrup. I got this throat tea if your throat hurts. sinus . / maybe  I'm not sure. <product_name company="Wyeth">Advil</product_name> PM</body><verb>post</verb><link>http://twitter.com/Jordynx_o/statuses/185053780927184897</link><generator><link>http://twitter.com</link><displayName>web</displayName></generator><postedTime>2012-03-28T17:20:34.000Z</postedTime><provider><link>http://www.twitter.com</link><displayName>Twitter</displayName><objectType>service</objectType></provider><object><summary>@smokedaddy_22 Cough syrup. I got this throat tea if your throat hurts. sinus tylenol. halls/ maybe Nyquil I'm not sure. Advil PM</summary><id>object:search.twitter.com,2005:185053780927184897</id><link>http://twitter.com/Jordynx_o/statuses/185053780927184897</link><postedTime>2012-03-28T17:20:34.000Z</postedTime><objectType>note</objectType></object><actor><summary>Welcome to my world: I care about me duh. #TeamLU #Freshman #Meee #MoneyTalks fuck your words. Like Me? Love Me? Hate Me? IDGAF #FollowOrSwallow</summary><twitterTimeZone>Central Time (US &amp; Canada)</twitterTimeZone><friendsCount>439</friendsCount><link>http://www.twitter.com/Jordynx_o</link><postedTime>2010-12-19T06:07:47.000Z</postedTime><image>http://a0.twimg.com/profile_images/1732542070/jordyn_normal.jpg</image><links><links><rel>me</rel><href/></links></links><listedCount>3</listedCount><id>id:twitter.com:228263205</id><languages><languages>en</languages></languages><utcOffset>-21600</utcOffset><followersCount>495</followersCount><preferredUsername>Jordynx_o</preferredUsername><displayName>Jordyn Ross</displayName><statusesCount>9014</statusesCount><objectType>person</objectType></actor><twitter_entities><hashtags/><user_mentions><user_mentions><indices><indices>0</indices><indices>14</indices></indices><id_str>401759067</id_str><name>smoke wallace</name><id>401759067</id><screen_name>smokedaddy_22</screen_name></user_mentions></user_mentions><urls/></twitter_entities><objectType>activity</objectType><platform>twitter</platform><posted_date>2012-03-28</posted_date><followers>495</followers><statuses>9014</statuses><region>Central</region></marklogic>