<?xml version="1.0" encoding="UTF-8"?>
<marklogic><id>tag:search.twitter.com,2005:185059230879989760</id><type>P</type><type>P</type><body><product_name company="Johnson - Johnson">Motrin</product_name> <adverse_event>Heat</adverse_event> patches http://t.co/PgCdPmb1</body><verb>post</verb><link>http://twitter.com/hezapewomiv/statuses/185059230879989760</link><generator><link>http://twitter.com</link><displayName>web</displayName></generator><postedTime>2012-03-28T17:42:13.000Z</postedTime><provider><link>http://www.twitter.com</link><displayName>Twitter</displayName><objectType>service</objectType></provider><object><summary>motrin heat patches http://t.co/PgCdPmb1</summary><id>object:search.twitter.com,2005:185059230879989760</id><link>http://twitter.com/hezapewomiv/statuses/185059230879989760</link><postedTime>2012-03-28T17:42:13.000Z</postedTime><objectType>note</objectType></object><actor><summary>My person is 41. Assumed responsibility, bonkers, quivering and fearful. Now listen Joan Jett and The Blackhearts.&#13;</summary><twitterTimeZone/><friendsCount>31</friendsCount><location><displayName>AR&#13;</displayName><objectType>place</objectType></location><link>http://www.twitter.com/hezapewomiv</link><postedTime>2012-02-09T06:32:08.000Z</postedTime><image>http://a0.twimg.com/profile_images/1817598677/30_normal.gif</image><links><links><rel>me</rel><href/></links></links><listedCount>0</listedCount><id>id:twitter.com:487292769</id><languages><languages>en</languages></languages><utcOffset/><followersCount>4</followersCount><preferredUsername>hezapewomiv</preferredUsername><displayName>harville</displayName><statusesCount>75</statusesCount><objectType>person</objectType></actor><twitter_entities><hashtags/><urls><urls><indices><indices>20</indices><indices>40</indices></indices><expanded_url>http://motrin-heat-patches.cheapillsshop.com</expanded_url><display_url>motrin-heat-patches.cheapillsshop.com</display_url><url>http://t.co/PgCdPmb1</url></urls></urls><user_mentions/></twitter_entities><objectType>activity</objectType><platform>twitter</platform><posted_date>2012-03-28</posted_date><followers>4</followers><statuses>75</statuses><region>N.A.</region></marklogic>