<?xml version="1.0" encoding="UTF-8"?>
<marklogic><id>tag:search.twitter.com,2005:185057411369943041</id><type>P</type><type>P</type><body><product_name company="Johnson - Johnson">Tylenol</product_name> <adverse_event>Cold</adverse_event> alcohol http://t.co/ejx7LCwY</body><verb>post</verb><link>http://twitter.com/hidynunelipen/statuses/185057411369943041</link><generator><link>http://twitter.com</link><displayName>web</displayName></generator><postedTime>2012-03-28T17:34:59.000Z</postedTime><provider><link>http://www.twitter.com</link><displayName>Twitter</displayName><objectType>service</objectType></provider><object><summary>tylenol cold alcohol http://t.co/ejx7LCwY</summary><id>object:search.twitter.com,2005:185057411369943041</id><link>http://twitter.com/hidynunelipen/statuses/185057411369943041</link><postedTime>2012-03-28T17:34:59.000Z</postedTime><objectType>note</objectType></object><actor><summary>romantic and pathetic, illiterate and unfit . Really 9. Active in, 332. Promoted - write now.&#13;</summary><twitterTimeZone/><friendsCount>25</friendsCount><location><displayName>US&#13;</displayName><objectType>place</objectType></location><link>http://www.twitter.com/hidynunelipen</link><postedTime>2012-02-07T20:20:25.000Z</postedTime><image>http://a0.twimg.com/profile_images/1811896898/1639_normal.gif</image><links><links><rel>me</rel><href/></links></links><listedCount>0</listedCount><id>id:twitter.com:485999764</id><languages><languages>pl</languages></languages><utcOffset/><followersCount>8</followersCount><preferredUsername>hidynunelipen</preferredUsername><displayName>maltsberger</displayName><statusesCount>175</statusesCount><objectType>person</objectType></actor><twitter_entities><hashtags/><urls><urls><indices><indices>21</indices><indices>41</indices></indices><expanded_url>http://tylenol-cold-alcohol.cheapillsshop.com</expanded_url><display_url>tylenol-cold-alcohol.cheapillsshop.com</display_url><url>http://t.co/ejx7LCwY</url></urls></urls><user_mentions/></twitter_entities><objectType>activity</objectType><platform>twitter</platform><posted_date>2012-03-28</posted_date><followers>8</followers><statuses>175</statuses><region>N.A.</region></marklogic>