<?xml version="1.0" encoding="UTF-8"?>
<marklogic><id>tag:search.twitter.com,2005:185076554102083584</id><type>P</type><type>P</type><body>does <product_name company="Johnson - Johnson">Tylenol</product_name> help <adverse_event>Toothaches</adverse_event> http://t.co/yoMov5QZ</body><verb>post</verb><link>http://twitter.com/bybegevo/statuses/185076554102083584</link><generator><link>http://twitter.com</link><displayName>web</displayName></generator><postedTime>2012-03-28T18:51:03.000Z</postedTime><provider><link>http://www.twitter.com</link><displayName>Twitter</displayName><objectType>service</objectType></provider><object><summary>does tylenol help toothaches http://t.co/yoMov5QZ</summary><id>object:search.twitter.com,2005:185076554102083584</id><link>http://twitter.com/bybegevo/statuses/185076554102083584</link><postedTime>2012-03-28T18:51:03.000Z</postedTime><objectType>note</objectType></object><actor><summary>Stealthy and hostile for sure, chagrined and burned-out for true.</summary><twitterTimeZone/><friendsCount>88</friendsCount><location><displayName>US</displayName><objectType>place</objectType></location><link>http://www.twitter.com/bybegevo</link><postedTime>2011-12-18T03:39:07.000Z</postedTime><image>http://a0.twimg.com/profile_images/1700058809/1175_normal.gif</image><links><links><rel>me</rel><href/></links></links><listedCount>0</listedCount><id>id:twitter.com:439711032</id><languages><languages>es</languages></languages><utcOffset/><followersCount>19</followersCount><preferredUsername>bybegevo</preferredUsername><displayName>Yogamaya Kinnerley</displayName><statusesCount>447</statusesCount><objectType>person</objectType></actor><twitter_entities><hashtags/><user_mentions/><urls><urls><indices><indices>29</indices><indices>49</indices></indices><expanded_url>http://does-tylenol-help-toothaches.cheapillsshop.com</expanded_url><display_url>…nol-help-toothaches.cheapillsshop.com</display_url><url>http://t.co/yoMov5QZ</url></urls></urls></twitter_entities><objectType>activity</objectType><platform>twitter</platform><posted_date>2012-03-28</posted_date><followers>19</followers><statuses>447</statuses><region>N.A.</region></marklogic>