<?xml version="1.0" encoding="UTF-8"?>
<marklogic><id>tag:search.twitter.com,2005:185053357449285632</id><type>P</type><type>P</type><body>Well the only positive thing bout my AC being out is that the hot water is broken too so I get to cool <product_name company="SC Johnson">Off</product_name> with an ice <adverse_event>Cold</adverse_event> shower!!</body><verb>post</verb><link>http://twitter.com/tcason22/statuses/185053357449285632</link><generator><link>http://twitter.com/#!/download/iphone</link><displayName>Twitter for iPhone</displayName></generator><postedTime>2012-03-28T17:18:53.000Z</postedTime><provider><link>http://www.twitter.com</link><displayName>Twitter</displayName><objectType>service</objectType></provider><object><summary>Well the only positive thing bout my AC being out is that the hot water is broken too so I get to cool off with an ice cold shower!!</summary><id>object:search.twitter.com,2005:185053357449285632</id><link>http://twitter.com/tcason22/statuses/185053357449285632</link><postedTime>2012-03-28T17:18:53.000Z</postedTime><objectType>note</objectType></object><actor><summary>Living the dream!! </summary><twitterTimeZone/><friendsCount>274</friendsCount><location><displayName>edmond ok</displayName><objectType>place</objectType></location><link>http://www.twitter.com/tcason22</link><postedTime>2011-04-02T20:24:24.000Z</postedTime><image>http://a0.twimg.com/profile_images/1349922438/image_normal.jpg</image><links><links><rel>me</rel><href/></links></links><listedCount>1</listedCount><id>id:twitter.com:276174937</id><languages><languages>en</languages></languages><utcOffset/><followersCount>281</followersCount><preferredUsername>tcason22</preferredUsername><displayName>tucker cason</displayName><statusesCount>1600</statusesCount><objectType>person</objectType></actor><twitter_entities><hashtags/><urls/><user_mentions/></twitter_entities><objectType>activity</objectType><platform>twitter</platform><posted_date>2012-03-28</posted_date><followers>281</followers><statuses>1600</statuses><region>N.A.</region></marklogic>