<?xml version="1.0" encoding="UTF-8"?>
<marklogic><body>@ItsCrystalAllen its beautifull best time here i love the change of season slightly <adverse_event>Colder</adverse_event> the summer but no wind and great <product_name company="Unilever">Surf</product_name> &#x01f609;&#x01f601;</body><inReplyTo><link>http://twitter.com/ItsCrystalAllen/statuses/185035913720635392</link></inReplyTo><geo><type>Point</type><coordinates><coordinates>-33.85944621</coordinates><coordinates>18.5051115</coordinates></coordinates></geo><location><geo><type>Polygon</type><coordinates><coordinates><coordinates><coordinates>18.4351651</coordinates><coordinates>-33.9209184</coordinates></coordinates><coordinates><coordinates>18.5566135</coordinates><coordinates>-33.9209184</coordinates></coordinates><coordinates><coordinates>18.5566135</coordinates><coordinates>-33.7259229</coordinates></coordinates><coordinates><coordinates>18.4351651</coordinates><coordinates>-33.7259229</coordinates></coordinates></coordinates></coordinates></geo><link>http://api.twitter.com/1/geo/id/5ccdc4a6f900a93f.json</link><name>Milnerton</name><displayName>Milnerton, Western Cape</displayName><country_code>South Africa</country_code><objectType>place</objectType></location><link>http://twitter.com/AlbertoNicolo/statuses/185036620620251136</link><postedTime>2012-03-28T16:12:22.000Z</postedTime><provider><link>http://www.twitter.com</link><displayName>Twitter</displayName><objectType>service</objectType></provider><actor><summary/><twitterTimeZone/><friendsCount>142</friendsCount><location><displayName>Cape Town</displayName><objectType>place</objectType></location><link>http://www.twitter.com/AlbertoNicolo</link><postedTime>2011-06-19T11:55:02.000Z</postedTime><image>http://a0.twimg.com/profile_images/1533213280/image_normal.jpg</image><links><links><rel>me</rel><href>http://www.albertonicolo.com</href></links></links><listedCount>1</listedCount><id>id:twitter.com:320151835</id><languages><languages>en</languages></languages><utcOffset/><followersCount>50</followersCount><preferredUsername>AlbertoNicolo</preferredUsername><displayName>Alberto Nicolo</displayName><statusesCount>508</statusesCount><objectType>person</objectType></actor><object><summary>@ItsCrystalAllen its beautifull best time here i love the change of season slightly colder the summer but no wind and great surf &#x01f609;&#x01f601;</summary><id>object:search.twitter.com,2005:185036620620251136</id><link>http://twitter.com/AlbertoNicolo/statuses/185036620620251136</link><postedTime>2012-03-28T16:12:22.000Z</postedTime><objectType>note</objectType></object><twitter_entities><hashtags/><urls/><user_mentions><user_mentions><indices><indices>0</indices><indices>16</indices></indices><id_str>225550985</id_str><name>crystal allen</name><id>225550985</id><screen_name>ItsCrystalAllen</screen_name></user_mentions></user_mentions></twitter_entities><id>tag:search.twitter.com,2005:185036620620251136</id><type>P</type><type>P</type><verb>post</verb><generator><link>http://twitter.com/#!/download/iphone</link><displayName>Twitter for iPhone</displayName></generator><objectType>activity</objectType><platform>twitter</platform><posted_date>2012-03-28</posted_date><followers>50</followers><statuses>508</statuses><region>N.A.</region></marklogic>