<?xml version="1.0" encoding="UTF-8"?>
<marklogic><id>tag:search.twitter.com,2005:185036575766355969</id><type>P</type><type>P</type><inReplyTo><link>http://twitter.com/YourHeroMark/statuses/185032223446142976</link></inReplyTo><body>@YourHeroMark :lol I guess Ima drink an ice <adverse_event>Cold</adverse_event> <product_name company="N.A.">Pepsi</product_name> instead</body><verb>post</verb><link>http://twitter.com/ItsDeenisee/statuses/185036575766355969</link><generator><link>http://twitter.com/#!/download/iphone</link><displayName>Twitter for iPhone</displayName></generator><postedTime>2012-03-28T16:12:12.000Z</postedTime><provider><link>http://www.twitter.com</link><displayName>Twitter</displayName><objectType>service</objectType></provider><object><summary>@YourHeroMark :lol I guess Ima drink an ice cold pepsi instead</summary><id>object:search.twitter.com,2005:185036575766355969</id><link>http://twitter.com/ItsDeenisee/statuses/185036575766355969</link><postedTime>2012-03-28T16:12:12.000Z</postedTime><objectType>note</objectType></object><actor><summary>-I like nonsense. It wakes up the brain cells. &#13;
</summary><twitterTimeZone/><friendsCount>86</friendsCount><location><displayName>Nother California </displayName><objectType>place</objectType></location><link>http://www.twitter.com/ItsDeenisee</link><postedTime>2011-12-05T23:22:10.000Z</postedTime><image>http://a0.twimg.com/profile_images/1975560840/me-1_normal.jpg</image><links><links><rel>me</rel><href>http://deenisebaby.tumblr.com/</href></links></links><listedCount>0</listedCount><id>id:twitter.com:429420571</id><languages><languages>en</languages></languages><utcOffset/><followersCount>67</followersCount><preferredUsername>ItsDeenisee</preferredUsername><displayName>Denise Marin</displayName><statusesCount>167</statusesCount><objectType>person</objectType></actor><twitter_entities><hashtags/><user_mentions><user_mentions><indices><indices>0</indices><indices>13</indices></indices><name>Flash</name><id_str>228555074</id_str><id>228555074</id><screen_name>YourHeroMark</screen_name></user_mentions></user_mentions><urls/></twitter_entities><objectType>activity</objectType><platform>twitter</platform><posted_date>2012-03-28</posted_date><followers>67</followers><statuses>167</statuses><region>N.A.</region></marklogic>