<?xml version="1.0" encoding="UTF-8"?>
<marklogic><id>tag:search.twitter.com,2005:185067915303849984</id><type>P</type><type>P</type><body>Hot shower to take the sting out <product_name company="SC Johnson">Off</product_name> my <adverse_event>Burnt</adverse_event> neck now to put some aftersun on. Getting me ready for #Malia with the lads</body><verb>post</verb><link>http://twitter.com/st3ph3n23/statuses/185067915303849984</link><generator><link>http://twitter.com/#!/download/iphone</link><displayName>Twitter for iPhone</displayName></generator><postedTime>2012-03-28T18:16:44.000Z</postedTime><provider><link>http://www.twitter.com</link><displayName>Twitter</displayName><objectType>service</objectType></provider><object><summary>Hot shower to take the sting out off my burnt neck now to put some aftersun on. Getting me ready for #Malia with the lads</summary><id>object:search.twitter.com,2005:185067915303849984</id><link>http://twitter.com/st3ph3n23/statuses/185067915303849984</link><postedTime>2012-03-28T18:16:44.000Z</postedTime><objectType>note</objectType></object><actor><summary/><twitterTimeZone/><friendsCount>123</friendsCount><location><displayName>Oldham </displayName><objectType>place</objectType></location><link>http://www.twitter.com/st3ph3n23</link><postedTime>2011-07-23T08:55:46.000Z</postedTime><image>http://a0.twimg.com/profile_images/1968861066/image_normal.jpg</image><links><links><rel>me</rel><href/></links></links><listedCount>0</listedCount><id>id:twitter.com:340805805</id><languages><languages>en</languages></languages><utcOffset/><followersCount>118</followersCount><preferredUsername>st3ph3n23</preferredUsername><displayName>Stephen Roberts</displayName><statusesCount>1428</statusesCount><objectType>person</objectType></actor><twitter_entities><hashtags><hashtags><text>Malia</text><indices><indices>101</indices><indices>107</indices></indices></hashtags></hashtags><user_mentions/><urls/></twitter_entities><objectType>activity</objectType><platform>twitter</platform><posted_date>2012-03-28</posted_date><followers>118</followers><statuses>1428</statuses><region>N.A.</region></marklogic>