<?xml version="1.0" encoding="UTF-8"?>
<marklogic><id>tag:search.twitter.com,2005:187067414616350721</id><type>P</type><type>P</type><body><product_name company="Apple">IPad3</product_name> <adverse_event>Fever</adverse_event> in HK Apple Store (@ Apple Store w/ 2 others) [pic]: http://t.co/lh20AeEG</body><geo><type>Point</type><coordinates><coordinates>22.28453</coordinates><coordinates>114.159118</coordinates></coordinates></geo><verb>post</verb><link>http://twitter.com/isalindrija/statuses/187067414616350721</link><generator><link>http://foursquare.com</link><displayName>foursquare</displayName></generator><postedTime>2012-04-03T06:42:01.000Z</postedTime><provider><link>http://www.twitter.com</link><displayName>Twitter</displayName><objectType>service</objectType></provider><object><summary>iPad3 fever in HK Apple Store (@ Apple Store w/ 2 others) [pic]: http://t.co/lh20AeEG</summary><id>object:search.twitter.com,2005:187067414616350721</id><link>http://twitter.com/isalindrija/statuses/187067414616350721</link><postedTime>2012-04-03T06:42:01.000Z</postedTime><objectType>note</objectType></object><actor><summary>Artist and Entrepreneur, Inspired, Rational and Creative, Anytime and Anywhere.</summary><twitterTimeZone>Belgrade</twitterTimeZone><friendsCount>177</friendsCount><location><displayName>Belgrade, Serbia</displayName><objectType>place</objectType></location><link>http://www.twitter.com/isalindrija</link><postedTime>2010-07-24T22:43:12.000Z</postedTime><image>http://a0.twimg.com/profile_images/1637326657/DSC04188_normal.jpg</image><links><links><rel>me</rel><href>http://www.desigui.com</href></links></links><listedCount>0</listedCount><id>id:twitter.com:170466328</id><languages><languages>en</languages></languages><utcOffset>3600</utcOffset><followersCount>150</followersCount><preferredUsername>isalindrija</preferredUsername><displayName>Igor Salindrija</displayName><statusesCount>315</statusesCount><objectType>person</objectType></actor><twitter_entities><hashtags/><urls><urls><indices><indices>65</indices><indices>85</indices></indices><expanded_url>http://4sq.com/HatMpH</expanded_url><display_url>4sq.com/HatMpH</display_url><url>http://t.co/lh20AeEG</url></urls></urls><user_mentions/></twitter_entities><objectType>activity</objectType><platform>twitter</platform><posted_date>2012-04-03</posted_date><followers>150</followers><statuses>315</statuses><region>Belgrade</region></marklogic>