<?xml version="1.0" encoding="UTF-8"?>
<marklogic><id>tag:search.twitter.com,2005:185047618471198721</id><type>P</type><type>P</type><body>Ice <adverse_event>Cold</adverse_event> malibu and <product_name company="Coca Cola">Coke</product_name> will do me well in this weather</body><verb>post</verb><link>http://twitter.com/becccccs/statuses/185047618471198721</link><generator><link>http://blackberry.com/twitter</link><displayName>Twitter for BlackBerry®</displayName></generator><postedTime>2012-03-28T16:56:04.000Z</postedTime><provider><link>http://www.twitter.com</link><displayName>Twitter</displayName><objectType>service</objectType></provider><object><summary>Ice cold malibu and coke will do me well in this weather</summary><id>object:search.twitter.com,2005:185047618471198721</id><link>http://twitter.com/becccccs/statuses/185047618471198721</link><postedTime>2012-03-28T16:56:04.000Z</postedTime><objectType>note</objectType></object><actor><summary>love twitter </summary><twitterTimeZone/><friendsCount>496</friendsCount><location><displayName>peterborough UK.</displayName><objectType>place</objectType></location><link>http://www.twitter.com/becccccs</link><postedTime>2010-05-12T19:48:09.000Z</postedTime><image>http://a0.twimg.com/profile_images/1666248195/Photo_00027_normal.jpg</image><links><links><rel>me</rel><href/></links></links><listedCount>10</listedCount><id>id:twitter.com:143170378</id><languages><languages>en</languages></languages><utcOffset/><followersCount>693</followersCount><preferredUsername>becccccs</preferredUsername><displayName>rebecca clarke.</displayName><statusesCount>35714</statusesCount><objectType>person</objectType></actor><twitter_entities><hashtags/><user_mentions/><urls/></twitter_entities><objectType>activity</objectType><platform>twitter</platform><posted_date>2012-03-28</posted_date><followers>693</followers><statuses>35714</statuses><region>N.A.</region></marklogic>