<?xml version="1.0" encoding="UTF-8"?>
<marklogic><id>tag:search.twitter.com,2005:185073799354531840</id><type>P</type><type>P</type><body>“@Milenio: Yo solo tendré un <adverse_event>Spot</adverse_event>. “¡<product_name company="GlaxoSmithKline">Viva</product_name> la equidad!”: @lopezobrador_ http://t.co/8m3XhkuH (vía @votoxvoto2012)”/1 que pasarán mil veces ¬¬</body><verb>post</verb><link>http://twitter.com/Aleg89/statuses/185073799354531840</link><generator><link>http://itunes.apple.com/us/app/twitter/id409789998?mt=12</link><displayName>Twitter for Mac</displayName></generator><postedTime>2012-03-28T18:40:06.000Z</postedTime><provider><link>http://www.twitter.com</link><displayName>Twitter</displayName><objectType>service</objectType></provider><object><summary>“@Milenio: Yo solo tendré un spot. “¡Viva la equidad!”: @lopezobrador_ http://t.co/8m3XhkuH (vía @votoxvoto2012)”/1 que pasarán mil veces ¬¬</summary><id>object:search.twitter.com,2005:185073799354531840</id><link>http://twitter.com/Aleg89/statuses/185073799354531840</link><postedTime>2012-03-28T18:40:06.000Z</postedTime><objectType>note</objectType></object><actor><summary>Comunicativa, ahora Lic. en Ciencias de la Comunicación. Obsesiva, soñadora. Azul de corazón ((((+)))) </summary><twitterTimeZone>Mexico City</twitterTimeZone><friendsCount>655</friendsCount><location><displayName>Mexico</displayName><objectType>place</objectType></location><link>http://www.twitter.com/Aleg89</link><postedTime>2009-08-19T23:40:23.000Z</postedTime><image>http://a0.twimg.com/profile_images/1871320501/Photo_on_03-03-12_at_23.48__2_normal.jpg</image><links><links><rel>me</rel><href/></links></links><listedCount>6</listedCount><id>id:twitter.com:67161893</id><languages><languages>en</languages></languages><utcOffset>-21600</utcOffset><followersCount>262</followersCount><preferredUsername>Aleg89</preferredUsername><displayName>Alejandra</displayName><statusesCount>11958</statusesCount><objectType>person</objectType></actor><twitter_entities><hashtags/><user_mentions><user_mentions><indices><indices>1</indices><indices>9</indices></indices><id_str>24969337</id_str><name>Milenio.com</name><id>24969337</id><screen_name>Milenio</screen_name></user_mentions><user_mentions><indices><indices>56</indices><indices>70</indices></indices><id_str>82119937</id_str><name>Andrés Manuel</name><id>82119937</id><screen_name>lopezobrador_</screen_name></user_mentions><user_mentions><indices><indices>97</indices><indices>111</indices></indices><id_str>419726797</id_str><name>MILENIO votoxvoto</name><id>419726797</id><screen_name>votoxvoto2012</screen_name></user_mentions></user_mentions><urls><urls><indices><indices>71</indices><indices>91</indices></indices><expanded_url>http://mile.io/HiwQ7O</expanded_url><display_url>mile.io/HiwQ7O</display_url><url>http://t.co/8m3XhkuH</url></urls></urls></twitter_entities><objectType>activity</objectType><platform>twitter</platform><posted_date>2012-03-28</posted_date><followers>262</followers><statuses>11958</statuses><region>Mexico</region></marklogic>