<?xml version="1.0" encoding="UTF-8"?>
<marklogic><id>tag:search.twitter.com,2005:185044700120625152</id><type>P</type><type>P</type><body>they told me that 1 bitch had u <product_name company="N.A.">Canada dry</product_name> tho bruh “@JG_RedNation: i <adverse_event>Thirst</adverse_event> over no bitch”</body><verb>post</verb><link>http://twitter.com/3Paul_D4/statuses/185044700120625152</link><generator><link>http://twitter.com/#!/download/iphone</link><displayName>Twitter for iPhone</displayName></generator><postedTime>2012-03-28T16:44:29.000Z</postedTime><provider><link>http://www.twitter.com</link><displayName>Twitter</displayName><objectType>service</objectType></provider><object><summary>they told me that 1 bitch had u Canada dry tho bruh “@JG_RedNation: i thirst over no bitch”</summary><id>object:search.twitter.com,2005:185044700120625152</id><link>http://twitter.com/3Paul_D4/statuses/185044700120625152</link><postedTime>2012-03-28T16:44:29.000Z</postedTime><objectType>note</objectType></object><actor><summary/><twitterTimeZone/><friendsCount>346</friendsCount><location><displayName>North Pole</displayName><objectType>place</objectType></location><link>http://www.twitter.com/3Paul_D4</link><postedTime>2010-01-10T20:57:52.000Z</postedTime><image>http://a0.twimg.com/profile_images/1966284264/image_normal.jpg</image><links><links><rel>me</rel><href/></links></links><listedCount>1</listedCount><id>id:twitter.com:103664778</id><languages><languages>en</languages></languages><utcOffset/><followersCount>306</followersCount><preferredUsername>3Paul_D4</preferredUsername><displayName>KingJaffeJoffer</displayName><statusesCount>5882</statusesCount><objectType>person</objectType></actor><twitter_entities><hashtags/><user_mentions><user_mentions><indices><indices>53</indices><indices>66</indices></indices><name>BiP Lil E</name><id_str>148056495</id_str><id>148056495</id><screen_name>JG_RedNation</screen_name></user_mentions></user_mentions><urls/></twitter_entities><objectType>activity</objectType><platform>twitter</platform><posted_date>2012-03-28</posted_date><followers>306</followers><statuses>5882</statuses><region>N.A.</region></marklogic>