<?xml version="1.0" encoding="UTF-8"?>
<marklogic><id>tag:search.twitter.com,2005:185045760725884929</id><type>P</type><type>P</type><body>Love water it soothes my <adverse_event>Thirst</adverse_event> not like <product_name company="Coca Cola">Coke</product_name> and all that other stuff</body><verb>post</verb><link>http://twitter.com/CrystalDarleene/statuses/185045760725884929</link><generator><link>http://twitter.com/#!/download/iphone</link><displayName>Twitter for iPhone</displayName></generator><postedTime>2012-03-28T16:48:41.000Z</postedTime><provider><link>http://www.twitter.com</link><displayName>Twitter</displayName><objectType>service</objectType></provider><object><summary>Love water it soothes my thirst not like coke and all that other stuff</summary><id>object:search.twitter.com,2005:185045760725884929</id><link>http://twitter.com/CrystalDarleene/statuses/185045760725884929</link><postedTime>2012-03-28T16:48:41.000Z</postedTime><objectType>note</objectType></object><actor><summary>You should just follow me:)(:</summary><twitterTimeZone>Central Time (US &amp; Canada)</twitterTimeZone><friendsCount>201</friendsCount><link>http://www.twitter.com/CrystalDarleene</link><postedTime>2012-02-05T00:24:28.000Z</postedTime><image>http://a0.twimg.com/profile_images/1891908641/image_normal.jpg</image><links><links><rel>me</rel><href/></links></links><listedCount>0</listedCount><id>id:twitter.com:483413329</id><languages><languages>en</languages></languages><utcOffset>-21600</utcOffset><followersCount>151</followersCount><preferredUsername>CrystalDarleene</preferredUsername><displayName>Crystal Fuentes</displayName><statusesCount>5251</statusesCount><objectType>person</objectType></actor><twitter_entities><hashtags/><urls/><user_mentions/></twitter_entities><objectType>activity</objectType><platform>twitter</platform><posted_date>2012-03-28</posted_date><followers>151</followers><statuses>5251</statuses><region>Central</region></marklogic>