<?xml version="1.0" encoding="UTF-8"?>
<marklogic><id>tag:search.twitter.com,2005:185055923960680449</id><type>P</type><type>P</type><body>Rid yourself of <adverse_event>Dry skin</adverse_event> problems! #Win <product_name company="Beiersdorf">Eucerin</product_name> Professional Repair + $125 Visa GC #giveaway Ends 4/16 http://t.co/fLYozh9a</body><verb>post</verb><link>http://twitter.com/clc408/statuses/185055923960680449</link><generator><link>http://twitter.com/tweetbutton</link><displayName>Tweet Button</displayName></generator><postedTime>2012-03-28T17:29:05.000Z</postedTime><provider><link>http://www.twitter.com</link><displayName>Twitter</displayName><objectType>service</objectType></provider><object><summary>Rid yourself of dry skin problems! #Win Eucerin Professional Repair + $125 Visa GC #giveaway Ends 4/16 http://t.co/fLYozh9a</summary><id>object:search.twitter.com,2005:185055923960680449</id><link>http://twitter.com/clc408/statuses/185055923960680449</link><postedTime>2012-03-28T17:29:05.000Z</postedTime><objectType>note</objectType></object><actor><summary/><twitterTimeZone>Quito</twitterTimeZone><friendsCount>1994</friendsCount><link>http://www.twitter.com/clc408</link><postedTime>2009-07-17T17:40:54.000Z</postedTime><image>http://a0.twimg.com/sticky/default_profile_images/default_profile_2_normal.png</image><links><links><rel>me</rel><href/></links></links><listedCount>4</listedCount><id>id:twitter.com:57704726</id><languages><languages>en</languages></languages><utcOffset>-18000</utcOffset><followersCount>465</followersCount><preferredUsername>clc408</preferredUsername><displayName>Cynthia Conley</displayName><statusesCount>14725</statusesCount><objectType>person</objectType></actor><twitter_entities><hashtags><hashtags><text>Win</text><indices><indices>35</indices><indices>39</indices></indices></hashtags><hashtags><text>giveaway</text><indices><indices>83</indices><indices>92</indices></indices></hashtags></hashtags><urls><urls><indices><indices>103</indices><indices>123</indices></indices><expanded_url>http://www.anutinanutshell.com/2012/03/eucerin-professional-repair/comment-page-22/</expanded_url><display_url>anutinanutshell.com/2012/03/euceri…</display_url><url>http://t.co/fLYozh9a</url></urls></urls><user_mentions/></twitter_entities><objectType>activity</objectType><platform>twitter</platform><posted_date>2012-03-28</posted_date><followers>465</followers><statuses>14725</statuses><region>Quito</region></marklogic>