<?xml version="1.0" encoding="UTF-8"?>
<marklogic><id>tag:search.twitter.com,2005:185033711966887938</id><type>P</type><type>P</type><body>Sunbeam Fleece Electric <adverse_event>Heat</adverse_event> Warming Blanket <product_name company="P&amp;G">Ivory</product_name> King to Discount http://t.co/cwzdCI0n</body><verb>post</verb><link>http://twitter.com/nelleuymansfiel/statuses/185033711966887938</link><generator><link>http://electricblankethealth.com</link><displayName>Electric Blanket Health</displayName></generator><postedTime>2012-03-28T16:00:49.000Z</postedTime><provider><link>http://www.twitter.com</link><displayName>Twitter</displayName><objectType>service</objectType></provider><object><summary>Sunbeam Fleece Electric Heat Warming Blanket Ivory King to Discount http://t.co/cwzdCI0n</summary><id>object:search.twitter.com,2005:185033711966887938</id><link>http://twitter.com/nelleuymansfiel/statuses/185033711966887938</link><postedTime>2012-03-28T16:00:49.000Z</postedTime><objectType>note</objectType></object><actor><summary>Electric Blanket Health - electric blanket king, electric blanket queen, electric blanket twin. - http://electricblankethealth.com</summary><twitterTimeZone/><friendsCount>25</friendsCount><link>http://www.twitter.com/nelleuymansfiel</link><postedTime>2011-05-27T04:49:30.000Z</postedTime><image>http://a0.twimg.com/profile_images/1734036992/Electric_Blanket_Health_normal.jpg</image><links><links><rel>me</rel><href>http://electricblankethealth.com</href></links></links><listedCount>0</listedCount><id>id:twitter.com:306031531</id><languages><languages>es</languages></languages><utcOffset/><followersCount>173</followersCount><preferredUsername>nelleuymansfiel</preferredUsername><displayName>Electric Blanket Hea</displayName><statusesCount>41058</statusesCount><objectType>person</objectType></actor><twitter_entities><hashtags/><user_mentions/><urls><urls><indices><indices>68</indices><indices>88</indices></indices><expanded_url>http://electricblanketdual.electricblankethealth.com/?p=18</expanded_url><display_url>…blanketdual.electricblankethealth.com/?p=18</display_url><url>http://t.co/cwzdCI0n</url></urls></urls></twitter_entities><objectType>activity</objectType><platform>twitter</platform><posted_date>2012-03-28</posted_date><followers>173</followers><statuses>41058</statuses><region>N.A.</region></marklogic>