<?xml version="1.0" encoding="UTF-8"?>
<marklogic><id>tag:search.twitter.com,2005:185066745499881473</id><type>P</type><type>P</type><body>A cow was kept for <product_name company="GlaxoSmithKline">Viva</product_name> <adverse_event>Spot</adverse_event> identification....

Pre BSc: Its a cow...

BSc Student: Perhaps this is a cow....... http://t.co/EWJCuJfn</body><verb>post</verb><link>http://twitter.com/BuntySamadder/statuses/185066745499881473</link><generator><link>http://www.facebook.com/twitter</link><displayName>Facebook</displayName></generator><postedTime>2012-03-28T18:12:05.000Z</postedTime><provider><link>http://www.twitter.com</link><displayName>Twitter</displayName><objectType>service</objectType></provider><object><summary>A cow was kept for viva spot identification....

Pre BSc: Its a cow...

BSc Student: Perhaps this is a cow....... http://t.co/EWJCuJfn</summary><id>object:search.twitter.com,2005:185066745499881473</id><link>http://twitter.com/BuntySamadder/statuses/185066745499881473</link><postedTime>2012-03-28T18:12:05.000Z</postedTime><objectType>note</objectType></object><actor><summary/><twitterTimeZone>Kolkata</twitterTimeZone><friendsCount>27</friendsCount><location><displayName>Kolkata</displayName><objectType>place</objectType></location><link>http://www.twitter.com/BuntySamadder</link><postedTime>2011-11-02T17:29:46.000Z</postedTime><image>http://a0.twimg.com/profile_images/1619163002/264210_237674272923439_100000426052829_823323_100497_n_normal.jpg</image><links><links><rel>me</rel><href/></links></links><listedCount>0</listedCount><id>id:twitter.com:403558864</id><languages><languages>en</languages></languages><utcOffset>19800</utcOffset><followersCount>11</followersCount><preferredUsername>BuntySamadder</preferredUsername><displayName>BuntySamadder</displayName><statusesCount>387</statusesCount><objectType>person</objectType></actor><twitter_entities><hashtags/><user_mentions/><urls><urls><indices><indices>114</indices><indices>134</indices></indices><expanded_url>http://fb.me/1Pls388e3</expanded_url><display_url>fb.me/1Pls388e3</display_url><url>http://t.co/EWJCuJfn</url></urls></urls></twitter_entities><objectType>activity</objectType><platform>twitter</platform><posted_date>2012-03-28</posted_date><followers>11</followers><statuses>387</statuses><region>Kolkata</region></marklogic>