<?xml version="1.0" encoding="UTF-8"?>
<marklogic><id>tag:search.twitter.com,2005:185041154419597312</id><type>P</type><type>P</type><body>Rise With A <product_name company="SC Johnson">Shout</product_name>, 
Cry Out, Our God's Alive, 
Rise Holy Fire, 
<adverse_event>Burn</adverse_event> Bright, <adverse_event>Burn</adverse_event> Bright! 
#Determined #MakingEveryMomentCount</body><verb>post</verb><link>http://twitter.com/Barrow2094/statuses/185041154419597312</link><generator><link>http://twitter.com</link><displayName>web</displayName></generator><postedTime>2012-03-28T16:30:23.000Z</postedTime><provider><link>http://www.twitter.com</link><displayName>Twitter</displayName><objectType>service</objectType></provider><object><summary>Rise With A Shout, 
Cry Out, Our God's Alive, 
Rise Holy Fire, 
Burn Bright, Burn Bright! 
#Determined #MakingEveryMomentCount</summary><id>object:search.twitter.com,2005:185041154419597312</id><link>http://twitter.com/Barrow2094/statuses/185041154419597312</link><postedTime>2012-03-28T16:30:23.000Z</postedTime><objectType>note</objectType></object><actor><summary>Hey I'm Trey! I play guitar at Brownsville AG in Pensacola Florida, and am planning on attending Southeastern University in the fall! Hit me up sometime!</summary><twitterTimeZone>Central Time (US &amp; Canada)</twitterTimeZone><friendsCount>111</friendsCount><link>http://www.twitter.com/Barrow2094</link><postedTime>2009-11-26T18:00:38.000Z</postedTime><image>http://a0.twimg.com/profile_images/1834206142/Treys_photo_normal.jpg</image><links><links><rel>me</rel><href/></links></links><listedCount>0</listedCount><id>id:twitter.com:92803121</id><languages><languages>en</languages></languages><utcOffset>-21600</utcOffset><followersCount>67</followersCount><preferredUsername>Barrow2094</preferredUsername><displayName>Trey Barrow</displayName><statusesCount>361</statusesCount><objectType>person</objectType></actor><twitter_entities><hashtags><hashtags><text>Determined</text><indices><indices>91</indices><indices>102</indices></indices></hashtags><hashtags><text>MakingEveryMomentCount</text><indices><indices>103</indices><indices>126</indices></indices></hashtags></hashtags><urls/><user_mentions/></twitter_entities><objectType>activity</objectType><platform>twitter</platform><posted_date>2012-03-28</posted_date><followers>67</followers><statuses>361</statuses><region>Central</region></marklogic>