<?xml version="1.0" encoding="UTF-8"?>
<marklogic><id>tag:search.twitter.com,2005:185063354681921537</id><type>P</type><type>P</type><body>That #<product_name company="Reckitt Benckiser">Veet</product_name> advert really does make you women look thick as shit. "I don't <adverse_event>Burn</adverse_event> myself!" Aye, well done hen.</body><verb>post</verb><link>http://twitter.com/Scooshmeister/statuses/185063354681921537</link><generator><link>http://twitter.com/#!/download/iphone</link><displayName>Twitter for iPhone</displayName></generator><postedTime>2012-03-28T17:58:36.000Z</postedTime><provider><link>http://www.twitter.com</link><displayName>Twitter</displayName><objectType>service</objectType></provider><object><summary>That #veet advert really does make you women look thick as shit. "I don't burn myself!" Aye, well done hen.</summary><id>object:search.twitter.com,2005:185063354681921537</id><link>http://twitter.com/Scooshmeister/statuses/185063354681921537</link><postedTime>2012-03-28T17:58:36.000Z</postedTime><objectType>note</objectType></object><actor><summary>This is me and my life. Some sequences have been shortened. See me at youtube.com/scooshmeister</summary><twitterTimeZone>London</twitterTimeZone><friendsCount>89</friendsCount><location><displayName>Glasgow, UK.</displayName><objectType>place</objectType></location><link>http://www.twitter.com/Scooshmeister</link><postedTime>2009-11-02T21:14:18.000Z</postedTime><image>http://a0.twimg.com/profile_images/1901498187/image_normal.jpg</image><links><links><rel>me</rel><href>http://www.youtube.com/scooshmeister</href></links></links><listedCount>0</listedCount><id>id:twitter.com:87029979</id><languages><languages>en</languages></languages><utcOffset>0</utcOffset><followersCount>151</followersCount><preferredUsername>Scooshmeister</preferredUsername><displayName>Scoosh</displayName><statusesCount>5683</statusesCount><objectType>person</objectType></actor><twitter_entities><hashtags><hashtags><text>veet</text><indices><indices>5</indices><indices>10</indices></indices></hashtags></hashtags><user_mentions/><urls/></twitter_entities><objectType>activity</objectType><platform>twitter</platform><posted_date>2012-03-28</posted_date><followers>151</followers><statuses>5683</statuses><region>London</region></marklogic>