<?xml version="1.0" encoding="UTF-8"?>
<marklogic><id>tag:search.twitter.com,2005:185057542299328512</id><type>P</type><type>P</type><inReplyTo><link>http://twitter.com/GlastoReclaim/statuses/184984173142999040</link></inReplyTo><body>@GlastoReclaim I don't think that is 50's! That handle and fins look 30's to me. Plus they will still just <adverse_event>Burning</adverse_event> coal/<product_name company="Coca Cola">Coke</product_name></body><verb>post</verb><link>http://twitter.com/katejerrold/statuses/185057542299328512</link><generator><link>http://blackberry.com/twitter</link><displayName>Twitter for BlackBerry®</displayName></generator><postedTime>2012-03-28T17:35:30.000Z</postedTime><provider><link>http://www.twitter.com</link><displayName>Twitter</displayName><objectType>service</objectType></provider><object><summary>@GlastoReclaim I don't think that is 50's! That handle and fins look 30's to me. Plus they will still just burning coal/coke</summary><id>object:search.twitter.com,2005:185057542299328512</id><link>http://twitter.com/katejerrold/statuses/185057542299328512</link><postedTime>2012-03-28T17:35:30.000Z</postedTime><objectType>note</objectType></object><actor><summary>MD of Robert Mills  Architectural Antiques Co, Secretary of Reclamation Industry Trade Assoc &amp; member of Salvo advisory panel. mum to Billie &amp; major Treky </summary><twitterTimeZone/><friendsCount>1084</friendsCount><location><displayName>Bristol BS2 9XB</displayName><objectType>place</objectType></location><link>http://www.twitter.com/katejerrold</link><postedTime>2009-10-02T13:49:46.000Z</postedTime><image>http://a0.twimg.com/profile_images/1088072905/images_q_3Dtbn_LBR5RQJnKNR-4M__www_normal.jpg</image><links><links><rel>me</rel><href>http://www.rmills.co.uk</href></links></links><listedCount>31</listedCount><id>id:twitter.com:79184827</id><languages><languages>en</languages></languages><utcOffset/><followersCount>826</followersCount><preferredUsername>katejerrold</preferredUsername><displayName>Kate Jerrold</displayName><statusesCount>6658</statusesCount><objectType>person</objectType></actor><twitter_entities><user_mentions><user_mentions><indices><indices>0</indices><indices>14</indices></indices><id_str>223870167</id_str><name>Glastonbury Rec</name><id>223870167</id><screen_name>GlastoReclaim</screen_name></user_mentions></user_mentions><hashtags/><urls/></twitter_entities><objectType>activity</objectType><platform>twitter</platform><posted_date>2012-03-28</posted_date><followers>826</followers><statuses>6658</statuses><region>N.A.</region></marklogic>