<?xml version="1.0" encoding="UTF-8"?>
<marklogic><id>tag:search.twitter.com,2005:185033293249527808</id><type>P</type><type>P</type><inReplyTo><link>http://twitter.com/MissMickeyDeez/statuses/185032903707729920</link></inReplyTo><body>@MissMickeyDeez <product_name company="Johnson - Johnson">Tylenol</product_name> <adverse_event>Cold</adverse_event> and <adverse_event>Flu</adverse_event>.. Shit works</body><verb>post</verb><link>http://twitter.com/_GunnShow/statuses/185033293249527808</link><generator><link>http://www.echofon.com/</link><displayName>Echofon</displayName></generator><postedTime>2012-03-28T15:59:09.000Z</postedTime><provider><link>http://www.twitter.com</link><displayName>Twitter</displayName><objectType>service</objectType></provider><object><summary>@MissMickeyDeez Tylenol Cold and Flu.. Shit works</summary><id>object:search.twitter.com,2005:185033293249527808</id><link>http://twitter.com/_GunnShow/statuses/185033293249527808</link><postedTime>2012-03-28T15:59:09.000Z</postedTime><objectType>note</objectType></object><actor><summary>Hooper/Rising Adult Film Actor/Model/Author/Female Enthusiast/Avid Femaleanthropist .. Out here stuntin like my Daddy.. whoever he is. </summary><twitterTimeZone>Central Time (US &amp; Canada)</twitterTimeZone><friendsCount>455</friendsCount><location><displayName>Straight Outta Jacktown</displayName><objectType>place</objectType></location><link>http://www.twitter.com/_GunnShow</link><postedTime>2011-06-18T18:29:24.000Z</postedTime><image>http://a0.twimg.com/profile_images/1970445255/_GunnShow_normal.jpg</image><links><links><rel>me</rel><href/></links></links><listedCount>1</listedCount><id>id:twitter.com:319775711</id><languages><languages>en</languages></languages><utcOffset>-21600</utcOffset><followersCount>547</followersCount><preferredUsername>_GunnShow</preferredUsername><displayName>Jemarri DeLa Cruz</displayName><statusesCount>7740</statusesCount><objectType>person</objectType></actor><twitter_entities><hashtags/><user_mentions><user_mentions><indices><indices>0</indices><indices>15</indices></indices><name>Betty Spaghetti</name><id_str>383035845</id_str><id>383035845</id><screen_name>MissMickeyDeez</screen_name></user_mentions></user_mentions><urls/></twitter_entities><objectType>activity</objectType><platform>twitter</platform><posted_date>2012-03-28</posted_date><followers>547</followers><statuses>7740</statuses><region>Central</region></marklogic>