<?xml version="1.0" encoding="UTF-8"?>
<marklogic><body>oooo, would love a nice <adverse_event>Cold</adverse_event> <product_name company="GlaxoSmithKline">Lucozade</product_name> sport right now</body><geo><type>Point</type><coordinates><coordinates>51.76842</coordinates><coordinates>-0.00643</coordinates></coordinates></geo><location><geo><type>Polygon</type><coordinates><coordinates><coordinates><coordinates>-0.114171</coordinates><coordinates>51.681181</coordinates></coordinates><coordinates><coordinates>0.014533</coordinates><coordinates>51.681181</coordinates></coordinates><coordinates><coordinates>0.014533</coordinates><coordinates>51.7805861</coordinates></coordinates><coordinates><coordinates>-0.114171</coordinates><coordinates>51.7805861</coordinates></coordinates></coordinates></coordinates></geo><link>http://api.twitter.com/1/geo/id/f62c624518fc4af3.json</link><name>Broxbourne</name><displayName>Broxbourne, Hertfordshire</displayName><country_code>United Kingdom</country_code><objectType>place</objectType></location><link>http://twitter.com/chelcking/statuses/187157519209218048</link><postedTime>2012-04-03T12:40:04.000Z</postedTime><provider><link>http://www.twitter.com</link><displayName>Twitter</displayName><objectType>service</objectType></provider><actor><summary>if your reading this there's probably around an 85% chance i don't like you :)</summary><twitterTimeZone>Hawaii</twitterTimeZone><friendsCount>130</friendsCount><location><displayName>Hoddesdon</displayName><objectType>place</objectType></location><link>http://www.twitter.com/chelcking</link><postedTime>2009-06-02T10:52:04.000Z</postedTime><image>http://a0.twimg.com/profile_images/1954120437/IMG-20120318-00025_normal.jpg</image><links><links><rel>me</rel><href/></links></links><listedCount>2</listedCount><id>id:twitter.com:44098167</id><languages><languages>en</languages></languages><utcOffset>-36000</utcOffset><followersCount>216</followersCount><preferredUsername>chelcking</preferredUsername><displayName>CHELCKING♥</displayName><statusesCount>10584</statusesCount><objectType>person</objectType></actor><object><summary>oooo, would love a nice cold lucozade sport right now</summary><id>object:search.twitter.com,2005:187157519209218048</id><link>http://twitter.com/chelcking/statuses/187157519209218048</link><postedTime>2012-04-03T12:40:04.000Z</postedTime><objectType>note</objectType></object><twitter_entities><hashtags/><urls/><user_mentions/></twitter_entities><id>tag:search.twitter.com,2005:187157519209218048</id><type>P</type><type>P</type><verb>post</verb><generator><link>http://blackberry.com/twitter</link><displayName>Twitter for BlackBerry®</displayName></generator><objectType>activity</objectType><platform>twitter</platform><posted_date>2012-04-03</posted_date><followers>216</followers><statuses>10584</statuses><region>Hawaii</region></marklogic>