<?xml version="1.0" encoding="UTF-8"?>
<marklogic><id>tag:search.twitter.com,2005:185032945793372160</id><type>P</type><type>P</type><body>Two days ago darleen vidot <product_name company="Reckitt Benckiser">Vanish</product_name> the parent. <adverse_event>Burned</adverse_event>-up ?</body><verb>post</verb><link>http://twitter.com/sukosudopeq/statuses/185032945793372160</link><generator><link>http://twitter.com</link><displayName>web</displayName></generator><postedTime>2012-03-28T15:57:46.000Z</postedTime><provider><link>http://www.twitter.com</link><displayName>Twitter</displayName><objectType>service</objectType></provider><object><summary>Two days ago darleen vidot vanish the parent. burned-up ?</summary><id>object:search.twitter.com,2005:185032945793372160</id><link>http://twitter.com/sukosudopeq/statuses/185032945793372160</link><postedTime>2012-03-28T15:57:46.000Z</postedTime><objectType>note</objectType></object><actor><summary>I'm austere, health-conscious and important. Also malice and revenge. Listen to Flamin' Groovies.&#13;</summary><twitterTimeZone/><friendsCount>2</friendsCount><location><displayName>WA&#13;</displayName><objectType>place</objectType></location><link>http://www.twitter.com/sukosudopeq</link><postedTime>2012-03-10T20:03:43.000Z</postedTime><image>http://a0.twimg.com/profile_images/1886986266/1603_normal.gif</image><links><links><rel>me</rel><href/></links></links><listedCount>0</listedCount><id>id:twitter.com:520692728</id><languages><languages>en</languages></languages><utcOffset/><followersCount>9</followersCount><preferredUsername>sukosudopeq</preferredUsername><displayName>bayn</displayName><statusesCount>22</statusesCount><objectType>person</objectType></actor><twitter_entities><hashtags/><user_mentions/><urls/></twitter_entities><objectType>activity</objectType><platform>twitter</platform><posted_date>2012-03-28</posted_date><followers>9</followers><statuses>22</statuses><region>N.A.</region></marklogic>