<?xml version="1.0" encoding="UTF-8"?>
<marklogic><id>tag:search.twitter.com,2005:185073587294711809</id><type>P</type><type>P</type><body>@norascuisine, #cookingtips, When you’re going to sauté garlic, <product_name company="N.A.">Slice</product_name> it rather than mincing it — it's less likely to <adverse_event>Burn</adverse_event> that way.</body><verb>post</verb><link>http://twitter.com/norascuisine/statuses/185073587294711809</link><generator><link>http://twitter.com</link><displayName>web</displayName></generator><postedTime>2012-03-28T18:39:16.000Z</postedTime><provider><link>http://www.twitter.com</link><displayName>Twitter</displayName><objectType>service</objectType></provider><object><summary>@norascuisine, #cookingtips, When you’re going to sauté garlic, slice it rather than mincing it — it's less likely to burn that way.</summary><id>object:search.twitter.com,2005:185073587294711809</id><link>http://twitter.com/norascuisine/statuses/185073587294711809</link><postedTime>2012-03-28T18:39:16.000Z</postedTime><objectType>note</objectType></object><actor><summary>Serving exquisite Southern Italian dishes from Nora's family recipes and Award Winning cocktails made by their team of mixologists!</summary><twitterTimeZone/><friendsCount>76</friendsCount><location><displayName>Las Vegas, NV</displayName><objectType>place</objectType></location><link>http://www.twitter.com/norascuisine</link><postedTime>2011-10-13T17:59:55.000Z</postedTime><image>http://a0.twimg.com/profile_images/1664549837/noras_logo_jockshop_normal.png</image><links><links><rel>me</rel><href>http://www.norascuisine.com</href></links></links><listedCount>0</listedCount><id>id:twitter.com:390250476</id><languages><languages>en</languages></languages><utcOffset/><followersCount>41</followersCount><preferredUsername>norascuisine</preferredUsername><displayName>Nora's Cuisine</displayName><statusesCount>237</statusesCount><objectType>person</objectType></actor><twitter_entities><hashtags><hashtags><text>cookingtips</text><indices><indices>15</indices><indices>27</indices></indices></hashtags></hashtags><user_mentions><user_mentions><indices><indices>0</indices><indices>13</indices></indices><id_str>390250476</id_str><name>Nora's Cuisine</name><id>390250476</id><screen_name>norascuisine</screen_name></user_mentions></user_mentions><urls/></twitter_entities><objectType>activity</objectType><platform>twitter</platform><posted_date>2012-03-28</posted_date><followers>41</followers><statuses>237</statuses><region>N.A.</region></marklogic>