<?xml version="1.0" encoding="UTF-8"?>
<marklogic><id>tag:search.twitter.com,2005:185058462730952706</id><type>P</type><type>P</type><body>They thought I <adverse_event>Burnt</adverse_event> up like <product_name company="N.A.">Pepsi</product_name> did Michael</body><verb>post</verb><link>http://twitter.com/GoudyF18/statuses/185058462730952706</link><generator><link>http://tweetlogix.com</link><displayName>Tweetlogix</displayName></generator><postedTime>2012-03-28T17:39:10.000Z</postedTime><provider><link>http://www.twitter.com</link><displayName>Twitter</displayName><objectType>service</objectType></provider><object><summary>They thought I burnt up like Pepsi did Michael</summary><id>object:search.twitter.com,2005:185058462730952706</id><link>http://twitter.com/GoudyF18/statuses/185058462730952706</link><postedTime>2012-03-28T17:39:10.000Z</postedTime><objectType>note</objectType></object><actor><summary>Student-Athlete at University of Miami</summary><twitterTimeZone>Eastern Time (US &amp; Canada)</twitterTimeZone><friendsCount>231</friendsCount><link>http://www.twitter.com/GoudyF18</link><postedTime>2011-09-13T01:59:09.000Z</postedTime><image>http://a0.twimg.com/profile_images/1562591791/Photo_on_2011-06-04_at_22.48_normal.jpg</image><links><links><rel>me</rel><href/></links></links><listedCount>4</listedCount><id>id:twitter.com:372595350</id><languages><languages>en</languages></languages><utcOffset>-18000</utcOffset><followersCount>287</followersCount><preferredUsername>GoudyF18</preferredUsername><displayName>Matt Goudis</displayName><statusesCount>922</statusesCount><objectType>person</objectType></actor><twitter_entities><hashtags/><urls/><user_mentions/></twitter_entities><objectType>activity</objectType><platform>twitter</platform><posted_date>2012-03-28</posted_date><followers>287</followers><statuses>922</statuses><region>Eastern</region></marklogic>