<?xml version="1.0" encoding="UTF-8"?>
<marklogic><id>tag:search.twitter.com,2005:185073650981015552</id><type>P</type><type>P</type><inReplyTo><link>http://twitter.com/dbmartin90/statuses/185072625519824896</link></inReplyTo><body>@dbmartin90 <adverse_event>Cold</adverse_event> / <adverse_event>Cold</adverse_event> Knits cycle. Use only Black <product_name company="Reckitt Benckiser">Woolite</product_name>, put masking tap over his eyes.</body><verb>post</verb><link>http://twitter.com/TheMalicke/statuses/185073650981015552</link><generator><link>http://twitter.com/#!/download/iphone</link><displayName>Twitter for iPhone</displayName></generator><postedTime>2012-03-28T18:39:31.000Z</postedTime><provider><link>http://www.twitter.com</link><displayName>Twitter</displayName><objectType>service</objectType></provider><object><summary>@dbmartin90 Cold / Cold Knits cycle. Use only Black Woolite, put masking tap over his eyes.</summary><id>object:search.twitter.com,2005:185073650981015552</id><link>http://twitter.com/TheMalicke/statuses/185073650981015552</link><postedTime>2012-03-28T18:39:31.000Z</postedTime><objectType>note</objectType></object><actor><summary>I'm a genius billionaire playboy philanthropist. </summary><twitterTimeZone/><friendsCount>24</friendsCount><location><displayName>Manhattan, KS</displayName><objectType>place</objectType></location><link>http://www.twitter.com/TheMalicke</link><postedTime>2012-01-17T16:53:53.000Z</postedTime><image>http://a0.twimg.com/profile_images/1859460784/image_normal.jpg</image><links><links><rel>me</rel><href/></links></links><listedCount>0</listedCount><id>id:twitter.com:466648352</id><languages><languages>en</languages></languages><utcOffset/><followersCount>20</followersCount><preferredUsername>TheMalicke</preferredUsername><displayName>Jared Malicke</displayName><statusesCount>168</statusesCount><objectType>person</objectType></actor><twitter_entities><hashtags/><user_mentions><user_mentions><indices><indices>0</indices><indices>11</indices></indices><id_str>399129128</id_str><name>Danni Martin</name><id>399129128</id><screen_name>dbmartin90</screen_name></user_mentions></user_mentions><urls/></twitter_entities><objectType>activity</objectType><platform>twitter</platform><posted_date>2012-03-28</posted_date><followers>20</followers><statuses>168</statuses><region>N.A.</region></marklogic>