<?xml version="1.0" encoding="UTF-8"?>
<marklogic><id>tag:search.twitter.com,2005:185077111504117760</id><type>P</type><type>P</type><body>I keep <adverse_event>Sneezing</adverse_event> I'm <adverse_event>Cold</adverse_event> and bored at work. I wanna go home take some <product_name company="P&amp;G">Nyquil</product_name> and sleep til saturday</body><verb>post</verb><link>http://twitter.com/PimpDaddyDon/statuses/185077111504117760</link><generator><link>http://blackberry.com/twitter</link><displayName>Twitter for BlackBerry®</displayName></generator><postedTime>2012-03-28T18:53:16.000Z</postedTime><provider><link>http://www.twitter.com</link><displayName>Twitter</displayName><objectType>service</objectType></provider><object><summary>I keep sneezing I'm cold and bored at work. I wanna go home take some nyquil and sleep til saturday</summary><id>object:search.twitter.com,2005:185077111504117760</id><link>http://twitter.com/PimpDaddyDon/statuses/185077111504117760</link><postedTime>2012-03-28T18:53:16.000Z</postedTime><objectType>note</objectType></object><actor><summary>#NSU too school for cool</summary><twitterTimeZone>Pacific Time (US &amp; Canada)</twitterTimeZone><friendsCount>325</friendsCount><location><displayName>Largo, MD to Norfolk, VA</displayName><objectType>place</objectType></location><link>http://www.twitter.com/PimpDaddyDon</link><postedTime>2010-08-11T10:52:55.000Z</postedTime><image>http://a0.twimg.com/profile_images/1842377468/P2170408__2__normal.jpg</image><links><links><rel>me</rel><href/></links></links><listedCount>3</listedCount><id>id:twitter.com:177145979</id><languages><languages>en</languages></languages><utcOffset>-28800</utcOffset><followersCount>332</followersCount><preferredUsername>PimpDaddyDon</preferredUsername><displayName>Nita Fajita</displayName><statusesCount>22943</statusesCount><objectType>person</objectType></actor><twitter_entities><hashtags/><user_mentions/><urls/></twitter_entities><objectType>activity</objectType><platform>twitter</platform><posted_date>2012-03-28</posted_date><followers>332</followers><statuses>22943</statuses><region>Pacific</region></marklogic>