<?xml version="1.0" encoding="UTF-8"?>
<marklogic><id>tag:search.twitter.com,2005:185050477690494977</id><type>P</type><type>P</type><body><product_name company="Johnson - Johnson">Benadryl</product_name> allergy <adverse_event>Sore throat</adverse_event> http://t.co/v6NFJSHL</body><verb>post</verb><link>http://twitter.com/vaturefolu/statuses/185050477690494977</link><generator><link>http://twitter.com</link><displayName>web</displayName></generator><postedTime>2012-03-28T17:07:26.000Z</postedTime><provider><link>http://www.twitter.com</link><displayName>Twitter</displayName><objectType>service</objectType></provider><object><summary>benadryl allergy sore throat http://t.co/v6NFJSHL</summary><id>object:search.twitter.com,2005:185050477690494977</id><link>http://twitter.com/vaturefolu/statuses/185050477690494977</link><postedTime>2012-03-28T17:07:26.000Z</postedTime><objectType>note</objectType></object><actor><summary/><twitterTimeZone/><friendsCount>63</friendsCount><link>http://www.twitter.com/vaturefolu</link><postedTime>2011-12-20T00:29:07.000Z</postedTime><image>http://a0.twimg.com/sticky/default_profile_images/default_profile_4_normal.png</image><links><links><rel>me</rel><href/></links></links><listedCount>0</listedCount><id>id:twitter.com:441340932</id><languages><languages>pt</languages></languages><utcOffset/><followersCount>19</followersCount><preferredUsername>vaturefolu</preferredUsername><displayName>Xywot Dozykofo</displayName><statusesCount>404</statusesCount><objectType>person</objectType></actor><twitter_entities><hashtags/><urls><urls><indices><indices>29</indices><indices>49</indices></indices><expanded_url>http://benadryl-allergy-sore-throat.cheapillsshop.com</expanded_url><display_url>…allergy-sore-throat.cheapillsshop.com</display_url><url>http://t.co/v6NFJSHL</url></urls></urls><user_mentions/></twitter_entities><objectType>activity</objectType><platform>twitter</platform><posted_date>2012-03-28</posted_date><followers>19</followers><statuses>404</statuses><region>N.A.</region></marklogic>