<?xml version="1.0" encoding="UTF-8"?>
<marklogic><id>tag:search.twitter.com,2005:185077980303863809</id><type>P</type><type>P</type><body><product_name company="Johnson - Johnson">Benadryl</product_name> for dogs <adverse_event>Anxiety</adverse_event> dosage http://t.co/aFcIZjBI</body><verb>post</verb><link>http://twitter.com/wuqerokyvuton/statuses/185077980303863809</link><generator><link>http://twitter.com</link><displayName>web</displayName></generator><postedTime>2012-03-28T18:56:43.000Z</postedTime><provider><link>http://www.twitter.com</link><displayName>Twitter</displayName><objectType>service</objectType></provider><object><summary>benadryl for dogs anxiety dosage http://t.co/aFcIZjBI</summary><id>object:search.twitter.com,2005:185077980303863809</id><link>http://twitter.com/wuqerokyvuton/statuses/185077980303863809</link><postedTime>2012-03-28T18:56:43.000Z</postedTime><objectType>note</objectType></object><actor><summary>I'm heartful, panicky and overloaded. Also uncouth and barbarous. Listen to Sebadoh.&#13;</summary><twitterTimeZone/><friendsCount>28</friendsCount><location><displayName>NC&#13;</displayName><objectType>place</objectType></location><link>http://www.twitter.com/wuqerokyvuton</link><postedTime>2012-02-09T00:36:54.000Z</postedTime><image>http://a0.twimg.com/profile_images/1816918704/603_normal.gif</image><links><links><rel>me</rel><href/></links></links><listedCount>0</listedCount><id>id:twitter.com:487099431</id><languages><languages>es</languages></languages><utcOffset/><followersCount>8</followersCount><preferredUsername>wuqerokyvuton</preferredUsername><displayName>lindenberger</displayName><statusesCount>86</statusesCount><objectType>person</objectType></actor><twitter_entities><hashtags/><user_mentions/><urls><urls><indices><indices>33</indices><indices>53</indices></indices><expanded_url>http://benadryl-for-dogs-anxiety-dosage.cheapillsshop.com</expanded_url><display_url>…dogs-anxiety-dosage.cheapillsshop.com</display_url><url>http://t.co/aFcIZjBI</url></urls></urls></twitter_entities><objectType>activity</objectType><platform>twitter</platform><posted_date>2012-03-28</posted_date><followers>8</followers><statuses>86</statuses><region>N.A.</region></marklogic>