<?xml version="1.0" encoding="UTF-8"?>
<marklogic><id>tag:search.twitter.com,2005:185071242783621120</id><type>P</type><type>P</type><body>My  just went where no <product_name company="N.A.">Icy hot</product_name> should ever go. Damn. That <adverse_event>Burns</adverse_event>.</body><verb>post</verb><link>http://twitter.com/Lexi_Casper/statuses/185071242783621120</link><generator><link>http://twitter.com/#!/download/iphone</link><displayName>Twitter for iPhone</displayName></generator><postedTime>2012-03-28T18:29:57.000Z</postedTime><provider><link>http://www.twitter.com</link><displayName>Twitter</displayName><objectType>service</objectType></provider><object><summary>My icy hot just went where no icy hot should ever go. Damn. That burns.</summary><id>object:search.twitter.com,2005:185071242783621120</id><link>http://twitter.com/Lexi_Casper/statuses/185071242783621120</link><postedTime>2012-03-28T18:29:57.000Z</postedTime><objectType>note</objectType></object><actor><summary>Oh shit, i'm finally famous&#13;
</summary><twitterTimeZone/><friendsCount>148</friendsCount><link>http://www.twitter.com/Lexi_Casper</link><postedTime>2011-04-10T21:19:50.000Z</postedTime><image>http://a0.twimg.com/profile_images/1798198202/Photo_on_2012-01-14_at_20.00_normal.jpg</image><links><links><rel>me</rel><href/></links></links><listedCount>0</listedCount><id>id:twitter.com:280203049</id><languages><languages>en</languages></languages><utcOffset/><followersCount>311</followersCount><preferredUsername>Lexi_Casper</preferredUsername><displayName>Lexi Casper</displayName><statusesCount>3732</statusesCount><objectType>person</objectType></actor><twitter_entities><hashtags/><user_mentions/><urls/></twitter_entities><objectType>activity</objectType><platform>twitter</platform><posted_date>2012-03-28</posted_date><followers>311</followers><statuses>3732</statuses><region>N.A.</region></marklogic>