<?xml version="1.0" encoding="UTF-8"?>
<marklogic><id>tag:search.twitter.com,2005:185071311792513024</id><type>P</type><type>P</type><body>A lot of the females yall <adverse_event>Thirst</adverse_event> over on Twitter look like their mamas put shots of testosterone in their <product_name company="Abbott">Similac</product_name> :/</body><verb>post</verb><link>http://twitter.com/ibLeedgreen_x3/statuses/185071311792513024</link><generator><link>http://ubersocial.com</link><displayName>UberSocial for BlackBerry</displayName></generator><postedTime>2012-03-28T18:30:13.000Z</postedTime><provider><link>http://www.twitter.com</link><displayName>Twitter</displayName><objectType>service</objectType></provider><object><summary>A lot of the females yall thirst over on Twitter look like their mamas put shots of testosterone in their Similac :/</summary><id>object:search.twitter.com,2005:185071311792513024</id><link>http://twitter.com/ibLeedgreen_x3/statuses/185071311792513024</link><postedTime>2012-03-28T18:30:13.000Z</postedTime><objectType>note</objectType></object><actor><summary>21 ! - Home of Champions. #teamCELTICS; #teamPatriots; give me a pen&amp;paper and ill Lyrically take ur breath away #spokenword ADDICTED to ink! </summary><twitterTimeZone>Santiago</twitterTimeZone><friendsCount>4749</friendsCount><location><displayName>Lowell - Boston</displayName><objectType>place</objectType></location><link>http://www.twitter.com/ibLeedgreen_x3</link><postedTime>2009-09-21T23:40:28.000Z</postedTime><image>http://a0.twimg.com/profile_images/1910711487/394046_222287427855100_100002215330140_479359_1184038689_n_normal.jpg</image><links><links><rel>me</rel><href>http://mythoughtsunfiltered.tumblr.com/</href></links></links><listedCount>599</listedCount><id>id:twitter.com:76184359</id><languages><languages>en</languages></languages><utcOffset>-14400</utcOffset><followersCount>5787</followersCount><preferredUsername>ibLeedgreen_x3</preferredUsername><displayName>imaMASShole♀♂</displayName><statusesCount>61800</statusesCount><objectType>person</objectType></actor><twitter_entities><hashtags/><user_mentions/><urls/></twitter_entities><objectType>activity</objectType><platform>twitter</platform><posted_date>2012-03-28</posted_date><followers>5787</followers><statuses>61800</statuses><region>Santiago</region></marklogic>