<?xml version="1.0" encoding="UTF-8"?>
<marklogic><id>tag:search.twitter.com,2005:185052352183672832</id><type>P</type><type>P</type><body>My <adverse_event>Fever</adverse_event> is back &amp; I am out if <product_name company="Johnson - Johnson">Tylenol</product_name>. ;/</body><verb>post</verb><link>http://twitter.com/DanielleEWrites/statuses/185052352183672832</link><generator><link>http://twitter.com/#!/download/iphone</link><displayName>Twitter for iPhone</displayName></generator><postedTime>2012-03-28T17:14:53.000Z</postedTime><provider><link>http://www.twitter.com</link><displayName>Twitter</displayName><objectType>service</objectType></provider><object><summary>My fever is back &amp; I am out if Tylenol. ;/</summary><id>object:search.twitter.com,2005:185052352183672832</id><link>http://twitter.com/DanielleEWrites/statuses/185052352183672832</link><postedTime>2012-03-28T17:14:53.000Z</postedTime><objectType>note</objectType></object><actor><summary>Aspiring YA writer and editor @SpencerHillP. I am so glad spring is here! And I love tumblr. http://beautifulattempt.tumblr.com. </summary><twitterTimeZone>Eastern Time (US &amp; Canada)</twitterTimeZone><friendsCount>679</friendsCount><location><displayName>Boston-area</displayName><objectType>place</objectType></location><link>http://www.twitter.com/DanielleEWrites</link><postedTime>2008-12-22T19:37:12.000Z</postedTime><image>http://a0.twimg.com/profile_images/1916728416/IMG_0567_normal.jpg</image><links><links><rel>me</rel><href>http://www.frenzyofnoise.net</href></links></links><listedCount>64</listedCount><id>id:twitter.com:18314271</id><languages><languages>en</languages></languages><utcOffset>-18000</utcOffset><followersCount>833</followersCount><preferredUsername>DanielleEWrites</preferredUsername><displayName>Danielle Ellison</displayName><statusesCount>35562</statusesCount><objectType>person</objectType></actor><twitter_entities><hashtags/><urls/><user_mentions/></twitter_entities><objectType>activity</objectType><platform>twitter</platform><posted_date>2012-03-28</posted_date><followers>833</followers><statuses>35562</statuses><region>Eastern</region></marklogic>