<?xml version="1.0" encoding="UTF-8"?>
<marklogic><id>tag:search.twitter.com,2005:185074779160715264</id><type>P</type><type>P</type><inReplyTo><link>http://twitter.com/DivaLDN/statuses/185054836528652290</link></inReplyTo><body>@DivaLDN I've been in the same <adverse_event>Spot</adverse_event> <product_name company="Johnson - Johnson">Bebe</product_name>, my phone wasn't working that's why!</body><verb>post</verb><link>http://twitter.com/Kolanola/statuses/185074779160715264</link><generator><link>http://twitter.com/#!/download/iphone</link><displayName>Twitter for iPhone</displayName></generator><postedTime>2012-03-28T18:44:00.000Z</postedTime><provider><link>http://www.twitter.com</link><displayName>Twitter</displayName><objectType>service</objectType></provider><object><summary>@DivaLDN I've been in the same spot bebe, my phone wasn't working that's why!</summary><id>object:search.twitter.com,2005:185074779160715264</id><link>http://twitter.com/Kolanola/statuses/185074779160715264</link><postedTime>2012-03-28T18:44:00.000Z</postedTime><objectType>note</objectType></object><actor><summary/><twitterTimeZone>London</twitterTimeZone><friendsCount>103</friendsCount><location><displayName>London</displayName><objectType>place</objectType></location><link>http://www.twitter.com/Kolanola</link><postedTime>2011-06-09T18:18:15.000Z</postedTime><image>http://a0.twimg.com/profile_images/1979027898/image_normal.jpg</image><links><links><rel>me</rel><href/></links></links><listedCount>1</listedCount><id>id:twitter.com:314097903</id><languages><languages>en</languages></languages><utcOffset>0</utcOffset><followersCount>115</followersCount><preferredUsername>Kolanola</preferredUsername><displayName>Kolaa KG♡</displayName><statusesCount>6341</statusesCount><objectType>person</objectType></actor><twitter_entities><hashtags/><user_mentions><user_mentions><indices><indices>0</indices><indices>8</indices></indices><id_str>35482480</id_str><name>Diva Mk. </name><id>35482480</id><screen_name>DivaLDN</screen_name></user_mentions></user_mentions><urls/></twitter_entities><objectType>activity</objectType><platform>twitter</platform><posted_date>2012-03-28</posted_date><followers>115</followers><statuses>6341</statuses><region>London</region></marklogic>