<?xml version="1.0" encoding="UTF-8"?>
<marklogic><id>tag:search.twitter.com,2005:187093597470998529</id><type>P</type><type>P</type><body>She call my dick <product_name company="N.A.">NYQUIL</product_name> ..THE SNIFFLING,<adverse_event>SNEEZING</adverse_event>,<adverse_event>COUGHING</adverse_event>,ACHING,<adverse_event>HEADACHE</adverse_event>,<adverse_event>FEVER</adverse_event>,SO U CAN REST BETTER MEDICINE ...</body><verb>post</verb><link>http://twitter.com/taliyah30/statuses/187093597470998529</link><generator><link>http://www.tweetcaster.com</link><displayName>TweetCaster for Android</displayName></generator><postedTime>2012-04-03T08:26:04.000Z</postedTime><provider><link>http://www.twitter.com</link><displayName>Twitter</displayName><objectType>service</objectType></provider><object><summary>She call my dick NYQUIL ..THE SNIFFLING,SNEEZING,COUGHING,ACHING,HEADACHE,FEVER,SO U CAN REST BETTER MEDICINE ...</summary><id>object:search.twitter.com,2005:187093597470998529</id><link>http://twitter.com/taliyah30/statuses/187093597470998529</link><postedTime>2012-04-03T08:26:04.000Z</postedTime><objectType>note</objectType></object><actor><summary>Rell ross</summary><twitterTimeZone/><friendsCount>177</friendsCount><link>http://www.twitter.com/taliyah30</link><postedTime>2011-06-17T17:31:50.000Z</postedTime><image>http://a0.twimg.com/profile_images/2008100661/profile_normal.jpg</image><links><links><rel>me</rel><href/></links></links><listedCount>0</listedCount><id>id:twitter.com:319169663</id><languages><languages>en</languages></languages><utcOffset/><followersCount>118</followersCount><preferredUsername>taliyah30</preferredUsername><displayName>MR.WRONG/RIGHT</displayName><statusesCount>2233</statusesCount><objectType>person</objectType></actor><twitter_entities><hashtags/><urls/><user_mentions/></twitter_entities><objectType>activity</objectType><platform>twitter</platform><posted_date>2012-04-03</posted_date><followers>118</followers><statuses>2233</statuses><region>N.A.</region></marklogic>