<?xml version="1.0" encoding="UTF-8"?>
<marklogic><id>tag:search.twitter.com,2005:185048243397341184</id><type>P</type><type>P</type><body>@NathanTFord If you don't like <adverse_event>Cold</adverse_event> showers, turn up the temperature. Idk bout you but ours, you just turn the <product_name company="Henkel">Dial</product_name> #firstworldsolution</body><verb>post</verb><link>http://twitter.com/RealJohnRobbins/statuses/185048243397341184</link><generator><link>http://twitter.com</link><displayName>web</displayName></generator><postedTime>2012-03-28T16:58:33.000Z</postedTime><provider><link>http://www.twitter.com</link><displayName>Twitter</displayName><objectType>service</objectType></provider><object><summary>@NathanTFord If you don't like cold showers, turn up the temperature. Idk bout you but ours, you just turn the dial #firstworldsolution</summary><id>object:search.twitter.com,2005:185048243397341184</id><link>http://twitter.com/RealJohnRobbins/statuses/185048243397341184</link><postedTime>2012-03-28T16:58:33.000Z</postedTime><objectType>note</objectType></object><actor><summary/><twitterTimeZone>Central Time (US &amp; Canada)</twitterTimeZone><friendsCount>17</friendsCount><link>http://www.twitter.com/RealJohnRobbins</link><postedTime>2012-03-25T04:09:32.000Z</postedTime><image>http://a0.twimg.com/profile_images/1950808131/bottomtooth772504zr4__1__normal.jpg</image><links><links><rel>me</rel><href/></links></links><listedCount>0</listedCount><id>id:twitter.com:536062389</id><languages><languages>en</languages></languages><utcOffset>-21600</utcOffset><followersCount>5</followersCount><preferredUsername>RealJohnRobbins</preferredUsername><displayName>John Robbins</displayName><statusesCount>12</statusesCount><objectType>person</objectType></actor><twitter_entities><hashtags><hashtags><text>firstworldsolution</text><indices><indices>116</indices><indices>135</indices></indices></hashtags></hashtags><user_mentions><user_mentions><indices><indices>0</indices><indices>12</indices></indices><name>Nathan Ford</name><id_str>198998657</id_str><id>198998657</id><screen_name>NathanTFord</screen_name></user_mentions></user_mentions><urls/></twitter_entities><objectType>activity</objectType><platform>twitter</platform><posted_date>2012-03-28</posted_date><followers>5</followers><statuses>12</statuses><region>Central</region></marklogic>