<?xml version="1.0" encoding="UTF-8"?>
<marklogic><id>tag:search.twitter.com,2005:185046904466444288</id><type>P</type><type>P</type><body>&#x01f613;&#x01f613;&#x01f613; RT @LaoHuang_: When I close my eyes, I feel like I'm spinning. Jialat. Stupid <adverse_event>Headache</adverse_event>. No need fear, I've got <product_name company="N.A.">AXE</product_name> OIL!</body><verb>post</verb><link>http://twitter.com/C2HX3/statuses/185046904466444288</link><generator><link>http://www.echofon.com/</link><displayName>Echofon</displayName></generator><postedTime>2012-03-28T16:53:14.000Z</postedTime><provider><link>http://www.twitter.com</link><displayName>Twitter</displayName><objectType>service</objectType></provider><object><summary>&#x01f613;&#x01f613;&#x01f613; RT @LaoHuang_: When I close my eyes, I feel like I'm spinning. Jialat. Stupid headache. No need fear, I've got AXE OIL!</summary><id>object:search.twitter.com,2005:185046904466444288</id><link>http://twitter.com/C2HX3/statuses/185046904466444288</link><postedTime>2012-03-28T16:53:14.000Z</postedTime><objectType>note</objectType></object><actor><summary>Acting. Justin Bieber. TVD. Twilight. Merlin. #belieber #TVDFamily #DelenaShipper</summary><twitterTimeZone>Singapore</twitterTimeZone><friendsCount>1992</friendsCount><location><displayName>Singapore</displayName><objectType>place</objectType></location><link>http://www.twitter.com/C2HX3</link><postedTime>2010-02-15T04:01:13.000Z</postedTime><image>http://a0.twimg.com/profile_images/1620240041/C2HX3_normal.jpg</image><links><links><rel>me</rel><href>http://joyceboey.tumblr.com</href></links></links><listedCount>143</listedCount><id>id:twitter.com:114356158</id><languages><languages>en</languages></languages><utcOffset>28800</utcOffset><followersCount>1604</followersCount><preferredUsername>C2HX3</preferredUsername><displayName>Joyce Boey</displayName><statusesCount>42427</statusesCount><objectType>person</objectType></actor><twitter_entities><hashtags/><urls/><user_mentions><user_mentions><indices><indices>7</indices><indices>17</indices></indices><id_str>176686575</id_str><name>Yánni Huáng.</name><id>176686575</id><screen_name>LaoHuang_</screen_name></user_mentions></user_mentions></twitter_entities><objectType>activity</objectType><platform>twitter</platform><posted_date>2012-03-28</posted_date><followers>1604</followers><statuses>42427</statuses><region>Singapore</region></marklogic>