<?xml version="1.0" encoding="UTF-8"?>
<marklogic><id>tag:search.twitter.com,2005:185074356832051200</id><type>P</type><type>P</type><body>First in <adverse_event>Thirst</adverse_event>: How <product_name company="PepsiCo-Gatorade">Gatorade</product_name> Turned the Science of Sweat Into a Cultural Phenomenon (Paperback): First in Thirs... http://t.co/RQ8J4zse</body><verb>post</verb><link>http://twitter.com/tecotymuh/statuses/185074356832051200</link><generator><link>http://twitterfeed.com</link><displayName>twitterfeed</displayName></generator><postedTime>2012-03-28T18:42:19.000Z</postedTime><provider><link>http://www.twitter.com</link><displayName>Twitter</displayName><objectType>service</objectType></provider><object><summary>First in Thirst: How Gatorade Turned the Science of Sweat Into a Cultural Phenomenon (Paperback): First in Thirs... http://t.co/RQ8J4zse</summary><id>object:search.twitter.com,2005:185074356832051200</id><link>http://twitter.com/tecotymuh/statuses/185074356832051200</link><postedTime>2012-03-28T18:42:19.000Z</postedTime><objectType>note</objectType></object><actor><summary>It will be as,though I never existed</summary><twitterTimeZone/><friendsCount>170</friendsCount><link>http://www.twitter.com/tecotymuh</link><postedTime>2011-11-21T15:44:30.000Z</postedTime><image>http://a0.twimg.com/profile_images/1684660834/1178_normal.jpg</image><links><links><rel>me</rel><href/></links></links><listedCount>1</listedCount><id>id:twitter.com:417965087</id><languages><languages>en</languages></languages><utcOffset/><followersCount>331</followersCount><preferredUsername>tecotymuh</preferredUsername><displayName>Sadye Dutcher</displayName><statusesCount>12947</statusesCount><objectType>person</objectType></actor><twitter_entities><hashtags/><user_mentions/><urls><urls><indices><indices>116</indices><indices>136</indices></indices><expanded_url>http://amzn.to/wBBtfc</expanded_url><display_url>amzn.to/wBBtfc</display_url><url>http://t.co/RQ8J4zse</url></urls></urls></twitter_entities><objectType>activity</objectType><platform>twitter</platform><posted_date>2012-03-28</posted_date><followers>331</followers><statuses>12947</statuses><region>N.A.</region></marklogic>