<?xml version="1.0" encoding="UTF-8"?>
<marklogic><id>tag:search.twitter.com,2005:185048219670163456</id><type>P</type><type>P</type><body>Quality day, round of golf- I was rubbish.
Sun is shining- but I'm <adverse_event>Burnt</adverse_event>.
Now enjoying some Spiced Rum and <product_name company="Coca Cola">Coke</product_name>.
#goodtimes</body><verb>post</verb><link>http://twitter.com/stumiller82/statuses/185048219670163456</link><generator><link>http://twitter.com/#!/download/iphone</link><displayName>Twitter for iPhone</displayName></generator><postedTime>2012-03-28T16:58:28.000Z</postedTime><provider><link>http://www.twitter.com</link><displayName>Twitter</displayName><objectType>service</objectType></provider><object><summary>Quality day, round of golf- I was rubbish.
Sun is shining- but I'm burnt.
Now enjoying some Spiced Rum and Coke.
#goodtimes</summary><id>object:search.twitter.com,2005:185048219670163456</id><link>http://twitter.com/stumiller82/statuses/185048219670163456</link><postedTime>2012-03-28T16:58:28.000Z</postedTime><objectType>note</objectType></object><actor><summary>Learn from yesterday, live for today, hope for tomorrow. </summary><twitterTimeZone>London</twitterTimeZone><friendsCount>81</friendsCount><location><displayName>ST.NEOTS, cambridgeshire</displayName><objectType>place</objectType></location><link>http://www.twitter.com/stumiller82</link><postedTime>2009-10-05T19:09:04.000Z</postedTime><image>http://a0.twimg.com/profile_images/454482820/stu_normal.jpg</image><links><links><rel>me</rel><href/></links></links><listedCount>0</listedCount><id>id:twitter.com:80100344</id><languages><languages>en</languages></languages><utcOffset>0</utcOffset><followersCount>45</followersCount><preferredUsername>stumiller82</preferredUsername><displayName>stuart miller</displayName><statusesCount>331</statusesCount><objectType>person</objectType></actor><twitter_entities><hashtags><hashtags><text>goodtimes</text><indices><indices>113</indices><indices>123</indices></indices></hashtags></hashtags><urls/><user_mentions/></twitter_entities><objectType>activity</objectType><platform>twitter</platform><posted_date>2012-03-28</posted_date><followers>45</followers><statuses>331</statuses><region>London</region></marklogic>