<?xml version="1.0" encoding="UTF-8"?>
<marklogic><id>tag:search.twitter.com,2005:185060475862654977</id><type>P</type><type>P</type><body><product_name company="Johnson - Johnson">Tylenol</product_name> <adverse_event>Cold</adverse_event> extra strength ingredients http://t.co/7uJbjS9X</body><verb>post</verb><link>http://twitter.com/dexyxyri/statuses/185060475862654977</link><generator><link>http://twitter.com</link><displayName>web</displayName></generator><postedTime>2012-03-28T17:47:10.000Z</postedTime><provider><link>http://www.twitter.com</link><displayName>Twitter</displayName><objectType>service</objectType></provider><object><summary>tylenol cold extra strength ingredients http://t.co/7uJbjS9X</summary><id>object:search.twitter.com,2005:185060475862654977</id><link>http://twitter.com/dexyxyri/statuses/185060475862654977</link><postedTime>2012-03-28T17:47:10.000Z</postedTime><objectType>note</objectType></object><actor><summary>This is me: contemptuous, moldy, passive and indifferent.</summary><twitterTimeZone/><friendsCount>72</friendsCount><location><displayName>US</displayName><objectType>place</objectType></location><link>http://www.twitter.com/dexyxyri</link><postedTime>2011-12-09T09:00:25.000Z</postedTime><image>http://a0.twimg.com/profile_images/1684288442/1679_normal.gif</image><links><links><rel>me</rel><href/></links></links><listedCount>0</listedCount><id>id:twitter.com:432337823</id><languages><languages>en</languages></languages><utcOffset/><followersCount>16</followersCount><preferredUsername>dexyxyri</preferredUsername><displayName>Natsuki Arpur</displayName><statusesCount>448</statusesCount><objectType>person</objectType></actor><twitter_entities><hashtags/><urls><urls><indices><indices>40</indices><indices>60</indices></indices><expanded_url>http://tylenol-cold-extra-strength-ingredients.cheapillsshop.com</expanded_url><display_url>…trength-ingredients.cheapillsshop.com</display_url><url>http://t.co/7uJbjS9X</url></urls></urls><user_mentions/></twitter_entities><objectType>activity</objectType><platform>twitter</platform><posted_date>2012-03-28</posted_date><followers>16</followers><statuses>448</statuses><region>N.A.</region></marklogic>