<?xml version="1.0" encoding="UTF-8"?>
<marklogic><id>tag:search.twitter.com,2005:185069237331705859</id><type>P</type><type>P</type><body>That twix and <product_name company="Hersheys">Reese's</product_name> hit the <adverse_event>Spot</adverse_event></body><verb>post</verb><link>http://twitter.com/MSiDONT_kAR3/statuses/185069237331705859</link><generator><link>http://mobile.twitter.com</link><displayName>Mobile Web</displayName></generator><postedTime>2012-03-28T18:21:59.000Z</postedTime><provider><link>http://www.twitter.com</link><displayName>Twitter</displayName><objectType>service</objectType></provider><object><summary>That twix and reese's hit the spot</summary><id>object:search.twitter.com,2005:185069237331705859</id><link>http://twitter.com/MSiDONT_kAR3/statuses/185069237331705859</link><postedTime>2012-03-28T18:21:59.000Z</postedTime><objectType>note</objectType></object><actor><summary>#TeamMissingYOU #WhoCAres #ISITOVERYET #getOVERit</summary><twitterTimeZone/><friendsCount>61</friendsCount><location><displayName>BLONDESVILLE CITY</displayName><objectType>place</objectType></location><link>http://www.twitter.com/MSiDONT_kAR3</link><postedTime>2012-02-06T06:17:25.000Z</postedTime><image>http://a0.twimg.com/profile_images/1808755102/ME_normal.jpg</image><links><links><rel>me</rel><href/></links></links><listedCount>0</listedCount><id>id:twitter.com:484522318</id><languages><languages>en</languages></languages><utcOffset/><followersCount>39</followersCount><preferredUsername>MSiDONT_kAR3</preferredUsername><displayName>Stalyce Johnson</displayName><statusesCount>480</statusesCount><objectType>person</objectType></actor><twitter_entities><hashtags/><urls/><user_mentions/></twitter_entities><objectType>activity</objectType><platform>twitter</platform><posted_date>2012-03-28</posted_date><followers>39</followers><statuses>480</statuses><region>N.A.</region></marklogic>