<?xml version="1.0" encoding="UTF-8"?>
<marklogic><id>tag:search.twitter.com,2005:185079452118679552</id><type>P</type><type>P</type><body><product_name company="SC Johnson">Shout</product_name> out to my best roomie ever for going to my lax game through the <adverse_event>Cold</adverse_event> and rain?? she da best ??pLrpz</body><verb>post</verb><link>http://twitter.com/faiscajuzs0/statuses/185079452118679552</link><generator><link>http://twitter.com</link><displayName>web</displayName></generator><postedTime>2012-03-28T19:02:34.000Z</postedTime><provider><link>http://www.twitter.com</link><displayName>Twitter</displayName><objectType>service</objectType></provider><object><summary>shout out to my best roomie ever for going to my lax game through the cold and rain?? she da best ??pLrpz</summary><id>object:search.twitter.com,2005:185079452118679552</id><link>http://twitter.com/faiscajuzs0/statuses/185079452118679552</link><postedTime>2012-03-28T19:02:34.000Z</postedTime><objectType>note</objectType></object><actor><summary/><twitterTimeZone>Alaska</twitterTimeZone><friendsCount>39</friendsCount><link>http://www.twitter.com/faiscajuzs0</link><postedTime>2011-10-05T19:52:46.000Z</postedTime><image>http://a0.twimg.com/sticky/default_profile_images/default_profile_0_normal.png</image><links><links><rel>me</rel><href/></links></links><listedCount>0</listedCount><id>id:twitter.com:385602084</id><languages><languages>en</languages></languages><utcOffset>-32400</utcOffset><followersCount>4</followersCount><preferredUsername>faiscajuzs0</preferredUsername><displayName>Faisca Henry</displayName><statusesCount>826</statusesCount><objectType>person</objectType></actor><twitter_entities><hashtags/><user_mentions/><urls/></twitter_entities><objectType>activity</objectType><platform>twitter</platform><posted_date>2012-03-28</posted_date><followers>4</followers><statuses>826</statuses><region>Alaska</region></marklogic>