<?xml version="1.0" encoding="UTF-8"?>
<marklogic><id>tag:search.twitter.com,2005:185068029363761152</id><type>P</type><type>P</type><body>I relieve <adverse_event>Headaches</adverse_event> without <product_name company="Johnson - Johnson">Tylenol</product_name>.....</body><verb>post</verb><link>http://twitter.com/JohnnyP_duh/statuses/185068029363761152</link><generator><link>http://www.echofon.com/</link><displayName>Echofon</displayName></generator><postedTime>2012-03-28T18:17:11.000Z</postedTime><provider><link>http://www.twitter.com</link><displayName>Twitter</displayName><objectType>service</objectType></provider><object><summary>I relieve headaches without Tylenol.....</summary><id>object:search.twitter.com,2005:185068029363761152</id><link>http://twitter.com/JohnnyP_duh/statuses/185068029363761152</link><postedTime>2012-03-28T18:17:11.000Z</postedTime><objectType>note</objectType></object><actor><summary>I ain't to tatted bt ill b remembered like one.... #TeamIPhone4 #TeamSkinnyNicca #TeamMamiHeats #TeamDiamondJacks</summary><twitterTimeZone/><friendsCount>432</friendsCount><link>http://www.twitter.com/JohnnyP_duh</link><postedTime>2011-05-16T19:10:45.000Z</postedTime><image>http://a0.twimg.com/profile_images/1951491777/JohnnyP_duh_normal.jpg</image><links><links><rel>me</rel><href/></links></links><listedCount>0</listedCount><id>id:twitter.com:299833364</id><languages><languages>en</languages></languages><utcOffset/><followersCount>542</followersCount><preferredUsername>JohnnyP_duh</preferredUsername><displayName>Johnny Pizzle.......</displayName><statusesCount>9056</statusesCount><objectType>person</objectType></actor><twitter_entities><hashtags/><user_mentions/><urls/></twitter_entities><objectType>activity</objectType><platform>twitter</platform><posted_date>2012-03-28</posted_date><followers>542</followers><statuses>9056</statuses><region>N.A.</region></marklogic>