<?xml version="1.0" encoding="UTF-8"?>
<marklogic><id>tag:search.twitter.com,2005:185057678454833152</id><type>P</type><type>P</type><body>at this precise moment all i want is a <adverse_event>Cold</adverse_event> drink and a can of <product_name company="N.A.">Green giant</product_name> sweetcorn #sonotweird</body><verb>post</verb><link>http://twitter.com/elliedawkins/statuses/185057678454833152</link><generator><link>http://twitter.com/download/android</link><displayName>Twitter for Android</displayName></generator><postedTime>2012-03-28T17:36:03.000Z</postedTime><provider><link>http://www.twitter.com</link><displayName>Twitter</displayName><objectType>service</objectType></provider><object><summary>at this precise moment all i want is a cold drink and a can of green giant sweetcorn #sonotweird</summary><id>object:search.twitter.com,2005:185057678454833152</id><link>http://twitter.com/elliedawkins/statuses/185057678454833152</link><postedTime>2012-03-28T17:36:03.000Z</postedTime><objectType>note</objectType></object><actor><summary>bournemouth uni event management graduate with a passion for music, live performance, stationary and lower case letters!</summary><twitterTimeZone>London</twitterTimeZone><friendsCount>816</friendsCount><location><displayName>Bournemouth / Reading / Essex</displayName><objectType>place</objectType></location><link>http://www.twitter.com/elliedawkins</link><postedTime>2010-11-30T12:49:38.000Z</postedTime><image>http://a0.twimg.com/profile_images/1350460485/75138_10150295984620613_828870612_15400054_5337721_n_normal.jpg</image><links><links><rel>me</rel><href/></links></links><listedCount>1</listedCount><id>id:twitter.com:221354804</id><languages><languages>en</languages></languages><utcOffset>0</utcOffset><followersCount>191</followersCount><preferredUsername>elliedawkins</preferredUsername><displayName>Ellie Dawkins</displayName><statusesCount>410</statusesCount><objectType>person</objectType></actor><twitter_entities><hashtags><hashtags><text>sonotweird</text><indices><indices>85</indices><indices>96</indices></indices></hashtags></hashtags><urls/><user_mentions/></twitter_entities><objectType>activity</objectType><platform>twitter</platform><posted_date>2012-03-28</posted_date><followers>191</followers><statuses>410</statuses><region>London</region></marklogic>