<?xml version="1.0" encoding="UTF-8"?>
<marklogic><id>tag:search.twitter.com,2005:187151782940651520</id><type>P</type><type>P</type><body> Alcohol Free <product_name company="P&amp;G">Nyquil</product_name> <adverse_event>Cold</adverse_event> and <adverse_event>Flu</adverse_event> Multi-symptom, Night time Relief Liquid, Soothing Berry Flavor, 10-Ounces... http://t.co/1xiaxnTP</body><verb>post</verb><link>http://twitter.com/Parispreliterat/statuses/187151782940651520</link><generator><link>http://twitterfeed.com</link><displayName>twitterfeed</displayName></generator><postedTime>2012-04-03T12:17:16.000Z</postedTime><provider><link>http://www.twitter.com</link><displayName>Twitter</displayName><objectType>service</objectType></provider><object><summary>Vicks Alcohol Free Nyquil Cold and Flu Multi-symptom, Night time Relief Liquid, Soothing Berry Flavor, 10-Ounces... http://t.co/1xiaxnTP</summary><id>object:search.twitter.com,2005:187151782940651520</id><link>http://twitter.com/Parispreliterat/statuses/187151782940651520</link><postedTime>2012-04-03T12:17:16.000Z</postedTime><objectType>note</objectType></object><actor><summary/><twitterTimeZone/><friendsCount>0</friendsCount><link>http://www.twitter.com/Parispreliterat</link><postedTime>2012-03-14T16:57:11.000Z</postedTime><image>http://a0.twimg.com/sticky/default_profile_images/default_profile_0_normal.png</image><links><links><rel>me</rel><href/></links></links><listedCount>1</listedCount><id>id:twitter.com:524528970</id><languages><languages>en</languages></languages><utcOffset/><followersCount>283</followersCount><preferredUsername>Parispreliterat</preferredUsername><displayName>Paris Dillin</displayName><statusesCount>14622</statusesCount><objectType>person</objectType></actor><twitter_entities><hashtags/><urls><urls><indices><indices>116</indices><indices>136</indices></indices><expanded_url>http://amzn.to/HGnOkK</expanded_url><display_url>amzn.to/HGnOkK</display_url><url>http://t.co/1xiaxnTP</url></urls></urls><user_mentions/></twitter_entities><objectType>activity</objectType><platform>twitter</platform><posted_date>2012-04-03</posted_date><followers>283</followers><statuses>14622</statuses><region>N.A.</region></marklogic>