<?xml version="1.0" encoding="UTF-8"?>
<marklogic><id>tag:search.twitter.com,2005:185041701189062656</id><type>P</type><type>P</type><inReplyTo><link>http://twitter.com/MongolianGnome/statuses/185039189014888448</link></inReplyTo><body>@MongolianGnome Will be very pissed if lose <product_name company="SC Johnson">Raid</product_name> <adverse_event>Spots</adverse_event> because of that, just saying.</body><verb>post</verb><link>http://twitter.com/TrueScopes/statuses/185041701189062656</link><generator><link>http://twitter.com</link><displayName>web</displayName></generator><postedTime>2012-03-28T16:32:34.000Z</postedTime><provider><link>http://www.twitter.com</link><displayName>Twitter</displayName><objectType>service</objectType></provider><object><summary>@MongolianGnome Will be very pissed if lose raid spots because of that, just saying.</summary><id>object:search.twitter.com,2005:185041701189062656</id><link>http://twitter.com/TrueScopes/statuses/185041701189062656</link><postedTime>2012-03-28T16:32:34.000Z</postedTime><objectType>note</objectType></object><actor><summary>Machinima Director.</summary><twitterTimeZone/><friendsCount>166</friendsCount><location><displayName>Dno.</displayName><objectType>place</objectType></location><link>http://www.twitter.com/TrueScopes</link><postedTime>2009-10-12T13:46:21.000Z</postedTime><image>http://a0.twimg.com/profile_images/1016093994/TrueScopes_-_YT_-_pic3_normal.jpg</image><links><links><rel>me</rel><href>http://www.youtube.com/TrueScopes</href></links></links><listedCount>3</listedCount><id>id:twitter.com:81845489</id><languages><languages>en</languages></languages><utcOffset/><followersCount>1969</followersCount><preferredUsername>TrueScopes</preferredUsername><displayName>Brian</displayName><statusesCount>6816</statusesCount><objectType>person</objectType></actor><twitter_entities><hashtags/><user_mentions><user_mentions><indices><indices>0</indices><indices>15</indices></indices><name>John.</name><id_str>112807152</id_str><id>112807152</id><screen_name>MongolianGnome</screen_name></user_mentions></user_mentions><urls/></twitter_entities><objectType>activity</objectType><platform>twitter</platform><posted_date>2012-03-28</posted_date><followers>1969</followers><statuses>6816</statuses><region>N.A.</region></marklogic>