<?xml version="1.0" encoding="UTF-8"?>
<marklogic><id>tag:search.twitter.com,2005:185078472190857216</id><type>P</type><type>P</type><body>There is nothing like an ice <adverse_event>Cold</adverse_event> <product_name company="Coca Cola">Coke</product_name>-a-cola in a can.  Well done USA !</body><verb>post</verb><link>http://twitter.com/XtopherAlan/statuses/185078472190857216</link><generator><link>http://twitter.com/#!/download/iphone</link><displayName>Twitter for iPhone</displayName></generator><postedTime>2012-03-28T18:58:41.000Z</postedTime><provider><link>http://www.twitter.com</link><displayName>Twitter</displayName><objectType>service</objectType></provider><object><summary>There is nothing like an ice cold coke-a-cola in a can.  Well done USA !</summary><id>object:search.twitter.com,2005:185078472190857216</id><link>http://twitter.com/XtopherAlan/statuses/185078472190857216</link><postedTime>2012-03-28T18:58:41.000Z</postedTime><objectType>note</objectType></object><actor><summary>n y l k o o r b // absorbing s t u f f // tryin' to design things // learning ALWAYS learning </summary><twitterTimeZone>Hawaii</twitterTimeZone><friendsCount>126</friendsCount><location><displayName>Brooklyn, NY</displayName><objectType>place</objectType></location><link>http://www.twitter.com/XtopherAlan</link><postedTime>2008-04-24T16:21:53.000Z</postedTime><image>http://a0.twimg.com/profile_images/1861760542/image_normal.jpg</image><links><links><rel>me</rel><href>http://www.flickr.com/photos/viciousonfilm/</href></links></links><listedCount>1</listedCount><id>id:twitter.com:14513845</id><languages><languages>en</languages></languages><utcOffset>-36000</utcOffset><followersCount>86</followersCount><preferredUsername>XtopherAlan</preferredUsername><displayName>christopher </displayName><statusesCount>2326</statusesCount><objectType>person</objectType></actor><twitter_entities><hashtags/><user_mentions/><urls/></twitter_entities><objectType>activity</objectType><platform>twitter</platform><posted_date>2012-03-28</posted_date><followers>86</followers><statuses>2326</statuses><region>Hawaii</region></marklogic>