<?xml version="1.0" encoding="UTF-8"?>
<marklogic><id>tag:search.twitter.com,2005:185045266234212353</id><type>P</type><type>P</type><body>Fuck! I want iceccream.....ice block..... <adverse_event>Cold</adverse_event> chocolate....and <adverse_event>Cold</adverse_event> <product_name company="GlaxoSmithKline">Ribena</product_name>....."*sad much*</body><verb>post</verb><link>http://twitter.com/summerboo7/statuses/185045266234212353</link><generator><link>http://blackberry.com/twitter</link><displayName>Twitter for BlackBerry®</displayName></generator><postedTime>2012-03-28T16:46:44.000Z</postedTime><provider><link>http://www.twitter.com</link><displayName>Twitter</displayName><objectType>service</objectType></provider><object><summary>Fuck! I want iceccream.....ice block..... Cold chocolate....and cold ribena....."*sad much*</summary><id>object:search.twitter.com,2005:185045266234212353</id><link>http://twitter.com/summerboo7/statuses/185045266234212353</link><postedTime>2012-03-28T16:46:44.000Z</postedTime><objectType>note</objectType></object><actor><summary>Old enuf 2 b beta, 2 young 2 give a FORK*BITE ME*</summary><twitterTimeZone/><friendsCount>102</friendsCount><location><displayName>In ur HEAD!!!!!!!!</displayName><objectType>place</objectType></location><link>http://www.twitter.com/summerboo7</link><postedTime>2010-09-25T01:19:52.000Z</postedTime><image>http://a0.twimg.com/profile_images/1890816387/kiki1_normal.jpg</image><links><links><rel>me</rel><href/></links></links><listedCount>0</listedCount><id>id:twitter.com:194806470</id><languages><languages>en</languages></languages><utcOffset/><followersCount>178</followersCount><preferredUsername>summerboo7</preferredUsername><displayName>Ij®</displayName><statusesCount>4788</statusesCount><objectType>person</objectType></actor><twitter_entities><hashtags/><urls/><user_mentions/></twitter_entities><objectType>activity</objectType><platform>twitter</platform><posted_date>2012-03-28</posted_date><followers>178</followers><statuses>4788</statuses><region>N.A.</region></marklogic>