<?xml version="1.0" encoding="UTF-8"?>
<marklogic><id>tag:search.twitter.com,2005:185074744788398080</id><type>P</type><type>P</type><body>“@Team_LP: RT @LeadByEXAMPLE_: HBK &amp;gt;  ... The FINEST Nigga In Michigan!.....*\_/...heres a cup for that <adverse_event>Thirst</adverse_event> lmao” Drinks <product_name company="PepsiCo-Gatorade">Gatorade</product_name>!</body><verb>post</verb><link>http://twitter.com/LeadByEXAMPLE_/statuses/185074744788398080</link><generator><link>http://twitter.com/#!/download/iphone</link><displayName>Twitter for iPhone</displayName></generator><postedTime>2012-03-28T18:43:52.000Z</postedTime><provider><link>http://www.twitter.com</link><displayName>Twitter</displayName><objectType>service</objectType></provider><object><summary>“@Team_LP: RT @LeadByEXAMPLE_: HBK &amp;gt;  ... The FINEST Nigga In Michigan!.....*\_/...heres a cup for that thirst lmao” Drinks Gatorade!</summary><id>object:search.twitter.com,2005:185074744788398080</id><link>http://twitter.com/LeadByEXAMPLE_/statuses/185074744788398080</link><postedTime>2012-03-28T18:43:52.000Z</postedTime><objectType>note</objectType></object><actor><summary>Death Before Dishonor, I'll Never Tell!  Tricey'O </summary><twitterTimeZone>Atlantic Time (Canada)</twitterTimeZone><friendsCount>255</friendsCount><location><displayName>2 3 1 . . . PLUTO</displayName><objectType>place</objectType></location><link>http://www.twitter.com/LeadByEXAMPLE_</link><postedTime>2012-03-11T05:50:41.000Z</postedTime><image>http://a0.twimg.com/profile_images/1954696329/image_normal.jpg</image><links><links><rel>me</rel><href/></links></links><listedCount>0</listedCount><id>id:twitter.com:521049590</id><languages><languages>en</languages></languages><utcOffset>-14400</utcOffset><followersCount>272</followersCount><preferredUsername>LeadByEXAMPLE_</preferredUsername><displayName>Oneeeee </displayName><statusesCount>2952</statusesCount><objectType>person</objectType></actor><twitter_entities><hashtags/><user_mentions><user_mentions><indices><indices>1</indices><indices>9</indices></indices><id_str>176300593</id_str><name>Landus--Mays Gilliam</name><id>176300593</id><screen_name>Team_LP</screen_name></user_mentions><user_mentions><indices><indices>14</indices><indices>29</indices></indices><id_str>521049590</id_str><name>Oneeeee </name><id>521049590</id><screen_name>LeadByEXAMPLE_</screen_name></user_mentions></user_mentions><urls/></twitter_entities><objectType>activity</objectType><platform>twitter</platform><posted_date>2012-03-28</posted_date><followers>272</followers><statuses>2952</statuses><region>Atlantic</region></marklogic>