<?xml version="1.0" encoding="UTF-8"?>
<marklogic><id>tag:search.twitter.com,2005:185072869171134465</id><type>P</type><type>P</type><body>My tweets are hot like a <product_name company="P&amp;G">Comet</product_name>, 
they so sick it's like I'm tweeting <adverse_event>Vomit</adverse_event>,
they sick like disease
ain't that grilled cheese</body><verb>post</verb><link>http://twitter.com/Ktharrisjr/statuses/185072869171134465</link><generator><link>http://twitter.com</link><displayName>web</displayName></generator><postedTime>2012-03-28T18:36:25.000Z</postedTime><provider><link>http://www.twitter.com</link><displayName>Twitter</displayName><objectType>service</objectType></provider><object><summary>My tweets are hot like a comet, 
they so sick it's like I'm tweeting vomit,
they sick like disease
ain't that grilled cheese</summary><id>object:search.twitter.com,2005:185072869171134465</id><link>http://twitter.com/Ktharrisjr/statuses/185072869171134465</link><postedTime>2012-03-28T18:36:25.000Z</postedTime><objectType>note</objectType></object><actor><summary>I've been an alien from another planet my entire life.  Maybe I'll fit in here on Twitter.</summary><twitterTimeZone/><friendsCount>0</friendsCount><location><displayName>everywhere</displayName><objectType>place</objectType></location><link>http://www.twitter.com/Ktharrisjr</link><postedTime>2011-03-21T23:36:52.000Z</postedTime><image>http://a0.twimg.com/profile_images/1973477016/buddha_normal.jpg</image><links><links><rel>me</rel><href/></links></links><listedCount>0</listedCount><id>id:twitter.com:270079963</id><languages><languages>en</languages></languages><utcOffset/><followersCount>8</followersCount><preferredUsername>Ktharrisjr</preferredUsername><displayName>Kent Harris Jr</displayName><statusesCount>0</statusesCount><objectType>person</objectType></actor><twitter_entities><hashtags/><user_mentions/><urls/></twitter_entities><objectType>activity</objectType><platform>twitter</platform><posted_date>2012-03-28</posted_date><followers>8</followers><statuses>0</statuses><region>N.A.</region></marklogic>