<?xml version="1.0" encoding="UTF-8"?>
<marklogic><id>tag:search.twitter.com,2005:185037863631601664</id><type>P</type><type>P</type><body>Ew i smell like , <adverse_event>Cough</adverse_event> syrup, , &amp; medicated <product_name company="N.A.">Chapstick</product_name>. Lmao my sickness needs to go away it's been too long</body><verb>post</verb><link>http://twitter.com/loveleemariah/statuses/185037863631601664</link><generator><link>http://mobile.twitter.com</link><displayName>Mobile Web</displayName></generator><postedTime>2012-03-28T16:17:19.000Z</postedTime><provider><link>http://www.twitter.com</link><displayName>Twitter</displayName><objectType>service</objectType></provider><object><summary>Ew i smell like vicks, cough syrup, halls, &amp; medicated chapstick. Lmao my sickness needs to go away it's been too long</summary><id>object:search.twitter.com,2005:185037863631601664</id><link>http://twitter.com/loveleemariah/statuses/185037863631601664</link><postedTime>2012-03-28T16:17:19.000Z</postedTime><objectType>note</objectType></object><actor><summary>NHS. October 23. Scorpio. Always lookin on the brighter side of life.</summary><twitterTimeZone>Pacific Time (US &amp; Canada)</twitterTimeZone><friendsCount>183</friendsCount><link>http://www.twitter.com/loveleemariah</link><postedTime>2011-11-05T04:23:33.000Z</postedTime><image>http://a0.twimg.com/profile_images/1871474663/IMG-20120303-02851_normal.jpg</image><links><links><rel>me</rel><href/></links></links><listedCount>0</listedCount><id>id:twitter.com:405313780</id><languages><languages>en</languages></languages><utcOffset>-28800</utcOffset><followersCount>321</followersCount><preferredUsername>loveleemariah</preferredUsername><displayName>Mariah Areanna</displayName><statusesCount>3445</statusesCount><objectType>person</objectType></actor><twitter_entities><hashtags/><urls/><user_mentions/></twitter_entities><objectType>activity</objectType><platform>twitter</platform><posted_date>2012-03-28</posted_date><followers>321</followers><statuses>3445</statuses><region>Pacific</region></marklogic>