<?xml version="1.0" encoding="UTF-8"?>
<marklogic><id>tag:search.twitter.com,2005:185048539544567808</id><type>P</type><type>P</type><body>On that <product_name company="Wyeth">Advil</product_name> + other drugs to break this <adverse_event>Flu</adverse_event> tip.</body><verb>post</verb><link>http://twitter.com/_asiyaasaffee/statuses/185048539544567808</link><generator><link>http://twitter.com/#!/download/iphone</link><displayName>Twitter for iPhone</displayName></generator><postedTime>2012-03-28T16:59:44.000Z</postedTime><provider><link>http://www.twitter.com</link><displayName>Twitter</displayName><objectType>service</objectType></provider><object><summary>On that Advil + other drugs to break this flu tip.</summary><id>object:search.twitter.com,2005:185048539544567808</id><link>http://twitter.com/_asiyaasaffee/statuses/185048539544567808</link><postedTime>2012-03-28T16:59:44.000Z</postedTime><objectType>note</objectType></object><actor><summary>ɑsiyɑ sɑffee; welcome to my world. </summary><twitterTimeZone>Quito</twitterTimeZone><friendsCount>112</friendsCount><location><displayName>Cambridge, Ontario</displayName><objectType>place</objectType></location><link>http://www.twitter.com/_asiyaasaffee</link><postedTime>2011-06-08T02:46:18.000Z</postedTime><image>http://a0.twimg.com/profile_images/1897777479/image_normal.jpg</image><links><links><rel>me</rel><href>http://moneyfameandsuccessxo.tumblr.com/</href></links></links><listedCount>0</listedCount><id>id:twitter.com:313059035</id><languages><languages>en</languages></languages><utcOffset>-18000</utcOffset><followersCount>126</followersCount><preferredUsername>_asiyaasaffee</preferredUsername><displayName>asiya saffee ❌⭕</displayName><statusesCount>8463</statusesCount><objectType>person</objectType></actor><twitter_entities><user_mentions/><hashtags/><urls/></twitter_entities><objectType>activity</objectType><platform>twitter</platform><posted_date>2012-03-28</posted_date><followers>126</followers><statuses>8463</statuses><region>Quito</region></marklogic>