<?xml version="1.0" encoding="UTF-8"?>
<marklogic><id>tag:search.twitter.com,2005:185043810097692672</id><type>P</type><type>P</type><inReplyTo><link>http://twitter.com/JayMeW/statuses/185042652343967744</link></inReplyTo><body>@JayMeW they have got better since using <product_name company="N.A.">Clean and clear</product_name> I've just got a few teenage <adverse_event>Spots</adverse_event> above my lip which makes them painful to squeeze!</body><verb>post</verb><link>http://twitter.com/hanforshort/statuses/185043810097692672</link><generator><link>http://blackberry.com/twitter</link><displayName>Twitter for BlackBerry®</displayName></generator><postedTime>2012-03-28T16:40:56.000Z</postedTime><provider><link>http://www.twitter.com</link><displayName>Twitter</displayName><objectType>service</objectType></provider><object><summary>@JayMeW they have got better since using clean and clear I've just got a few teenage spots above my lip which makes them painful to squeeze!</summary><id>object:search.twitter.com,2005:185043810097692672</id><link>http://twitter.com/hanforshort/statuses/185043810097692672</link><postedTime>2012-03-28T16:40:56.000Z</postedTime><objectType>note</objectType></object><actor><summary>my tweets may include some form of sarcasm and if you watch friends, i will like you </summary><twitterTimeZone/><friendsCount>147</friendsCount><location><displayName>England</displayName><objectType>place</objectType></location><link>http://www.twitter.com/hanforshort</link><postedTime>2011-08-11T16:36:29.000Z</postedTime><image>http://a0.twimg.com/profile_images/1854881107/Photo_00017_normal.jpg</image><links><links><rel>me</rel><href>http://www.twitter.com/hanforshort</href></links></links><listedCount>0</listedCount><id>id:twitter.com:353149634</id><languages><languages>en</languages></languages><utcOffset/><followersCount>147</followersCount><preferredUsername>hanforshort</preferredUsername><displayName>Hannah Ogden</displayName><statusesCount>1065</statusesCount><objectType>person</objectType></actor><twitter_entities><hashtags/><urls/><user_mentions><user_mentions><indices><indices>0</indices><indices>7</indices></indices><id_str>20387505</id_str><name>Jay</name><id>20387505</id><screen_name>JayMeW</screen_name></user_mentions></user_mentions></twitter_entities><objectType>activity</objectType><platform>twitter</platform><posted_date>2012-03-28</posted_date><followers>147</followers><statuses>1065</statuses><region>N.A.</region></marklogic>