<?xml version="1.0" encoding="UTF-8"?>
<marklogic><id>tag:search.twitter.com,2005:185033313625456641</id><type>P</type><type>P</type><inReplyTo><link>http://twitter.com/Juicy_la_Viva/statuses/185032693292081152</link></inReplyTo><body>@Juicy_la_<product_name company="GlaxoSmithKline">Viva</product_name> awh ok....we be here since sumday if the <adverse_event>Fevers</adverse_event> go away she will go home today</body><verb>post</verb><link>http://twitter.com/YupImTwatchin/statuses/185033313625456641</link><generator><link>http://twidroyd.com</link><displayName>Twidroyd for Android</displayName></generator><postedTime>2012-03-28T15:59:14.000Z</postedTime><provider><link>http://www.twitter.com</link><displayName>Twitter</displayName><objectType>service</objectType></provider><object><summary>@Juicy_la_Viva awh ok....we be here since sumday if the fevers go away she will go home today</summary><id>object:search.twitter.com,2005:185033313625456641</id><link>http://twitter.com/YupImTwatchin/statuses/185033313625456641</link><postedTime>2012-03-28T15:59:14.000Z</postedTime><objectType>note</objectType></object><actor><summary>
#TEAMZANIAHANDZHANE'&#13;
#DATBITCHTINKA&#13;
WTF TINKA SAYS GO&#13;
#GETYUROWNDICKSTOPRIDINGMINE</summary><twitterTimeZone>Mountain Time (US &amp; Canada)</twitterTimeZone><friendsCount>589</friendsCount><location><displayName>D.C</displayName><objectType>place</objectType></location><link>http://www.twitter.com/YupImTwatchin</link><postedTime>2010-12-23T20:20:02.000Z</postedTime><image>http://a0.twimg.com/profile_images/1792250320/371792_1091880119_1494832821_n_normal.jpg</image><links><links><rel>me</rel><href/></links></links><listedCount>2</listedCount><id>id:twitter.com:229951244</id><languages><languages>en</languages></languages><utcOffset>-25200</utcOffset><followersCount>429</followersCount><preferredUsername>YupImTwatchin</preferredUsername><displayName>dat bitch Pussy pop</displayName><statusesCount>10094</statusesCount><objectType>person</objectType></actor><twitter_entities><hashtags/><user_mentions><user_mentions><indices><indices>0</indices><indices>14</indices></indices><name>JuicySweet</name><id_str>160711932</id_str><id>160711932</id><screen_name>Juicy_la_Viva</screen_name></user_mentions></user_mentions><urls/></twitter_entities><objectType>activity</objectType><platform>twitter</platform><posted_date>2012-03-28</posted_date><followers>429</followers><statuses>10094</statuses><region>Mountain</region></marklogic>