<?xml version="1.0" encoding="UTF-8"?>
<marklogic><id>tag:search.twitter.com,2005:185081289613914113</id><type>P</type><type>P</type><inReplyTo><link>http://twitter.com/Muerte75/statuses/185075399171112960</link></inReplyTo><body>@Muerte75 she'll catch a <adverse_event>Cold</adverse_event> wandering round with them hanging out, although I reckon you'd offer to rub some <product_name company="P&amp;G">Vicks</product_name> on her chest!!</body><verb>post</verb><link>http://twitter.com/MrsAngel2010/statuses/185081289613914113</link><generator><link>http://twitter.com/#!/download/iphone</link><displayName>Twitter for iPhone</displayName></generator><postedTime>2012-03-28T19:09:52.000Z</postedTime><provider><link>http://www.twitter.com</link><displayName>Twitter</displayName><objectType>service</objectType></provider><object><summary>@Muerte75 she'll catch a cold wandering round with them hanging out, although I reckon you'd offer to rub some Vicks on her chest!!</summary><id>object:search.twitter.com,2005:185081289613914113</id><link>http://twitter.com/MrsAngel2010/statuses/185081289613914113</link><postedTime>2012-03-28T19:09:52.000Z</postedTime><objectType>note</objectType></object><actor><summary>Married for a year to my best friend who happens to be the love of my life x</summary><twitterTimeZone>London</twitterTimeZone><friendsCount>90</friendsCount><location><displayName>Hertfordshire</displayName><objectType>place</objectType></location><link>http://www.twitter.com/MrsAngel2010</link><postedTime>2010-01-10T13:37:31.000Z</postedTime><image>http://a0.twimg.com/profile_images/1668489208/8614fa3d-7adb-4920-904f-14f2162ba14e_normal.png</image><links><links><rel>me</rel><href>http://www.cazanddarren.weddingpath.co.uk</href></links></links><listedCount>0</listedCount><id>id:twitter.com:103569843</id><languages><languages>en</languages></languages><utcOffset>0</utcOffset><followersCount>62</followersCount><preferredUsername>MrsAngel2010</preferredUsername><displayName>Caz Angel</displayName><statusesCount>1319</statusesCount><objectType>person</objectType></actor><twitter_entities><hashtags/><urls/><user_mentions><user_mentions><indices><indices>0</indices><indices>9</indices></indices><id_str>211623934</id_str><name>David Corry</name><id>211623934</id><screen_name>Muerte75</screen_name></user_mentions></user_mentions></twitter_entities><objectType>activity</objectType><platform>twitter</platform><posted_date>2012-03-28</posted_date><followers>62</followers><statuses>1319</statuses><region>London</region></marklogic>