<?xml version="1.0" encoding="UTF-8"?>
<marklogic><id>tag:search.twitter.com,2005:185066451550474240</id><type>P</type><type>P</type><body>He's like <adverse_event>Cold</adverse_event> coffee in the morning an I'm still drunk  last nights whisky an <product_name company="Coca Cola">Coke</product_name>,he'll make u <adverse_event>Shiver</adverse_event> without warning.</body><verb>post</verb><link>http://twitter.com/ChelseaKennedy2/statuses/185066451550474240</link><generator><link>http://blackberry.com/twitter</link><displayName>Twitter for BlackBerry®</displayName></generator><postedTime>2012-03-28T18:10:55.000Z</postedTime><provider><link>http://www.twitter.com</link><displayName>Twitter</displayName><objectType>service</objectType></provider><object><summary>He's like cold coffee in the morning an I'm still drunk off last nights whisky an coke,he'll make u shiver without warning.</summary><id>object:search.twitter.com,2005:185066451550474240</id><link>http://twitter.com/ChelseaKennedy2/statuses/185066451550474240</link><postedTime>2012-03-28T18:10:55.000Z</postedTime><objectType>note</objectType></object><actor><summary>Hi I'm chelsea and I fricken love Katy Perry. One direction are pretty flyy:D</summary><twitterTimeZone/><friendsCount>143</friendsCount><link>http://www.twitter.com/ChelseaKennedy2</link><postedTime>2011-12-14T18:39:41.000Z</postedTime><image>http://a0.twimg.com/profile_images/1978954500/IMG-20120328-01948_1_normal.jpg</image><links><links><rel>me</rel><href/></links></links><listedCount>0</listedCount><id>id:twitter.com:436908018</id><languages><languages>en</languages></languages><utcOffset/><followersCount>156</followersCount><preferredUsername>ChelseaKennedy2</preferredUsername><displayName>Chelsea!:D</displayName><statusesCount>1487</statusesCount><objectType>person</objectType></actor><twitter_entities><hashtags/><user_mentions/><urls/></twitter_entities><objectType>activity</objectType><platform>twitter</platform><posted_date>2012-03-28</posted_date><followers>156</followers><statuses>1487</statuses><region>N.A.</region></marklogic>