<?xml version="1.0" encoding="UTF-8"?>
<marklogic><id>tag:search.twitter.com,2005:185036784709804032</id><type>P</type><type>P</type><body>RT @VagabondList: Spring <adverse_event>Fever</adverse_event>? <product_name company="Unilever">Surf</product_name> Portugal. [video] http://t.co/Onp1jzqQ #travel</body><verb>post</verb><link>http://twitter.com/LordWilliam/statuses/185036784709804032</link><generator><link>http://www.tweetdeck.com</link><displayName>TweetDeck</displayName></generator><postedTime>2012-03-28T16:13:01.000Z</postedTime><provider><link>http://www.twitter.com</link><displayName>Twitter</displayName><objectType>service</objectType></provider><object><summary>RT @VagabondList: Spring fever? Surf Portugal. [video] http://t.co/Onp1jzqQ #travel</summary><id>object:search.twitter.com,2005:185036784709804032</id><link>http://twitter.com/LordWilliam/statuses/185036784709804032</link><postedTime>2012-03-28T16:13:01.000Z</postedTime><objectType>note</objectType></object><actor><summary>I like a good drink, I love my girl and I headlight camp. Dogs are cool too. #campwell </summary><twitterTimeZone>Mountain Time (US &amp; Canada)</twitterTimeZone><friendsCount>1061</friendsCount><location><displayName>Denver, CO</displayName><objectType>place</objectType></location><link>http://www.twitter.com/LordWilliam</link><postedTime>2008-12-05T18:14:38.000Z</postedTime><image>http://a0.twimg.com/profile_images/1848676407/Will_normal.jpg</image><links><links><rel>me</rel><href>http://campwell.tumblr.com</href></links></links><listedCount>89</listedCount><id>id:twitter.com:17903626</id><languages><languages>en</languages></languages><utcOffset>-25200</utcOffset><followersCount>1449</followersCount><preferredUsername>LordWilliam</preferredUsername><displayName>W. G. P.</displayName><statusesCount>17275</statusesCount><objectType>person</objectType></actor><twitter_entities><hashtags><hashtags><text>travel</text><indices><indices>76</indices><indices>83</indices></indices></hashtags></hashtags><user_mentions><user_mentions><indices><indices>3</indices><indices>16</indices></indices><name>Vagabond List</name><id_str>263357629</id_str><id>263357629</id><screen_name>VagabondList</screen_name></user_mentions></user_mentions><urls><urls><indices><indices>55</indices><indices>75</indices></indices><expanded_url>http://bit.ly/HeQY5q</expanded_url><display_url>bit.ly/HeQY5q</display_url><url>http://t.co/Onp1jzqQ</url></urls></urls></twitter_entities><objectType>activity</objectType><platform>twitter</platform><posted_date>2012-03-28</posted_date><followers>1449</followers><statuses>17275</statuses><region>Mountain</region></marklogic>