<?xml version="1.0" encoding="UTF-8"?>
<marklogic><id>tag:search.twitter.com,2005:185057827155488768</id><type>P</type><type>P</type><body>Look at that...Had a large coffee and a <product_name company="PepsiCo-Gatorade">Gatorade</product_name> and my <adverse_event>Headache</adverse_event> is gone....not the <adverse_event>Nausea</adverse_event> but no pain!!</body><verb>post</verb><link>http://twitter.com/ilikehotdaddies/statuses/185057827155488768</link><generator><link>http://twitter.com</link><displayName>web</displayName></generator><postedTime>2012-03-28T17:36:38.000Z</postedTime><provider><link>http://www.twitter.com</link><displayName>Twitter</displayName><objectType>service</objectType></provider><object><summary>Look at that...Had a large coffee and a Gatorade and my headache is gone....not the nausea but no pain!!</summary><id>object:search.twitter.com,2005:185057827155488768</id><link>http://twitter.com/ilikehotdaddies/statuses/185057827155488768</link><postedTime>2012-03-28T17:36:38.000Z</postedTime><objectType>note</objectType></object><actor><summary>Listen, whatever you do and say is my business. </summary><twitterTimeZone>Eastern Time (US &amp; Canada)</twitterTimeZone><friendsCount>526</friendsCount><location><displayName>Canada, eh?</displayName><objectType>place</objectType></location><link>http://www.twitter.com/ilikehotdaddies</link><postedTime>2010-05-14T05:12:36.000Z</postedTime><image>http://a0.twimg.com/profile_images/1871204909/b173b05ec04b2957900466d6eee3dd16ddd49935_wmeg_normal.jpg</image><links><links><rel>me</rel><href/></links></links><listedCount>4</listedCount><id>id:twitter.com:143702395</id><languages><languages>en</languages></languages><utcOffset>-18000</utcOffset><followersCount>140</followersCount><preferredUsername>ilikehotdaddies</preferredUsername><displayName>Nikki</displayName><statusesCount>2000</statusesCount><objectType>person</objectType></actor><twitter_entities><hashtags/><user_mentions/><urls/></twitter_entities><objectType>activity</objectType><platform>twitter</platform><posted_date>2012-03-28</posted_date><followers>140</followers><statuses>2000</statuses><region>Eastern</region></marklogic>