<?xml version="1.0" encoding="UTF-8"?>
<marklogic><id>tag:search.twitter.com,2005:185057996672475136</id><type>P</type><type>P</type><inReplyTo><link>http://twitter.com/QUASHA_IVORY/statuses/185031476662898688</link></inReplyTo><body>@QUASHA_<product_name company="N.A.">IVORY</product_name> Comedy Video about Thirsty Niggaz "THE <adverse_event>THIRST</adverse_event> IS REAL" : http://t.co/QVvMeIbQ via @youtube Subscribe and Enjoy!!!</body><verb>post</verb><link>http://twitter.com/I_HATE_VA/statuses/185057996672475136</link><generator><link>http://twitter.com</link><displayName>web</displayName></generator><postedTime>2012-03-28T17:37:19.000Z</postedTime><provider><link>http://www.twitter.com</link><displayName>Twitter</displayName><objectType>service</objectType></provider><object><summary>@QUASHA_IVORY Comedy Video about Thirsty Niggaz "THE THIRST IS REAL" : http://t.co/QVvMeIbQ via @youtube Subscribe and Enjoy!!!</summary><id>object:search.twitter.com,2005:185057996672475136</id><link>http://twitter.com/I_HATE_VA/statuses/185057996672475136</link><postedTime>2012-03-28T17:37:19.000Z</postedTime><objectType>note</objectType></object><actor><summary>Checkout my Youtube Channel &amp; Subscribe New Videos Posted Weekly</summary><twitterTimeZone>Eastern Time (US &amp; Canada)</twitterTimeZone><friendsCount>2191</friendsCount><location><displayName>www.facebook.com/kingofohio</displayName><objectType>place</objectType></location><link>http://www.twitter.com/I_HATE_VA</link><postedTime>2009-05-27T18:02:55.000Z</postedTime><image>http://a0.twimg.com/profile_images/1873618642/profile_image_1330913975363_normal.jpg</image><links><links><rel>me</rel><href>http://www.youtube.com/user/ihatevacomedy1/videos</href></links></links><listedCount>26</listedCount><id>id:twitter.com:42938207</id><languages><languages>en</languages></languages><utcOffset>-18000</utcOffset><followersCount>3478</followersCount><preferredUsername>I_HATE_VA</preferredUsername><displayName>Troy of Sparta. </displayName><statusesCount>54009</statusesCount><objectType>person</objectType></actor><twitter_entities><hashtags/><urls><urls><indices><indices>71</indices><indices>91</indices></indices><expanded_url>http://youtu.be/I58cjgatFmE</expanded_url><display_url>youtu.be/I58cjgatFmE</display_url><url>http://t.co/QVvMeIbQ</url></urls></urls><user_mentions><user_mentions><indices><indices>0</indices><indices>13</indices></indices><id_str>338212242</id_str><name>SHAWTY*LIKE*WHOA</name><id>338212242</id><screen_name>QUASHA_IVORY</screen_name></user_mentions><user_mentions><indices><indices>96</indices><indices>104</indices></indices><id_str>10228272</id_str><name>YouTube</name><id>10228272</id><screen_name>YouTube</screen_name></user_mentions></user_mentions></twitter_entities><objectType>activity</objectType><platform>twitter</platform><posted_date>2012-03-28</posted_date><followers>3478</followers><statuses>54009</statuses><region>Eastern</region></marklogic>