<?xml version="1.0" encoding="UTF-8"?>
<marklogic><id>tag:search.twitter.com,2005:185076760285675520</id><type>P</type><type>P</type><body>Dice López Obrador: Yo solo tendré un <adverse_event>Spot</adverse_event> ¡<product_name company="N.A.">VIVA</product_name> LA EQUIDAD! @ELDIARIODEGDL</body><verb>post</verb><link>http://twitter.com/carolina76/statuses/185076760285675520</link><generator><link>http://twitter.com</link><displayName>web</displayName></generator><postedTime>2012-03-28T18:51:52.000Z</postedTime><provider><link>http://www.twitter.com</link><displayName>Twitter</displayName><objectType>service</objectType></provider><object><summary>Dice López Obrador: Yo solo tendré un spot ¡VIVA LA EQUIDAD! @ELDIARIODEGDL</summary><id>object:search.twitter.com,2005:185076760285675520</id><link>http://twitter.com/carolina76/statuses/185076760285675520</link><postedTime>2012-03-28T18:51:52.000Z</postedTime><objectType>note</objectType></object><actor><summary>Nacida en Guadalajara, Jalisco México, colaboradora de una revista española y reportera del Diario de Guadalajara</summary><twitterTimeZone>Guadalajara</twitterTimeZone><friendsCount>97</friendsCount><location><displayName>Guadalajara, Jalisco México</displayName><objectType>place</objectType></location><link>http://www.twitter.com/carolina76</link><postedTime>2009-04-16T21:06:25.000Z</postedTime><image>http://a0.twimg.com/profile_images/1412018563/Carolina_Gonz_lez_normal.jpg</image><links><links><rel>me</rel><href>http://www.facebook.com/?sk=messages#!/profile.php?id=100000645770994</href></links></links><listedCount>0</listedCount><id>id:twitter.com:32152738</id><languages><languages>es</languages></languages><utcOffset>-21600</utcOffset><followersCount>62</followersCount><preferredUsername>carolina76</preferredUsername><displayName>Carol González</displayName><statusesCount>569</statusesCount><objectType>person</objectType></actor><twitter_entities><hashtags/><user_mentions><user_mentions><indices><indices>61</indices><indices>75</indices></indices><id_str>221915489</id_str><name>EL DIARIO DE GUADALA</name><id>221915489</id><screen_name>ELDIARIODEGDL</screen_name></user_mentions></user_mentions><urls/></twitter_entities><objectType>activity</objectType><platform>twitter</platform><posted_date>2012-03-28</posted_date><followers>62</followers><statuses>569</statuses><region>Guadalajara</region></marklogic>