<?xml version="1.0" encoding="UTF-8"?>
<marklogic><id>tag:search.twitter.com,2005:185034472247394304</id><type>P</type><type>P</type><body>come home to an icy <adverse_event>Cold</adverse_event> <product_name company="GlaxoSmithKline">Lucozade</product_name> #summerfeeling</body><verb>post</verb><link>http://twitter.com/MilesFletch/statuses/185034472247394304</link><generator><link>http://twitter.com</link><displayName>web</displayName></generator><postedTime>2012-03-28T16:03:50.000Z</postedTime><provider><link>http://www.twitter.com</link><displayName>Twitter</displayName><objectType>service</objectType></provider><object><summary>come home to an icy cold lucozade #summerfeeling</summary><id>object:search.twitter.com,2005:185034472247394304</id><link>http://twitter.com/MilesFletch/statuses/185034472247394304</link><postedTime>2012-03-28T16:03:50.000Z</postedTime><objectType>note</objectType></object><actor><summary>Proud Holland &amp; Barrett model</summary><twitterTimeZone/><friendsCount>101</friendsCount><location><displayName>Essex</displayName><objectType>place</objectType></location><link>http://www.twitter.com/MilesFletch</link><postedTime>2011-04-05T16:23:25.000Z</postedTime><image>http://a0.twimg.com/profile_images/1953601992/IMG_9016_normal.jpg</image><links><links><rel>me</rel><href/></links></links><listedCount>0</listedCount><id>id:twitter.com:277559806</id><languages><languages>en</languages></languages><utcOffset/><followersCount>122</followersCount><preferredUsername>MilesFletch</preferredUsername><displayName>Marmite</displayName><statusesCount>910</statusesCount><objectType>person</objectType></actor><twitter_entities><hashtags><hashtags><text>summerfeeling</text><indices><indices>34</indices><indices>48</indices></indices></hashtags></hashtags><user_mentions/><urls/></twitter_entities><objectType>activity</objectType><platform>twitter</platform><posted_date>2012-03-28</posted_date><followers>122</followers><statuses>910</statuses><region>N.A.</region></marklogic>