<?xml version="1.0" encoding="UTF-8"?>
<marklogic><id>tag:search.twitter.com,2005:185045634359902208</id><type>P</type><type>P</type><body>is it true that when you have a <adverse_event>Cold</adverse_event> you should put <product_name company="P&amp;G">Vicks</product_name> under ur feet with a pair socks before you go to bed and it works?</body><verb>post</verb><link>http://twitter.com/ChicBBZ/statuses/185045634359902208</link><generator><link>http://twitter.com</link><displayName>web</displayName></generator><postedTime>2012-03-28T16:48:11.000Z</postedTime><provider><link>http://www.twitter.com</link><displayName>Twitter</displayName><objectType>service</objectType></provider><object><summary>is it true that when you have a cold you should put vicks under ur feet with a pair socks before you go to bed and it works?</summary><id>object:search.twitter.com,2005:185045634359902208</id><link>http://twitter.com/ChicBBZ/statuses/185045634359902208</link><postedTime>2012-03-28T16:48:11.000Z</postedTime><objectType>note</objectType></object><actor><summary>a woman in process, a bossy bish all da same, King Bee! :D</summary><twitterTimeZone>Quito</twitterTimeZone><friendsCount>452</friendsCount><location><displayName>Radio Range, Antigua</displayName><objectType>place</objectType></location><link>http://www.twitter.com/ChicBBZ</link><postedTime>2009-08-27T16:01:08.000Z</postedTime><image>http://a0.twimg.com/profile_images/1961414337/Picture_070_normal.jpg</image><links><links><rel>me</rel><href/></links></links><listedCount>1</listedCount><id>id:twitter.com:69327505</id><languages><languages>en</languages></languages><utcOffset>-18000</utcOffset><followersCount>198</followersCount><preferredUsername>ChicBBZ</preferredUsername><displayName>Berthia Barrie</displayName><statusesCount>6408</statusesCount><objectType>person</objectType></actor><twitter_entities><hashtags/><user_mentions/><urls/></twitter_entities><objectType>activity</objectType><platform>twitter</platform><posted_date>2012-03-28</posted_date><followers>198</followers><statuses>6408</statuses><region>Quito</region></marklogic>