<?xml version="1.0" encoding="UTF-8"?>
<marklogic><id>tag:search.twitter.com,2005:185034981159092224</id><type>P</type><type>P</type><inReplyTo><link>http://twitter.com/ahanhbarbie/statuses/184916870418284545</link></inReplyTo><body>@ahanhbarbie 
I drink chalomile tea 1 hr before bedtime.
Help out  Alot. Not like <product_name company="Johnson - Johnson">Benadryl</product_name> give me <adverse_event>Anxiety</adverse_event> when I wake up.</body><verb>post</verb><link>http://twitter.com/springluvaffair/statuses/185034981159092224</link><generator><link>http://twitter.com/#!/download/iphone</link><displayName>Twitter for iPhone</displayName></generator><postedTime>2012-03-28T16:05:51.000Z</postedTime><provider><link>http://www.twitter.com</link><displayName>Twitter</displayName><objectType>service</objectType></provider><object><summary>@ahanhbarbie 
I drink chalomile tea 1 hr before bedtime.
Help out  Alot. Not like Benadryl give me anxiety when I wake up.</summary><id>object:search.twitter.com,2005:185034981159092224</id><link>http://twitter.com/springluvaffair/statuses/185034981159092224</link><postedTime>2012-03-28T16:05:51.000Z</postedTime><objectType>note</objectType></object><actor><summary/><twitterTimeZone/><friendsCount>24</friendsCount><location><displayName>Texas</displayName><objectType>place</objectType></location><link>http://www.twitter.com/springluvaffair</link><postedTime>2012-03-08T15:09:52.000Z</postedTime><image>http://a0.twimg.com/profile_images/1959539046/image_normal.jpg</image><links><links><rel>me</rel><href>http://www.youtube.com/BtheBeautifulz</href></links></links><listedCount>0</listedCount><id>id:twitter.com:518579435</id><languages><languages>en</languages></languages><utcOffset/><followersCount>2</followersCount><preferredUsername>springluvaffair</preferredUsername><displayName>BTheBeautifulZ</displayName><statusesCount>5</statusesCount><objectType>person</objectType></actor><twitter_entities><hashtags/><user_mentions><user_mentions><indices><indices>0</indices><indices>12</indices></indices><name>hanh</name><id_str>15948575</id_str><id>15948575</id><screen_name>ahanhbarbie</screen_name></user_mentions></user_mentions><urls/></twitter_entities><objectType>activity</objectType><platform>twitter</platform><posted_date>2012-03-28</posted_date><followers>2</followers><statuses>5</statuses><region>N.A.</region></marklogic>