<?xml version="1.0" encoding="UTF-8"?>
<marklogic><id>tag:search.twitter.com,2005:185048228897624064</id><type>P</type><type>P</type><body><adverse_event>HEADACHE</adverse_event>! ugh I need <product_name company="Wyeth">Advil</product_name></body><verb>post</verb><link>http://twitter.com/Zarac89/statuses/185048228897624064</link><generator><link>http://twitter.com/download/android</link><displayName>Twitter for Android</displayName></generator><postedTime>2012-03-28T16:58:30.000Z</postedTime><provider><link>http://www.twitter.com</link><displayName>Twitter</displayName><objectType>service</objectType></provider><object><summary>HEADACHE! ugh I need Advil</summary><id>object:search.twitter.com,2005:185048228897624064</id><link>http://twitter.com/Zarac89/statuses/185048228897624064</link><postedTime>2012-03-28T16:58:30.000Z</postedTime><objectType>note</objectType></object><actor><summary/><twitterTimeZone>Eastern Time (US &amp; Canada)</twitterTimeZone><friendsCount>50</friendsCount><location><displayName>Upt DC</displayName><objectType>place</objectType></location><link>http://www.twitter.com/Zarac89</link><postedTime>2010-09-27T16:08:37.000Z</postedTime><image>http://a0.twimg.com/profile_images/1877832652/xxBou7BO_normal</image><links><links><rel>me</rel><href/></links></links><listedCount>0</listedCount><id>id:twitter.com:195797412</id><languages><languages>en</languages></languages><utcOffset>-18000</utcOffset><followersCount>44</followersCount><preferredUsername>Zarac89</preferredUsername><displayName>Zara Jay Ceeabee</displayName><statusesCount>113</statusesCount><objectType>person</objectType></actor><twitter_entities><hashtags/><urls/><user_mentions/></twitter_entities><objectType>activity</objectType><platform>twitter</platform><posted_date>2012-03-28</posted_date><followers>44</followers><statuses>113</statuses><region>Eastern</region></marklogic>