<?xml version="1.0" encoding="UTF-8"?>
<marklogic><id>tag:search.twitter.com,2005:185068207835578368</id><type>P</type><type>P</type><body>Stfu &#x01f44a;&#x01f4a2;RT @JohnnyP_duh: I relieve <adverse_event>Headaches</adverse_event> without <product_name company="Johnson - Johnson">Tylenol</product_name>.....</body><verb>post</verb><link>http://twitter.com/Call_Me_Urs/statuses/185068207835578368</link><generator><link>http://www.echofon.com/</link><displayName>Echofon</displayName></generator><postedTime>2012-03-28T18:17:53.000Z</postedTime><provider><link>http://www.twitter.com</link><displayName>Twitter</displayName><objectType>service</objectType></provider><object><summary>Stfu &#x01f44a;&#x01f4a2;RT @JohnnyP_duh: I relieve headaches without Tylenol.....</summary><id>object:search.twitter.com,2005:185068207835578368</id><link>http://twitter.com/Call_Me_Urs/statuses/185068207835578368</link><postedTime>2012-03-28T18:17:53.000Z</postedTime><objectType>note</objectType></object><actor><summary>God First ✨ ... My Lil man Bryson Efferson is the love of my life ..  Music gotta be my way outta here!  Follow 

 
</summary><twitterTimeZone>Central Time (US &amp; Canada)</twitterTimeZone><friendsCount>557</friendsCount><link>http://www.twitter.com/Call_Me_Urs</link><postedTime>2011-06-04T17:45:26.000Z</postedTime><image>http://a0.twimg.com/profile_images/1973927970/Call_Me_Urs_normal.jpg</image><links><links><rel>me</rel><href/></links></links><listedCount>3</listedCount><id>id:twitter.com:310977603</id><languages><languages>en</languages></languages><utcOffset>-21600</utcOffset><followersCount>689</followersCount><preferredUsername>Call_Me_Urs</preferredUsername><displayName>Amber LeShay</displayName><statusesCount>14134</statusesCount><objectType>person</objectType></actor><twitter_entities><hashtags/><urls/><user_mentions><user_mentions><indices><indices>10</indices><indices>22</indices></indices><id_str>299833364</id_str><name>Johnny Pizzle.......</name><id>299833364</id><screen_name>JohnnyP_duh</screen_name></user_mentions></user_mentions></twitter_entities><objectType>activity</objectType><platform>twitter</platform><posted_date>2012-03-28</posted_date><followers>689</followers><statuses>14134</statuses><region>Central</region></marklogic>