<?xml version="1.0" encoding="UTF-8"?>
<marklogic><id>tag:search.twitter.com,2005:185057863671099392</id><type>P</type><type>P</type><body>I want to learn how to <product_name company="Unilever">Surf</product_name>, but not in freezing <adverse_event>Cold</adverse_event> water... I want San Diego.</body><verb>post</verb><link>http://twitter.com/KenMakesDough/statuses/185057863671099392</link><generator><link>http://twitter.com/download/android</link><displayName>Twitter for Android</displayName></generator><postedTime>2012-03-28T17:36:47.000Z</postedTime><provider><link>http://www.twitter.com</link><displayName>Twitter</displayName><objectType>service</objectType></provider><object><summary>I want to learn how to surf, but not in freezing cold water... I want San Diego.</summary><id>object:search.twitter.com,2005:185057863671099392</id><link>http://twitter.com/KenMakesDough/statuses/185057863671099392</link><postedTime>2012-03-28T17:36:47.000Z</postedTime><objectType>note</objectType></object><actor><summary>PDX/Westview/Holy Trinity. Romans 8:31 If God is for us, who can ever be against us? </summary><twitterTimeZone>Pacific Time (US &amp; Canada)</twitterTimeZone><friendsCount>245</friendsCount><location><displayName>Beaverton, OR</displayName><objectType>place</objectType></location><link>http://www.twitter.com/KenMakesDough</link><postedTime>2011-06-26T07:38:22.000Z</postedTime><image>http://a0.twimg.com/profile_images/1793564970/424489_2759100062962_1421593502_32594448_1323364588_n_normal.jpg</image><links><links><rel>me</rel><href/></links></links><listedCount>0</listedCount><id>id:twitter.com:324241185</id><languages><languages>en</languages></languages><utcOffset>-28800</utcOffset><followersCount>271</followersCount><preferredUsername>KenMakesDough</preferredUsername><displayName>Kenneth Do</displayName><statusesCount>4393</statusesCount><objectType>person</objectType></actor><twitter_entities><hashtags/><user_mentions/><urls/></twitter_entities><objectType>activity</objectType><platform>twitter</platform><posted_date>2012-03-28</posted_date><followers>271</followers><statuses>4393</statuses><region>Pacific</region></marklogic>