<?xml version="1.0" encoding="UTF-8"?>
<marklogic><id>tag:search.twitter.com,2005:185049128940732418</id><type>P</type><type>P</type><body> to the harvester with family :) need a nice <adverse_event>Cold</adverse_event> drink of <product_name company="Coca Cola">Coke</product_name> hmmm!</body><verb>post</verb><link>http://twitter.com/SofiaCalderone/statuses/185049128940732418</link><generator><link>http://blackberry.com/twitter</link><displayName>Twitter for BlackBerry®</displayName></generator><postedTime>2012-03-28T17:02:05.000Z</postedTime><provider><link>http://www.twitter.com</link><displayName>Twitter</displayName><objectType>service</objectType></provider><object><summary>Off to the harvester with family :) need a nice cold drink of coke hmmm!</summary><id>object:search.twitter.com,2005:185049128940732418</id><link>http://twitter.com/SofiaCalderone/statuses/185049128940732418</link><postedTime>2012-03-28T17:02:05.000Z</postedTime><objectType>note</objectType></object><actor><summary>The One And Only.</summary><twitterTimeZone>London</twitterTimeZone><friendsCount>379</friendsCount><location><displayName>England </displayName><objectType>place</objectType></location><link>http://www.twitter.com/SofiaCalderone</link><postedTime>2010-11-01T10:25:27.000Z</postedTime><image>http://a0.twimg.com/profile_images/1849210452/417543_10150492657941652_696736651_9217459_893446579_n_normal.jpg</image><links><links><rel>me</rel><href>http://www.facebook.com/profile.php?id=696736651</href></links></links><listedCount>0</listedCount><id>id:twitter.com:210767830</id><languages><languages>en</languages></languages><utcOffset>0</utcOffset><followersCount>235</followersCount><preferredUsername>SofiaCalderone</preferredUsername><displayName>sofia</displayName><statusesCount>3708</statusesCount><objectType>person</objectType></actor><twitter_entities><hashtags/><user_mentions/><urls/></twitter_entities><objectType>activity</objectType><platform>twitter</platform><posted_date>2012-03-28</posted_date><followers>235</followers><statuses>3708</statuses><region>London</region></marklogic>