<?xml version="1.0" encoding="UTF-8"?>
<marklogic><id>tag:search.twitter.com,2005:185042190244904960</id><type>P</type><type>P</type><body>See <adverse_event>Spot</adverse_event>  at National Dog  Competition http://t.co/xvMoUCj5 #<product_name company="N.A.">Surfing</product_name></body><verb>post</verb><link>http://twitter.com/Cecillerulyk/statuses/185042190244904960</link><generator><link>http://twitter.com</link><displayName>web</displayName></generator><postedTime>2012-03-28T16:34:30.000Z</postedTime><provider><link>http://www.twitter.com</link><displayName>Twitter</displayName><objectType>service</objectType></provider><object><summary>See Spot Surf at National Dog Surfing Competition http://t.co/xvMoUCj5 #surfing</summary><id>object:search.twitter.com,2005:185042190244904960</id><link>http://twitter.com/Cecillerulyk/statuses/185042190244904960</link><postedTime>2012-03-28T16:34:30.000Z</postedTime><objectType>note</objectType></object><actor><summary>I am genuine, honest, smart, loving, giving, easy-going, patient, loyal, I love to laugh, &amp;amp; try to always be positive:) I am these things to those I love.</summary><twitterTimeZone/><friendsCount>23</friendsCount><location><displayName>Detroit</displayName><objectType>place</objectType></location><link>http://www.twitter.com/Cecillerulyk</link><postedTime>2011-05-20T07:15:57.000Z</postedTime><image>http://a0.twimg.com/profile_images/1361893197/ikdj4pa444_128413055-2_normal.jpg</image><links><links><rel>me</rel><href/></links></links><listedCount>0</listedCount><id>id:twitter.com:301885933</id><languages><languages>en</languages></languages><utcOffset/><followersCount>21</followersCount><preferredUsername>Cecillerulyk</preferredUsername><displayName>Cecille Woodell</displayName><statusesCount>159</statusesCount><objectType>person</objectType></actor><twitter_entities><hashtags><hashtags><text>surfing</text><indices><indices>71</indices><indices>79</indices></indices></hashtags></hashtags><user_mentions/><urls><urls><indices><indices>50</indices><indices>70</indices></indices><expanded_url>http://snurl.com/22tcdkm</expanded_url><display_url>snurl.com/22tcdkm</display_url><url>http://t.co/xvMoUCj5</url></urls></urls></twitter_entities><objectType>activity</objectType><platform>twitter</platform><posted_date>2012-03-28</posted_date><followers>21</followers><statuses>159</statuses><region>N.A.</region></marklogic>