<?xml version="1.0" encoding="UTF-8"?>
<marklogic><id>tag:search.twitter.com,2005:185071729129947137</id><type>P</type><type>P</type><body>@DrMommy and for pudding, <adverse_event>Cold</adverse_event> <product_name company="Unilever">Comfort</product_name>.</body><verb>post</verb><link>http://twitter.com/simonconroy/statuses/185071729129947137</link><generator><link>http://www.zte.com.cn/</link><displayName>ZTE</displayName></generator><postedTime>2012-03-28T18:31:53.000Z</postedTime><provider><link>http://www.twitter.com</link><displayName>Twitter</displayName><objectType>service</objectType></provider><object><summary>@DrMommy and for pudding, cold comfort.</summary><id>object:search.twitter.com,2005:185071729129947137</id><link>http://twitter.com/simonconroy/statuses/185071729129947137</link><postedTime>2012-03-28T18:31:53.000Z</postedTime><objectType>note</objectType></object><actor><summary>Bloke/Dad/Grafter/Thinker/would be writer likes the outdoors a bit of dinner and staying tight wid family n pals.&#13;
</summary><twitterTimeZone>London</twitterTimeZone><friendsCount>118</friendsCount><location><displayName>London</displayName><objectType>place</objectType></location><link>http://www.twitter.com/simonconroy</link><postedTime>2009-08-22T13:25:35.000Z</postedTime><image>http://a0.twimg.com/profile_images/1853202934/si_dans_normal.jpg</image><links><links><rel>me</rel><href>http://www.webook.com/project/Cinemon-Court</href></links></links><listedCount>0</listedCount><id>id:twitter.com:67887578</id><languages><languages>en</languages></languages><utcOffset>0</utcOffset><followersCount>40</followersCount><preferredUsername>simonconroy</preferredUsername><displayName>simon conroy</displayName><statusesCount>278</statusesCount><objectType>person</objectType></actor><twitter_entities><hashtags/><user_mentions><user_mentions><indices><indices>0</indices><indices>8</indices></indices><id_str>14322728</id_str><name>DrDaisyS</name><id>14322728</id><screen_name>DrMommy</screen_name></user_mentions></user_mentions><urls/></twitter_entities><objectType>activity</objectType><platform>twitter</platform><posted_date>2012-03-28</posted_date><followers>40</followers><statuses>278</statuses><region>London</region></marklogic>