<?xml version="1.0" encoding="UTF-8"?>
<marklogic><body>I hate this <adverse_event>Burn</adverse_event> mark so much. someone get me some <product_name company="Mederma">Mederma</product_name> &#x01f620;&#x01f525;</body><geo><type>Point</type><coordinates><coordinates>40.73008966</coordinates><coordinates>-73.99555945</coordinates></coordinates></geo><location><geo><type>Polygon</type><coordinates><coordinates><coordinates><coordinates>-74.047285</coordinates><coordinates>40.679548</coordinates></coordinates><coordinates><coordinates>-73.907104</coordinates><coordinates>40.679548</coordinates></coordinates><coordinates><coordinates>-73.907104</coordinates><coordinates>40.882214</coordinates></coordinates><coordinates><coordinates>-74.047285</coordinates><coordinates>40.882214</coordinates></coordinates></coordinates></coordinates></geo><link>http://api.twitter.com/1/geo/id/086752cb03de1d5d.json</link><name>Manhattan</name><displayName>Manhattan, NY</displayName><country_code>United States</country_code><objectType>place</objectType></location><link>http://twitter.com/greeneggndsam/statuses/185053485350395905</link><postedTime>2012-03-28T17:19:23.000Z</postedTime><provider><link>http://www.twitter.com</link><displayName>Twitter</displayName><objectType>service</objectType></provider><actor><summary>unbreakable, unmistakable, highly capable</summary><twitterTimeZone>Quito</twitterTimeZone><friendsCount>216</friendsCount><location><displayName>Manhattan</displayName><objectType>place</objectType></location><link>http://www.twitter.com/greeneggndsam</link><postedTime>2008-09-24T01:41:18.000Z</postedTime><image>http://a0.twimg.com/profile_images/1941342285/image_normal.jpg</image><links><links><rel>me</rel><href/></links></links><listedCount>2</listedCount><id>id:twitter.com:16428795</id><languages><languages>en</languages></languages><utcOffset>-18000</utcOffset><followersCount>220</followersCount><preferredUsername>greeneggndsam</preferredUsername><displayName>Samantha Diaz</displayName><statusesCount>12449</statusesCount><objectType>person</objectType></actor><object><summary>I hate this burn mark so much. someone get me some Mederma &#x01f620;&#x01f525;</summary><id>object:search.twitter.com,2005:185053485350395905</id><link>http://twitter.com/greeneggndsam/statuses/185053485350395905</link><postedTime>2012-03-28T17:19:23.000Z</postedTime><objectType>note</objectType></object><twitter_entities><hashtags/><user_mentions/><urls/></twitter_entities><id>tag:search.twitter.com,2005:185053485350395905</id><type>P</type><type>P</type><verb>post</verb><generator><link>http://twitter.com/#!/download/iphone</link><displayName>Twitter for iPhone</displayName></generator><objectType>activity</objectType><platform>twitter</platform><posted_date>2012-03-28</posted_date><followers>220</followers><statuses>12449</statuses><region>Quito</region></marklogic>