<?xml version="1.0" encoding="UTF-8"?>
<marklogic><id>tag:search.twitter.com,2005:185052802421227520</id><type>P</type><type>P</type><body>You would have to walk for seven hours straight to <adverse_event>Burn</adverse_event>  a Super Sized <product_name company="Coca Cola">Coke</product_name>, French Fries and Big Mac.</body><verb>post</verb><link>http://twitter.com/RandomFactSheet/statuses/185052802421227520</link><generator><link>http://twitter.com</link><displayName>web</displayName></generator><postedTime>2012-03-28T17:16:40.000Z</postedTime><provider><link>http://www.twitter.com</link><displayName>Twitter</displayName><objectType>service</objectType></provider><object><summary>You would have to walk for seven hours straight to burn off a Super Sized Coke, French Fries and Big Mac.</summary><id>object:search.twitter.com,2005:185052802421227520</id><link>http://twitter.com/RandomFactSheet/statuses/185052802421227520</link><postedTime>2012-03-28T17:16:40.000Z</postedTime><objectType>note</objectType></object><actor><summary>everyday i'm shuffling.</summary><twitterTimeZone>Athens</twitterTimeZone><friendsCount>554</friendsCount><link>http://www.twitter.com/RandomFactSheet</link><postedTime>2012-03-28T15:52:09.000Z</postedTime><image>http://a0.twimg.com/profile_images/1978833798/randomfacts_normal.jpg</image><links><links><rel>me</rel><href/></links></links><listedCount>0</listedCount><id>id:twitter.com:539153534</id><languages><languages>en</languages></languages><utcOffset>7200</utcOffset><followersCount>25</followersCount><preferredUsername>RandomFactSheet</preferredUsername><displayName>Random Facts</displayName><statusesCount>8</statusesCount><objectType>person</objectType></actor><twitter_entities><hashtags/><urls/><user_mentions/></twitter_entities><objectType>activity</objectType><platform>twitter</platform><posted_date>2012-03-28</posted_date><followers>25</followers><statuses>8</statuses><region>Athens</region></marklogic>