<?xml version="1.0" encoding="UTF-8"?>
<marklogic><id>tag:search.twitter.com,2005:185040608220553216</id><type>P</type><type>P</type><body>13 Xspower  + 8 Sundown Audio Amps + 10 Psi 18sLarry Tollmans Instant <adverse_event>Headache</adverse_event> - car audio <product_name company="N.A.">Battery</product_name> http://t.co/RqFYLTYc</body><verb>post</verb><link>http://twitter.com/JayCeccarefa/statuses/185040608220553216</link><generator><link>http://twitter.com</link><displayName>web</displayName></generator><postedTime>2012-03-28T16:28:13.000Z</postedTime><provider><link>http://www.twitter.com</link><displayName>Twitter</displayName><objectType>service</objectType></provider><object><summary>13 Xspower batteries + 8 Sundown Audio Amps + 10 Psi 18sLarry Tollmans Instant Headache - car audio battery http://t.co/RqFYLTYc</summary><id>object:search.twitter.com,2005:185040608220553216</id><link>http://twitter.com/JayCeccarefa/statuses/185040608220553216</link><postedTime>2012-03-28T16:28:13.000Z</postedTime><objectType>note</objectType></object><actor><summary>Want to learn about cognitive deficits? This is the place. I know my stuff. 35. Resident of Buffalo, NY.</summary><twitterTimeZone/><friendsCount>32</friendsCount><location><displayName>Buffalo, NY</displayName><objectType>place</objectType></location><link>http://www.twitter.com/JayCeccarefa</link><postedTime>2011-08-25T12:13:03.000Z</postedTime><image>http://a0.twimg.com/profile_images/1512806652/1314280987_6935_normal.jpg</image><links><links><rel>me</rel><href/></links></links><listedCount>2</listedCount><id>id:twitter.com:361833165</id><languages><languages>en</languages></languages><utcOffset/><followersCount>102</followersCount><preferredUsername>JayCeccarefa</preferredUsername><displayName>Jay Ceccarelli</displayName><statusesCount>2771</statusesCount><objectType>person</objectType></actor><twitter_entities><hashtags/><urls><urls><indices><indices>108</indices><indices>128</indices></indices><expanded_url>http://bit.ly/GWV1nQ</expanded_url><display_url>bit.ly/GWV1nQ</display_url><url>http://t.co/RqFYLTYc</url></urls></urls><user_mentions/></twitter_entities><objectType>activity</objectType><platform>twitter</platform><posted_date>2012-03-28</posted_date><followers>102</followers><statuses>2771</statuses><region>N.A.</region></marklogic>