<?xml version="1.0" encoding="UTF-8"?>
<marklogic><id>tag:search.twitter.com,2005:185075940135673856</id><type>P</type><type>P</type><inReplyTo><link>http://twitter.com/EBONIno_Ivory/statuses/185074939764813825</link></inReplyTo><body>@EBONIno_<product_name company="P&amp;G">Ivory</product_name> is what u had on in ur avi what u had on that thursday in <adverse_event>Tremors</adverse_event>?</body><verb>post</verb><link>http://twitter.com/2_GOOD4u/statuses/185075940135673856</link><generator><link>http://www.handmark.com</link><displayName>TweetCaster for iOS</displayName></generator><postedTime>2012-03-28T18:48:37.000Z</postedTime><provider><link>http://www.twitter.com</link><displayName>Twitter</displayName><objectType>service</objectType></provider><object><summary>@EBONIno_Ivory is what u had on in ur avi what u had on that thursday in tremors?</summary><id>object:search.twitter.com,2005:185075940135673856</id><link>http://twitter.com/2_GOOD4u/statuses/185075940135673856</link><postedTime>2012-03-28T18:48:37.000Z</postedTime><objectType>note</objectType></object><actor><summary>i'm a big #kid at times &amp; i ♥ my granny! #sneakerhead #winning:)
♥ iLive.iLaugh &amp;ilove ♥..... 
I am so hip - even my errors are correct </summary><twitterTimeZone>Central Time (US &amp; Canada)</twitterTimeZone><friendsCount>790</friendsCount><location><displayName>HOOsierVille</displayName><objectType>place</objectType></location><link>http://www.twitter.com/2_GOOD4u</link><postedTime>2009-05-05T06:49:24.000Z</postedTime><image>http://a0.twimg.com/profile_images/1949139102/image_normal.jpg</image><links><links><rel>me</rel><href/></links></links><listedCount>1</listedCount><id>id:twitter.com:37875003</id><languages><languages>en</languages></languages><utcOffset>-21600</utcOffset><followersCount>561</followersCount><preferredUsername>2_GOOD4u</preferredUsername><displayName>Nikkia Jackson </displayName><statusesCount>9475</statusesCount><objectType>person</objectType></actor><twitter_entities><hashtags/><user_mentions><user_mentions><indices><indices>0</indices><indices>14</indices></indices><id_str>242774166</id_str><name>EBONIzer </name><id>242774166</id><screen_name>EBONIno_Ivory</screen_name></user_mentions></user_mentions><urls/></twitter_entities><objectType>activity</objectType><platform>twitter</platform><posted_date>2012-03-28</posted_date><followers>561</followers><statuses>9475</statuses><region>Central</region></marklogic>