<?xml version="1.0" encoding="UTF-8"?>
<marklogic><id>tag:search.twitter.com,2005:185041934069403648</id><type>P</type><type>P</type><body>A <adverse_event>Cold</adverse_event> ice  cnt wait til I gt <product_name company="SC Johnson">Off</product_name></body><verb>post</verb><link>http://twitter.com/LOVE_MAGIC87/statuses/185041934069403648</link><generator><link>http://mobile.twitter.com</link><displayName>Mobile Web</displayName></generator><postedTime>2012-03-28T16:33:29.000Z</postedTime><provider><link>http://www.twitter.com</link><displayName>Twitter</displayName><objectType>service</objectType></provider><object><summary>A cold ice Pepsi cnt wait til I gt off</summary><id>object:search.twitter.com,2005:185041934069403648</id><link>http://twitter.com/LOVE_MAGIC87/statuses/185041934069403648</link><postedTime>2012-03-28T16:33:29.000Z</postedTime><objectType>note</objectType></object><actor><summary>just me &amp; my 2 I love my fam. wats understood don't have to be explained</summary><twitterTimeZone>Quito</twitterTimeZone><friendsCount>114</friendsCount><location><displayName>Norfolk,VA</displayName><objectType>place</objectType></location><link>http://www.twitter.com/LOVE_MAGIC87</link><postedTime>2011-09-24T01:41:24.000Z</postedTime><image>http://a0.twimg.com/profile_images/1867872923/just_me_tanya_normal.jpg</image><links><links><rel>me</rel><href/></links></links><listedCount>0</listedCount><id>id:twitter.com:378916315</id><languages><languages>en</languages></languages><utcOffset>-18000</utcOffset><followersCount>125</followersCount><preferredUsername>LOVE_MAGIC87</preferredUsername><displayName>TANYA</displayName><statusesCount>1778</statusesCount><objectType>person</objectType></actor><twitter_entities><hashtags/><urls/><user_mentions/></twitter_entities><objectType>activity</objectType><platform>twitter</platform><posted_date>2012-03-28</posted_date><followers>125</followers><statuses>1778</statuses><region>Quito</region></marklogic>