<?xml version="1.0" encoding="UTF-8"?>
<marklogic><id>tag:search.twitter.com,2005:185075674355208192</id><type>P</type><type>P</type><body><product_name company="GlaxoSmithKline">Zantac</product_name> for babies <adverse_event>Constipation</adverse_event> http://t.co/tcbiWlRE</body><verb>post</verb><link>http://twitter.com/nifijyl/statuses/185075674355208192</link><generator><link>http://twitter.com</link><displayName>web</displayName></generator><postedTime>2012-03-28T18:47:33.000Z</postedTime><provider><link>http://www.twitter.com</link><displayName>Twitter</displayName><objectType>service</objectType></provider><object><summary>zantac for babies constipation http://t.co/tcbiWlRE</summary><id>object:search.twitter.com,2005:185075674355208192</id><link>http://twitter.com/nifijyl/statuses/185075674355208192</link><postedTime>2012-03-28T18:47:33.000Z</postedTime><objectType>note</objectType></object><actor><summary>She think i'm leisure and tranquillity. But I'm perceived and desirous.</summary><twitterTimeZone/><friendsCount>103</friendsCount><location><displayName>US</displayName><objectType>place</objectType></location><link>http://www.twitter.com/nifijyl</link><postedTime>2011-12-16T15:38:42.000Z</postedTime><image>http://a0.twimg.com/profile_images/1696739705/801_normal.gif</image><links><links><rel>me</rel><href/></links></links><listedCount>0</listedCount><id>id:twitter.com:438427455</id><languages><languages>en</languages></languages><utcOffset/><followersCount>32</followersCount><preferredUsername>nifijyl</preferredUsername><displayName>Idonia Dorsett</displayName><statusesCount>581</statusesCount><objectType>person</objectType></actor><twitter_entities><hashtags/><user_mentions/><urls><urls><indices><indices>31</indices><indices>51</indices></indices><expanded_url>http://zantac-for-babies-constipation.cheapillsshop.com</expanded_url><display_url>…babies-constipation.cheapillsshop.com</display_url><url>http://t.co/tcbiWlRE</url></urls></urls></twitter_entities><objectType>activity</objectType><platform>twitter</platform><posted_date>2012-03-28</posted_date><followers>32</followers><statuses>581</statuses><region>N.A.</region></marklogic>