<?xml version="1.0" encoding="UTF-8"?>
<marklogic><id>tag:search.twitter.com,2005:185038982063726592</id><type>P</type><type>P</type><body>RT @zombietraining: If you don’t own a firearm, there’s some good news…. <product_name company="Nestle">Gerber</product_name> &amp; <adverse_event>Cold</adverse_event> Steel are putting out some awesome/affordable blades.</body><verb>post</verb><link>http://twitter.com/leroy517/statuses/185038982063726592</link><generator><link>http://ubersocial.com</link><displayName>UberSocial for BlackBerry</displayName></generator><postedTime>2012-03-28T16:21:45.000Z</postedTime><provider><link>http://www.twitter.com</link><displayName>Twitter</displayName><objectType>service</objectType></provider><object><summary>RT @zombietraining: If you don’t own a firearm, there’s some good news…. Gerber &amp; Cold Steel are putting out some awesome/affordable blades.</summary><id>object:search.twitter.com,2005:185038982063726592</id><link>http://twitter.com/leroy517/statuses/185038982063726592</link><postedTime>2012-03-28T16:21:45.000Z</postedTime><objectType>note</objectType></object><actor><summary>K koos NaSk...

LOVE @__amm !, 
#Zundapp 
#Chill
#TeamClassy
Come and get it!
</summary><twitterTimeZone>Greenland</twitterTimeZone><friendsCount>93</friendsCount><location><displayName>In the Borderlands...</displayName><objectType>place</objectType></location><link>http://www.twitter.com/leroy517</link><postedTime>2010-10-31T21:13:35.000Z</postedTime><image>http://a0.twimg.com/profile_images/1650591999/IMG00955-20110429-1456_normal.jpg</image><links><links><rel>me</rel><href/></links></links><listedCount>0</listedCount><id>id:twitter.com:210607571</id><languages><languages>en</languages></languages><utcOffset>-10800</utcOffset><followersCount>89</followersCount><preferredUsername>leroy517</preferredUsername><displayName>Leroy</displayName><statusesCount>10388</statusesCount><objectType>person</objectType></actor><twitter_entities><hashtags/><user_mentions><user_mentions><indices><indices>3</indices><indices>18</indices></indices><name>Zombie Training</name><id_str>177667410</id_str><id>177667410</id><screen_name>zombietraining</screen_name></user_mentions></user_mentions><urls/></twitter_entities><objectType>activity</objectType><platform>twitter</platform><posted_date>2012-03-28</posted_date><followers>89</followers><statuses>10388</statuses><region>Greenland</region></marklogic>