<?xml version="1.0" encoding="UTF-8"?>
<marklogic><id>tag:search.twitter.com,2005:185041261256908800</id><type>P</type><type>P</type><body>Why would a <product_name company="Nestle">Lean Cuisine</product_name> take 10mins to <adverse_event>Heat</adverse_event> up? That defeats the purpose of a quick lunch! #impatient</body><verb>post</verb><link>http://twitter.com/ThFBJunkie/statuses/185041261256908800</link><generator><link>http://www.echofon.com/</link><displayName>Echofon</displayName></generator><postedTime>2012-03-28T16:30:49.000Z</postedTime><provider><link>http://www.twitter.com</link><displayName>Twitter</displayName><objectType>service</objectType></provider><object><summary>Why would a Lean Cuisine take 10mins to heat up? That defeats the purpose of a quick lunch! #impatient</summary><id>object:search.twitter.com,2005:185041261256908800</id><link>http://twitter.com/ThFBJunkie/statuses/185041261256908800</link><postedTime>2012-03-28T16:30:49.000Z</postedTime><objectType>note</objectType></object><actor><summary>•Tight Jeans Tattoos Cause I'm Rock 'n' Roll• &#13;
Fashion &amp; Everything Blogger. Coffee Enthusiast. Glitter Lover. I like cool shit, so I write about it. </summary><twitterTimeZone>Eastern Time (US &amp; Canada)</twitterTimeZone><friendsCount>491</friendsCount><location><displayName>NYC </displayName><objectType>place</objectType></location><link>http://www.twitter.com/ThFBJunkie</link><postedTime>2009-04-02T02:21:46.000Z</postedTime><image>http://a0.twimg.com/profile_images/1974729432/ThFBJunkie_normal.jpg</image><links><links><rel>me</rel><href>http://TheFashionBeautyJunkie.Com</href></links></links><listedCount>20</listedCount><id>id:twitter.com:28259778</id><languages><languages>en</languages></languages><utcOffset>-18000</utcOffset><followersCount>469</followersCount><preferredUsername>ThFBJunkie</preferredUsername><displayName> Suma ☠</displayName><statusesCount>9717</statusesCount><objectType>person</objectType></actor><twitter_entities><hashtags><hashtags><text>impatient</text><indices><indices>92</indices><indices>102</indices></indices></hashtags></hashtags><urls/><user_mentions/></twitter_entities><objectType>activity</objectType><platform>twitter</platform><posted_date>2012-03-28</posted_date><followers>469</followers><statuses>9717</statuses><region>Eastern</region></marklogic>