<?xml version="1.0" encoding="UTF-8"?>
<marklogic><id>tag:search.twitter.com,2005:185033756753674240</id><type>P</type><type>P</type><body>Pour out sum liquor as I reminise cause thru da 6eef I can  <product_name company="Kimberly Clark">Depend</product_name> on my <adverse_event>Heat</adverse_event></body><verb>post</verb><link>http://twitter.com/YK_SMASHIN/statuses/185033756753674240</link><generator><link>http://twitter.com/download/android</link><displayName>Twitter for Android</displayName></generator><postedTime>2012-03-28T16:01:00.000Z</postedTime><provider><link>http://www.twitter.com</link><displayName>Twitter</displayName><objectType>service</objectType></provider><object><summary>Pour out sum liquor as I reminise cause thru da 6eef I can always depend on my heat</summary><id>object:search.twitter.com,2005:185033756753674240</id><link>http://twitter.com/YK_SMASHIN/statuses/185033756753674240</link><postedTime>2012-03-28T16:01:00.000Z</postedTime><objectType>note</objectType></object><actor><summary/><twitterTimeZone>Central Time (US &amp; Canada)</twitterTimeZone><friendsCount>610</friendsCount><location><displayName>In Yo Hood</displayName><objectType>place</objectType></location><link>http://www.twitter.com/YK_SMASHIN</link><postedTime>2010-12-30T02:36:17.000Z</postedTime><image>http://a0.twimg.com/profile_images/1872599210/k5SMXTdq_normal</image><links><links><rel>me</rel><href/></links></links><listedCount>1</listedCount><id>id:twitter.com:232024900</id><languages><languages>en</languages></languages><utcOffset>-21600</utcOffset><followersCount>364</followersCount><preferredUsername>YK_SMASHIN</preferredUsername><displayName>Devan Kent</displayName><statusesCount>6058</statusesCount><objectType>person</objectType></actor><twitter_entities><hashtags/><user_mentions/><urls/></twitter_entities><objectType>activity</objectType><platform>twitter</platform><posted_date>2012-03-28</posted_date><followers>364</followers><statuses>6058</statuses><region>Central</region></marklogic>