<?xml version="1.0" encoding="UTF-8"?>
<marklogic><id>tag:search.twitter.com,2005:185062517947633665</id><type>P</type><type>P</type><inReplyTo><link>http://twitter.com/_Teflon_Budda_/statuses/185061017682837504</link></inReplyTo><body>@_Teflon_Budda_ but it so slave hot under the bush in africanesque <adverse_event>Heat</adverse_event> of baton <product_name company="P&amp;G">Rouge</product_name>... don't know if I would make it...</body><verb>post</verb><link>http://twitter.com/iCThaBitchNU/statuses/185062517947633665</link><generator><link>http://www.tweetdeck.com</link><displayName>TweetDeck</displayName></generator><postedTime>2012-03-28T17:55:17.000Z</postedTime><provider><link>http://www.twitter.com</link><displayName>Twitter</displayName><objectType>service</objectType></provider><object><summary>@_Teflon_Budda_ but it so slave hot under the bush in africanesque heat of baton rouge... don't know if I would make it...</summary><id>object:search.twitter.com,2005:185062517947633665</id><link>http://twitter.com/iCThaBitchNU/statuses/185062517947633665</link><postedTime>2012-03-28T17:55:17.000Z</postedTime><objectType>note</objectType></object><actor><summary>Inhale Deep...Think Deeper...</summary><twitterTimeZone>Central Time (US &amp; Canada)</twitterTimeZone><friendsCount>207</friendsCount><location><displayName>a little outside my mind...</displayName><objectType>place</objectType></location><link>http://www.twitter.com/iCThaBitchNU</link><postedTime>2009-01-30T02:51:21.000Z</postedTime><image>http://a0.twimg.com/profile_images/1657198148/tree_normal.jpg</image><links><links><rel>me</rel><href>http://www.facebook.com/mike.relic</href></links></links><listedCount>2</listedCount><id>id:twitter.com:19750624</id><languages><languages>en</languages></languages><utcOffset>-21600</utcOffset><followersCount>228</followersCount><preferredUsername>iCThaBitchNU</preferredUsername><displayName>Mike ReLiC</displayName><statusesCount>20009</statusesCount><objectType>person</objectType></actor><twitter_entities><hashtags/><user_mentions><user_mentions><indices><indices>0</indices><indices>15</indices></indices><id_str>199393483</id_str><name>_Nino_Brown_</name><id>199393483</id><screen_name>_Teflon_Budda_</screen_name></user_mentions></user_mentions><urls/></twitter_entities><objectType>activity</objectType><platform>twitter</platform><posted_date>2012-03-28</posted_date><followers>228</followers><statuses>20009</statuses><region>Central</region></marklogic>