<?xml version="1.0" encoding="UTF-8"?>
<marklogic><id>tag:search.twitter.com,2005:185053091027103744</id><type>P</type><type>P</type><body><product_name company="Johnson - Johnson">Benadryl</product_name> for <adverse_event>Itching</adverse_event> rash http://t.co/32qXunbX</body><verb>post</verb><link>http://twitter.com/tujicekyn/statuses/185053091027103744</link><generator><link>http://twitter.com</link><displayName>web</displayName></generator><postedTime>2012-03-28T17:17:49.000Z</postedTime><provider><link>http://www.twitter.com</link><displayName>Twitter</displayName><objectType>service</objectType></provider><object><summary>benadryl for itching rash http://t.co/32qXunbX</summary><id>object:search.twitter.com,2005:185053091027103744</id><link>http://twitter.com/tujicekyn/statuses/185053091027103744</link><postedTime>2012-03-28T17:17:49.000Z</postedTime><objectType>note</objectType></object><actor><summary/><twitterTimeZone/><friendsCount>56</friendsCount><link>http://www.twitter.com/tujicekyn</link><postedTime>2011-12-18T08:21:09.000Z</postedTime><image>http://a0.twimg.com/sticky/default_profile_images/default_profile_2_normal.png</image><links><links><rel>me</rel><href/></links></links><listedCount>0</listedCount><id>id:twitter.com:439853024</id><languages><languages>en</languages></languages><utcOffset/><followersCount>7</followersCount><preferredUsername>tujicekyn</preferredUsername><displayName>Gexog Xobozoj</displayName><statusesCount>460</statusesCount><objectType>person</objectType></actor><twitter_entities><hashtags/><user_mentions/><urls><urls><indices><indices>26</indices><indices>46</indices></indices><expanded_url>http://benadryl-for-itching-rash.cheapillsshop.com</expanded_url><display_url>…yl-for-itching-rash.cheapillsshop.com</display_url><url>http://t.co/32qXunbX</url></urls></urls></twitter_entities><objectType>activity</objectType><platform>twitter</platform><posted_date>2012-03-28</posted_date><followers>7</followers><statuses>460</statuses><region>N.A.</region></marklogic>