<?xml version="1.0" encoding="UTF-8"?>
<marklogic><id>tag:search.twitter.com,2005:185042606315675648</id><type>P</type><type>P</type><body><product_name company="Johnson - Johnson">Tylenol</product_name> liquid <adverse_event>Sore throat</adverse_event> http://t.co/QsdnV4Dd</body><verb>post</verb><link>http://twitter.com/jozaqomafete/statuses/185042606315675648</link><generator><link>http://twitter.com</link><displayName>web</displayName></generator><postedTime>2012-03-28T16:36:09.000Z</postedTime><provider><link>http://www.twitter.com</link><displayName>Twitter</displayName><objectType>service</objectType></provider><object><summary>tylenol liquid sore throat http://t.co/QsdnV4Dd</summary><id>object:search.twitter.com,2005:185042606315675648</id><link>http://twitter.com/jozaqomafete/statuses/185042606315675648</link><postedTime>2012-03-28T16:36:09.000Z</postedTime><objectType>note</objectType></object><actor><summary>Van Halen to listen, Germany, Year Zero to watch. Me: struggles and misgivings.&#13;</summary><twitterTimeZone/><friendsCount>33</friendsCount><location><displayName>United States&#13;</displayName><objectType>place</objectType></location><link>http://www.twitter.com/jozaqomafete</link><postedTime>2012-02-11T08:16:32.000Z</postedTime><image>http://a0.twimg.com/profile_images/1821033808/395_normal.gif</image><links><links><rel>me</rel><href/></links></links><listedCount>0</listedCount><id>id:twitter.com:489183597</id><languages><languages>en</languages></languages><utcOffset/><followersCount>8</followersCount><preferredUsername>jozaqomafete</preferredUsername><displayName>willrett</displayName><statusesCount>74</statusesCount><objectType>person</objectType></actor><twitter_entities><hashtags/><user_mentions/><urls><urls><indices><indices>27</indices><indices>47</indices></indices><expanded_url>http://tylenol-liquid-sore-throat.cheapillsshop.com</expanded_url><display_url>…-liquid-sore-throat.cheapillsshop.com</display_url><url>http://t.co/QsdnV4Dd</url></urls></urls></twitter_entities><objectType>activity</objectType><platform>twitter</platform><posted_date>2012-03-28</posted_date><followers>8</followers><statuses>74</statuses><region>N.A.</region></marklogic>