<?xml version="1.0" encoding="UTF-8"?>
<marklogic><id>tag:search.twitter.com,2005:185054296142917632</id><type>P</type><type>P</type><body>Am missin d air... <adverse_event>Cold</adverse_event> on ma lips.space on mah mind..angels in ma dream mmmm..peace and <product_name company="Unilever">Comfort</product_name> aroma of new begginin ..missin Ÿu ma luv..</body><verb>post</verb><link>http://twitter.com/sexiecord1/statuses/185054296142917632</link><generator><link>http://blackberry.com/twitter</link><displayName>Twitter for BlackBerry®</displayName></generator><postedTime>2012-03-28T17:22:37.000Z</postedTime><provider><link>http://www.twitter.com</link><displayName>Twitter</displayName><objectType>service</objectType></provider><object><summary>Am missin d air... Cold on ma lips.space on mah mind..angels in ma dream mmmm..peace and comfort aroma of new begginin ..missin Ÿu ma luv..</summary><id>object:search.twitter.com,2005:185054296142917632</id><link>http://twitter.com/sexiecord1/statuses/185054296142917632</link><postedTime>2012-03-28T17:22:37.000Z</postedTime><objectType>note</objectType></object><actor><summary>I ♥luv♥ sexies™...</summary><twitterTimeZone>Paris</twitterTimeZone><friendsCount>70</friendsCount><location><displayName>YABA LEFT© </displayName><objectType>place</objectType></location><link>http://www.twitter.com/sexiecord1</link><postedTime>2011-11-04T03:24:14.000Z</postedTime><image>http://a0.twimg.com/profile_images/1964394039/IMG01016-20120326-0912_normal.jpg</image><links><links><rel>me</rel><href/></links></links><listedCount>1</listedCount><id>id:twitter.com:404572108</id><languages><languages>en</languages></languages><utcOffset>3600</utcOffset><followersCount>62</followersCount><preferredUsername>sexiecord1</preferredUsername><displayName>♠Sexiecord©™(•͡_ •͡&#13;</displayName><statusesCount>566</statusesCount><objectType>person</objectType></actor><twitter_entities><hashtags/><urls/><user_mentions/></twitter_entities><objectType>activity</objectType><platform>twitter</platform><posted_date>2012-03-28</posted_date><followers>62</followers><statuses>566</statuses><region>Paris</region></marklogic>