<?xml version="1.0" encoding="UTF-8"?>
<marklogic><id>tag:search.twitter.com,2005:185045778169991168</id><type>P</type><type>P</type><body>We need to cyph RT @Ricky_Waters_17: I'm so high I could <adverse_event>Vomit</adverse_event> on <product_name company="P&amp;G">Comet</product_name></body><verb>post</verb><link>http://twitter.com/BluntWatch/statuses/185045778169991168</link><generator><link>http://tweetlogix.com</link><displayName>Tweetlogix</displayName></generator><postedTime>2012-03-28T16:48:46.000Z</postedTime><provider><link>http://www.twitter.com</link><displayName>Twitter</displayName><objectType>service</objectType></provider><object><summary>We need to cyph RT @Ricky_Waters_17: I'm so high I could vomit on comet</summary><id>object:search.twitter.com,2005:185045778169991168</id><link>http://twitter.com/BluntWatch/statuses/185045778169991168</link><postedTime>2012-03-28T16:48:46.000Z</postedTime><objectType>note</objectType></object><actor><summary>Instagram: hightimesbk</summary><twitterTimeZone>Central Time (US &amp; Canada)</twitterTimeZone><friendsCount>604</friendsCount><location><displayName>Good Morning Vietnam</displayName><objectType>place</objectType></location><link>http://www.twitter.com/BluntWatch</link><postedTime>2011-01-11T19:19:13.000Z</postedTime><image>http://a0.twimg.com/profile_images/1978510461/image_normal.jpg</image><links><links><rel>me</rel><href/></links></links><listedCount>3</listedCount><id>id:twitter.com:236960097</id><languages><languages>en</languages></languages><utcOffset>-21600</utcOffset><followersCount>620</followersCount><preferredUsername>BluntWatch</preferredUsername><displayName>E</displayName><statusesCount>17667</statusesCount><objectType>person</objectType></actor><twitter_entities><user_mentions><user_mentions><indices><indices>19</indices><indices>35</indices></indices><screen_name>Ricky_Waters_17</screen_name><name>Steven Echevarria</name><id_str>284325002</id_str><id>284325002</id></user_mentions></user_mentions><urls/><hashtags/></twitter_entities><objectType>activity</objectType><platform>twitter</platform><posted_date>2012-03-28</posted_date><followers>620</followers><statuses>17667</statuses><region>Central</region></marklogic>