<?xml version="1.0" encoding="UTF-8"?>
<marklogic><id>tag:search.twitter.com,2005:185048677411328000</id><type>P</type><type>P</type><body>This <product_name company="Wyeth">Advil</product_name> still ain't kick in -_- #<adverse_event>Headache</adverse_event></body><verb>post</verb><link>http://twitter.com/MulaWave/statuses/185048677411328000</link><generator><link>http://twitter.com/download/android</link><displayName>Twitter for Android</displayName></generator><postedTime>2012-03-28T17:00:17.000Z</postedTime><provider><link>http://www.twitter.com</link><displayName>Twitter</displayName><objectType>service</objectType></provider><object><summary>This advil still ain't kick in -_- #headache</summary><id>object:search.twitter.com,2005:185048677411328000</id><link>http://twitter.com/MulaWave/statuses/185048677411328000</link><postedTime>2012-03-28T17:00:17.000Z</postedTime><objectType>note</objectType></object><actor><summary>PURE BREED SHORTY/ARTIST IN THE MAKING.#GET$$$$$ #TEAMDARKSKIN #TEAMTATTED #TEAMWAVY #TEAMJERSEY #NSU #COLLEGEGIRL #TEAMLIKEDAT #ARTISTIC #GET$$$$$ #F.T.W </summary><twitterTimeZone>Eastern Time (US &amp; Canada)</twitterTimeZone><friendsCount>224</friendsCount><location><displayName>Trenton, NJ</displayName><objectType>place</objectType></location><link>http://www.twitter.com/MulaWave</link><postedTime>2011-06-24T20:05:55.000Z</postedTime><image>http://a0.twimg.com/profile_images/1411551097/twit_normal.jpg</image><links><links><rel>me</rel><href/></links></links><listedCount>0</listedCount><id>id:twitter.com:323420381</id><languages><languages>en</languages></languages><utcOffset>-18000</utcOffset><followersCount>167</followersCount><preferredUsername>MulaWave</preferredUsername><displayName>$hy-Moneyvel</displayName><statusesCount>1714</statusesCount><objectType>person</objectType></actor><twitter_entities><hashtags><hashtags><text>headache</text><indices><indices>35</indices><indices>44</indices></indices></hashtags></hashtags><user_mentions/><urls/></twitter_entities><objectType>activity</objectType><platform>twitter</platform><posted_date>2012-03-28</posted_date><followers>167</followers><statuses>1714</statuses><region>Eastern</region></marklogic>