<?xml version="1.0" encoding="UTF-8"?>
<marklogic><id>tag:search.twitter.com,2005:185037408981618689</id><type>P</type><type>P</type><body>Rid yourself of <adverse_event>Dry skin</adverse_event> problems! #Win <product_name company="Beiersdorf">Eucerin</product_name> Professional Repair + $125 Visa GC #giveaway Ends 4/16 http://t.co/tUbNH5FZ</body><verb>post</verb><link>http://twitter.com/LadyColor/statuses/185037408981618689</link><generator><link>http://twitter.com/tweetbutton</link><displayName>Tweet Button</displayName></generator><postedTime>2012-03-28T16:15:30.000Z</postedTime><provider><link>http://www.twitter.com</link><displayName>Twitter</displayName><objectType>service</objectType></provider><object><summary>Rid yourself of dry skin problems! #Win Eucerin Professional Repair + $125 Visa GC #giveaway Ends 4/16 http://t.co/tUbNH5FZ</summary><id>object:search.twitter.com,2005:185037408981618689</id><link>http://twitter.com/LadyColor/statuses/185037408981618689</link><postedTime>2012-03-28T16:15:30.000Z</postedTime><objectType>note</objectType></object><actor><summary/><twitterTimeZone/><friendsCount>1140</friendsCount><location><displayName>Millbury, MA</displayName><objectType>place</objectType></location><link>http://www.twitter.com/LadyColor</link><postedTime>2009-12-10T01:31:43.000Z</postedTime><image>http://a0.twimg.com/profile_images/1709857509/images_moon_normal.jpeg</image><links><links><rel>me</rel><href/></links></links><listedCount>1</listedCount><id>id:twitter.com:95790611</id><languages><languages>en</languages></languages><utcOffset/><followersCount>161</followersCount><preferredUsername>LadyColor</preferredUsername><displayName>Sandy Brown</displayName><statusesCount>655</statusesCount><objectType>person</objectType></actor><twitter_entities><hashtags><hashtags><text>Win</text><indices><indices>35</indices><indices>39</indices></indices></hashtags><hashtags><text>giveaway</text><indices><indices>83</indices><indices>92</indices></indices></hashtags></hashtags><user_mentions/><urls><urls><indices><indices>103</indices><indices>123</indices></indices><expanded_url>http://www.anutinanutshell.com/2012/03/eucerin-professional-repair/comment-page-21/</expanded_url><display_url>anutinanutshell.com/2012/03/euceri…</display_url><url>http://t.co/tUbNH5FZ</url></urls></urls></twitter_entities><objectType>activity</objectType><platform>twitter</platform><posted_date>2012-03-28</posted_date><followers>161</followers><statuses>655</statuses><region>N.A.</region></marklogic>