<?xml version="1.0" encoding="UTF-8"?>
<marklogic><id>tag:search.twitter.com,2005:185035682803236866</id><type>P</type><type>P</type><body>Anyone have <adverse_event>Headache</adverse_event> medication? # #<product_name company="Johnson - Johnson">Tylenol</product_name> #Aspirin #anything</body><verb>post</verb><link>http://twitter.com/iJulliaaa/statuses/185035682803236866</link><generator><link>http://twitter.com/#!/download/iphone</link><displayName>Twitter for iPhone</displayName></generator><postedTime>2012-03-28T16:08:39.000Z</postedTime><provider><link>http://www.twitter.com</link><displayName>Twitter</displayName><objectType>service</objectType></provider><object><summary>Anyone have headache medication? #Advil #Tylenol #Aspirin #anything</summary><id>object:search.twitter.com,2005:185035682803236866</id><link>http://twitter.com/iJulliaaa/statuses/185035682803236866</link><postedTime>2012-03-28T16:08:39.000Z</postedTime><objectType>note</objectType></object><actor><summary>that follow button.. yea its prettttty sexy.. id tap that if i were you;)</summary><twitterTimeZone>Quito</twitterTimeZone><friendsCount>114</friendsCount><link>http://www.twitter.com/iJulliaaa</link><postedTime>2011-07-15T19:07:00.000Z</postedTime><image>http://a2.twimg.com/profile_images/1676364777/image_normal.jpg</image><links><links><rel>me</rel><href/></links></links><listedCount>0</listedCount><id>id:twitter.com:336106960</id><languages><languages>en</languages></languages><utcOffset>-18000</utcOffset><followersCount>247</followersCount><preferredUsername>iJulliaaa</preferredUsername><displayName>Julia Stanton✌</displayName><statusesCount>7287</statusesCount><objectType>person</objectType></actor><twitter_entities><hashtags><hashtags><text>Advil</text><indices><indices>33</indices><indices>39</indices></indices></hashtags><hashtags><text>Tylenol</text><indices><indices>40</indices><indices>48</indices></indices></hashtags><hashtags><text>Aspirin</text><indices><indices>49</indices><indices>57</indices></indices></hashtags><hashtags><text>anything</text><indices><indices>58</indices><indices>67</indices></indices></hashtags></hashtags><user_mentions/><urls/></twitter_entities><objectType>activity</objectType><platform>twitter</platform><posted_date>2012-03-28</posted_date><followers>247</followers><statuses>7287</statuses><region>Quito</region></marklogic>