<?xml version="1.0" encoding="UTF-8"?>
<marklogic><id>tag:search.twitter.com,2005:185059490683568128</id><type>P</type><type>P</type><body>Another no <adverse_event>Dry eyes</adverse_event> wed post RT @dogster 5-<product_name company="Kimberly Clark">Kleenex</product_name> Story of the Day: Man's Last Wish Is to Have His Dog at His Deathbed http://t.co/Xn4cC54U</body><verb>post</verb><link>http://twitter.com/PawesomeNet/statuses/185059490683568128</link><generator><link>http://red-badger.com</link><displayName>Birdsong for Windows Phone</displayName></generator><postedTime>2012-03-28T17:43:15.000Z</postedTime><provider><link>http://www.twitter.com</link><displayName>Twitter</displayName><objectType>service</objectType></provider><object><summary>Another no dry eyes wed post RT @dogster 5-Kleenex Story of the Day: Man's Last Wish Is to Have His Dog at His Deathbed http://t.co/Xn4cC54U</summary><id>object:search.twitter.com,2005:185059490683568128</id><link>http://twitter.com/PawesomeNet/statuses/185059490683568128</link><postedTime>2012-03-28T17:43:15.000Z</postedTime><objectType>note</objectType></object><actor><summary>A place for pet lovers to learn more about and share their love of furry, feathered and finned friends.</summary><twitterTimeZone/><friendsCount>110</friendsCount><link>http://www.twitter.com/PawesomeNet</link><postedTime>2010-02-21T21:34:14.000Z</postedTime><image>http://a0.twimg.com/profile_images/1083264839/pawesome-logo-twitter_normal.jpg</image><links><links><rel>me</rel><href>http://www.pawesome.net</href></links></links><listedCount>39</listedCount><id>id:twitter.com:116278244</id><languages><languages>en</languages></languages><utcOffset/><followersCount>930</followersCount><preferredUsername>PawesomeNet</preferredUsername><displayName>Pawesome</displayName><statusesCount>2892</statusesCount><objectType>person</objectType></actor><twitter_entities><hashtags/><user_mentions><user_mentions><indices><indices>32</indices><indices>40</indices></indices><id_str>2601311</id_str><name>Dogster</name><id>2601311</id><screen_name>dogster</screen_name></user_mentions></user_mentions><urls><urls><indices><indices>120</indices><indices>140</indices></indices><expanded_url>http://bit.ly/Hjd5Lx</expanded_url><display_url>bit.ly/Hjd5Lx</display_url><url>http://t.co/Xn4cC54U</url></urls></urls></twitter_entities><objectType>activity</objectType><platform>twitter</platform><posted_date>2012-03-28</posted_date><followers>930</followers><statuses>2892</statuses><region>N.A.</region></marklogic>