<?xml version="1.0" encoding="UTF-8"?>
<marklogic><id>tag:search.twitter.com,2005:185035355949502465</id><type>P</type><type>P</type><body>Tonight, Im'ma fight 'till we see the <product_name company="Unilever">Sunlight</product_name>! <adverse_event>Tic</adverse_event> toc, round te clock, but the PARA don't stoppin', no! (OH WHOA WHOA OH)</body><verb>post</verb><link>http://twitter.com/SarahMMolina/statuses/185035355949502465</link><generator><link>http://twitter.com</link><displayName>web</displayName></generator><postedTime>2012-03-28T16:07:21.000Z</postedTime><provider><link>http://www.twitter.com</link><displayName>Twitter</displayName><objectType>service</objectType></provider><object><summary>Tonight, Im'ma fight 'till we see the sunlight! Tic toc, round te clock, but the PARA don't stoppin', no! (OH WHOA WHOA OH)</summary><id>object:search.twitter.com,2005:185035355949502465</id><link>http://twitter.com/SarahMMolina/statuses/185035355949502465</link><postedTime>2012-03-28T16:07:21.000Z</postedTime><objectType>note</objectType></object><actor><summary>That kid who wants to glow in the dark, literally and figuratively.</summary><twitterTimeZone>Taipei</twitterTimeZone><friendsCount>194</friendsCount><location><displayName>MNL, Philippines</displayName><objectType>place</objectType></location><link>http://www.twitter.com/SarahMMolina</link><postedTime>2009-11-06T03:47:12.000Z</postedTime><image>http://a0.twimg.com/profile_images/1574866374/Untitled_normal.jpg</image><links><links><rel>me</rel><href>http://aranellia.tumblr.com</href></links></links><listedCount>0</listedCount><id>id:twitter.com:87860885</id><languages><languages>en</languages></languages><utcOffset>28800</utcOffset><followersCount>138</followersCount><preferredUsername>SarahMMolina</preferredUsername><displayName>Sarah Molina</displayName><statusesCount>1066</statusesCount><objectType>person</objectType></actor><twitter_entities><hashtags/><user_mentions/><urls/></twitter_entities><objectType>activity</objectType><platform>twitter</platform><posted_date>2012-03-28</posted_date><followers>138</followers><statuses>1066</statuses><region>Taipei</region></marklogic>