<?xml version="1.0" encoding="UTF-8"?>
<marklogic><id>tag:search.twitter.com,2005:185061589332918272</id><type>P</type><type>P</type><body>Somebody has left their ice-<adverse_event>Cold</adverse_event> <product_name company="N.A.">Pepsi</product_name> next to me. I WANT IT.</body><verb>post</verb><link>http://twitter.com/Christurrphurr/statuses/185061589332918272</link><generator><link>http://twitter.com</link><displayName>web</displayName></generator><postedTime>2012-03-28T17:51:35.000Z</postedTime><provider><link>http://www.twitter.com</link><displayName>Twitter</displayName><objectType>service</objectType></provider><object><summary>Somebody has left their ice-cold Pepsi next to me. I WANT IT.</summary><id>object:search.twitter.com,2005:185061589332918272</id><link>http://twitter.com/Christurrphurr/statuses/185061589332918272</link><postedTime>2012-03-28T17:51:35.000Z</postedTime><objectType>note</objectType></object><actor><summary>I let it go. It's like swimming against the current. It exhausts you. After a while, whoever you are, you just have to let go, and the river brings you home.</summary><twitterTimeZone>Quito</twitterTimeZone><friendsCount>117</friendsCount><location><displayName>Barbados</displayName><objectType>place</objectType></location><link>http://www.twitter.com/Christurrphurr</link><postedTime>2009-08-12T15:25:23.000Z</postedTime><image>http://a0.twimg.com/profile_images/1385036185/116_normal.JPG</image><links><links><rel>me</rel><href/></links></links><listedCount>0</listedCount><id>id:twitter.com:65063029</id><languages><languages>en</languages></languages><utcOffset>-18000</utcOffset><followersCount>128</followersCount><preferredUsername>Christurrphurr</preferredUsername><displayName>Christopher Warner</displayName><statusesCount>5385</statusesCount><objectType>person</objectType></actor><twitter_entities><hashtags/><urls/><user_mentions/></twitter_entities><objectType>activity</objectType><platform>twitter</platform><posted_date>2012-03-28</posted_date><followers>128</followers><statuses>5385</statuses><region>Quito</region></marklogic>