<?xml version="1.0" encoding="UTF-8"?>
<marklogic><id>tag:search.twitter.com,2005:185075193604083712</id><type>P</type><type>P</type><body>DivaDebbi: Update:  <product_name company="L'Oreal">Garnier</product_name> Skin Renew Dark <adverse_event>Spot</adverse_event> Corrector at... http://t.co/5vx2FmAn OMG. Check out the amazing photo results. A miracle...</body><verb>post</verb><link>http://twitter.com/followDivaDebbi/statuses/185075193604083712</link><generator><link>http://twitter.com/tweetbutton</link><displayName>Tweet Button</displayName></generator><postedTime>2012-03-28T18:45:39.000Z</postedTime><provider><link>http://www.twitter.com</link><displayName>Twitter</displayName><objectType>service</objectType></provider><object><summary>DivaDebbi: Update:  Garnier Skin Renew Dark Spot Corrector at... http://t.co/5vx2FmAn OMG. Check out the amazing photo results. A miracle...</summary><id>object:search.twitter.com,2005:185075193604083712</id><link>http://twitter.com/followDivaDebbi/statuses/185075193604083712</link><postedTime>2012-03-28T18:45:39.000Z</postedTime><objectType>note</objectType></object><actor><summary>Beauty/Fashion Blogger, Personal Shopper, Glamazon, Beauty and Fashion obsessed since birth. Snarky, but I've learned to keep it to myself...mostly.</summary><twitterTimeZone>Eastern Time (US &amp; Canada)</twitterTimeZone><friendsCount>166</friendsCount><location><displayName>N.Y./ Ct.</displayName><objectType>place</objectType></location><link>http://www.twitter.com/followDivaDebbi</link><postedTime>2009-05-19T03:01:31.000Z</postedTime><image>http://a0.twimg.com/profile_images/1776028415/Chambord-sketch-Dd_head_normal.jpg</image><links><links><rel>me</rel><href>http://www.Divadebbi.com</href></links></links><listedCount>5</listedCount><id>id:twitter.com:41040414</id><languages><languages>en</languages></languages><utcOffset>-18000</utcOffset><followersCount>166</followersCount><preferredUsername>followDivaDebbi</preferredUsername><displayName>DivaDebbi</displayName><statusesCount>829</statusesCount><objectType>person</objectType></actor><twitter_entities><hashtags/><user_mentions/><urls><urls><indices><indices>65</indices><indices>85</indices></indices><expanded_url>http://divadebbi.blogspot.com/2012/03/update-garnier-skin-renew-dark-spot.html?spref=tw</expanded_url><display_url>divadebbi.blogspot.com/2012/03/update…</display_url><url>http://t.co/5vx2FmAn</url></urls></urls></twitter_entities><objectType>activity</objectType><platform>twitter</platform><posted_date>2012-03-28</posted_date><followers>166</followers><statuses>829</statuses><region>Eastern</region></marklogic>