<?xml version="1.0" encoding="UTF-8"?>
<marklogic><id>tag:search.twitter.com,2005:185077290827399170</id><type>P</type><type>P</type><body>ORANGE SHELLAC: Orange <product_name company="N.A.">Flake</product_name> shellac holds objects for chasing, engraving, or setting. <adverse_event>Heat</adverse_event> to apply. Comes in a... http://t.co/NNDFMa48</body><verb>post</verb><link>http://twitter.com/Georgianaoutstr/statuses/185077290827399170</link><generator><link>http://twitterfeed.com</link><displayName>twitterfeed</displayName></generator><postedTime>2012-03-28T18:53:59.000Z</postedTime><provider><link>http://www.twitter.com</link><displayName>Twitter</displayName><objectType>service</objectType></provider><object><summary>ORANGE SHELLAC: Orange flake shellac holds objects for chasing, engraving, or setting. Heat to apply. Comes in a... http://t.co/NNDFMa48</summary><id>object:search.twitter.com,2005:185077290827399170</id><link>http://twitter.com/Georgianaoutstr/statuses/185077290827399170</link><postedTime>2012-03-28T18:53:59.000Z</postedTime><objectType>note</objectType></object><actor><summary/><twitterTimeZone/><friendsCount>0</friendsCount><link>http://www.twitter.com/Georgianaoutstr</link><postedTime>2012-03-14T19:07:39.000Z</postedTime><image>http://a0.twimg.com/sticky/default_profile_images/default_profile_5_normal.png</image><links><links><rel>me</rel><href/></links></links><listedCount>0</listedCount><id>id:twitter.com:524636586</id><languages><languages>en</languages></languages><utcOffset/><followersCount>267</followersCount><preferredUsername>Georgianaoutstr</preferredUsername><displayName>Georgiana Ullum</displayName><statusesCount>8839</statusesCount><objectType>person</objectType></actor><twitter_entities><hashtags/><user_mentions/><urls><urls><indices><indices>116</indices><indices>136</indices></indices><expanded_url>http://amzn.to/rrihJu</expanded_url><display_url>amzn.to/rrihJu</display_url><url>http://t.co/NNDFMa48</url></urls></urls></twitter_entities><objectType>activity</objectType><platform>twitter</platform><posted_date>2012-03-28</posted_date><followers>267</followers><statuses>8839</statuses><region>N.A.</region></marklogic>