<?xml version="1.0" encoding="UTF-8"?>
<marklogic><id>tag:search.twitter.com,2005:185044321622425600</id><type>P</type><type>P</type><body>Got a horrible <adverse_event>Headache</adverse_event>. I hope a nap will help. If not there is  <product_name company="Wyeth">Advil</product_name>.</body><verb>post</verb><link>http://twitter.com/mumarov/statuses/185044321622425600</link><generator><link>http://twicca.r246.jp/</link><displayName>twicca</displayName></generator><postedTime>2012-03-28T16:42:58.000Z</postedTime><provider><link>http://www.twitter.com</link><displayName>Twitter</displayName><objectType>service</objectType></provider><object><summary>Got a horrible headache. I hope a nap will help. If not there is always advil.</summary><id>object:search.twitter.com,2005:185044321622425600</id><link>http://twitter.com/mumarov/statuses/185044321622425600</link><postedTime>2012-03-28T16:42:58.000Z</postedTime><objectType>note</objectType></object><actor><summary>I am an android lover. A dj. and an IT major and 20 :)</summary><twitterTimeZone>Eastern Time (US &amp; Canada)</twitterTimeZone><friendsCount>568</friendsCount><location><displayName>somewhere</displayName><objectType>place</objectType></location><link>http://www.twitter.com/mumarov</link><postedTime>2009-05-01T02:37:28.000Z</postedTime><image>http://a0.twimg.com/profile_images/1549499814/profile_normal.png</image><links><links><rel>me</rel><href>http://www.facebook.com/brzgw</href></links></links><listedCount>2</listedCount><id>id:twitter.com:36859421</id><languages><languages>en</languages></languages><utcOffset>-18000</utcOffset><followersCount>152</followersCount><preferredUsername>mumarov</preferredUsername><displayName>Brzgw</displayName><statusesCount>4490</statusesCount><objectType>person</objectType></actor><twitter_entities><hashtags/><user_mentions/><urls/></twitter_entities><objectType>activity</objectType><platform>twitter</platform><posted_date>2012-03-28</posted_date><followers>152</followers><statuses>4490</statuses><region>Eastern</region></marklogic>