<?xml version="1.0" encoding="UTF-8"?>
<marklogic><id>tag:search.twitter.com,2005:185069213180891137</id><type>P</type><type>P</type><body><product_name company="Clorox">Clorox</product_name> makes me <adverse_event>Sneeze</adverse_event> like crazy! Ahhh</body><verb>post</verb><link>http://twitter.com/VivaLaBueno/statuses/185069213180891137</link><generator><link>http://twitter.com/download/android</link><displayName>Twitter for Android</displayName></generator><postedTime>2012-03-28T18:21:53.000Z</postedTime><provider><link>http://www.twitter.com</link><displayName>Twitter</displayName><objectType>service</objectType></provider><object><summary>Clorox makes me sneeze like crazy! Ahhh</summary><id>object:search.twitter.com,2005:185069213180891137</id><link>http://twitter.com/VivaLaBueno/statuses/185069213180891137</link><postedTime>2012-03-28T18:21:53.000Z</postedTime><objectType>note</objectType></object><actor><summary>My name is Erica Bueno but what do I matter? @itsjanaisss @itsjanaisss @itsjanaisss @itsjanaisss. Follow her, then follow me ;)</summary><twitterTimeZone>Pacific Time (US &amp; Canada)</twitterTimeZone><friendsCount>688</friendsCount><location><displayName>My imagination.</displayName><objectType>place</objectType></location><link>http://www.twitter.com/VivaLaBueno</link><postedTime>2010-05-18T21:36:38.000Z</postedTime><image>http://a0.twimg.com/profile_images/1928095539/AjPh2xrCMAEmRFy.jpg-large_normal.jpeg</image><links><links><rel>me</rel><href/></links></links><listedCount>2</listedCount><id>id:twitter.com:145389861</id><languages><languages>en</languages></languages><utcOffset>-28800</utcOffset><followersCount>489</followersCount><preferredUsername>VivaLaBueno</preferredUsername><displayName>Erica The Good.</displayName><statusesCount>11231</statusesCount><objectType>person</objectType></actor><twitter_entities><hashtags/><user_mentions/><urls/></twitter_entities><objectType>activity</objectType><platform>twitter</platform><posted_date>2012-03-28</posted_date><followers>489</followers><statuses>11231</statuses><region>Pacific</region></marklogic>