<?xml version="1.0" encoding="UTF-8"?>
<marklogic><id>tag:search.twitter.com,2005:185047467916660737</id><type>P</type><type>P</type><body>is <product_name company="Johnson - Johnson">Tylenol</product_name> <adverse_event>Cold</adverse_event> severe is safe during pregnancy http://t.co/m2I3mShs</body><verb>post</verb><link>http://twitter.com/cogejiw/statuses/185047467916660737</link><generator><link>http://twitter.com</link><displayName>web</displayName></generator><postedTime>2012-03-28T16:55:29.000Z</postedTime><provider><link>http://www.twitter.com</link><displayName>Twitter</displayName><objectType>service</objectType></provider><object><summary>is tylenol cold severe is safe during pregnancy http://t.co/m2I3mShs</summary><id>object:search.twitter.com,2005:185047467916660737</id><link>http://twitter.com/cogejiw/statuses/185047467916660737</link><postedTime>2012-03-28T16:55:29.000Z</postedTime><objectType>note</objectType></object><actor><summary>I'm definite and memorable. Also heavy, nonconforming and fidgety. Favorite movie - And the Ship Sails On.</summary><twitterTimeZone/><friendsCount>67</friendsCount><location><displayName>US</displayName><objectType>place</objectType></location><link>http://www.twitter.com/cogejiw</link><postedTime>2011-12-09T18:27:33.000Z</postedTime><image>http://a0.twimg.com/profile_images/1684105389/949_normal.gif</image><links><links><rel>me</rel><href/></links></links><listedCount>0</listedCount><id>id:twitter.com:432733212</id><languages><languages>en</languages></languages><utcOffset/><followersCount>22</followersCount><preferredUsername>cogejiw</preferredUsername><displayName>Eunice Bucklan</displayName><statusesCount>450</statusesCount><objectType>person</objectType></actor><twitter_entities><hashtags/><urls><urls><indices><indices>48</indices><indices>68</indices></indices><expanded_url>http://is-tylenol-cold-severe-is-safe-during-pregnancy.cheapillsshop.com</expanded_url><display_url>…fe-during-pregnancy.cheapillsshop.com</display_url><url>http://t.co/m2I3mShs</url></urls></urls><user_mentions/></twitter_entities><objectType>activity</objectType><platform>twitter</platform><posted_date>2012-03-28</posted_date><followers>22</followers><statuses>450</statuses><region>N.A.</region></marklogic>