<?xml version="1.0" encoding="UTF-8"?>
<marklogic><id>tag:search.twitter.com,2005:185065987824041984</id><type>P</type><type>P</type><inReplyTo><link>http://twitter.com/pl3asurep/statuses/185065198007238656</link></inReplyTo><body>@pl3asurep almost everyone in this house is sick but me so I been taking a little <product_name company="N.A.">NyQuil</product_name> each night to avoid a <adverse_event>Cold</adverse_event> before I get it...</body><verb>post</verb><link>http://twitter.com/naynerisms/statuses/185065987824041984</link><generator><link>http://ubersocial.com</link><displayName>UberSocial for iPhone</displayName></generator><postedTime>2012-03-28T18:09:04.000Z</postedTime><provider><link>http://www.twitter.com</link><displayName>Twitter</displayName><objectType>service</objectType></provider><object><summary>@pl3asurep almost everyone in this house is sick but me so I been taking a little NyQuil each night to avoid a cold before I get it...</summary><id>object:search.twitter.com,2005:185065987824041984</id><link>http://twitter.com/naynerisms/statuses/185065987824041984</link><postedTime>2012-03-28T18:09:04.000Z</postedTime><objectType>note</objectType></object><actor><summary>I'm nayy; I love my babe even when he does piss me off. </summary><twitterTimeZone>Alaska</twitterTimeZone><friendsCount>131</friendsCount><location><displayName>hayward. ca</displayName><objectType>place</objectType></location><link>http://www.twitter.com/naynerisms</link><postedTime>2009-12-28T05:50:46.000Z</postedTime><image>http://a0.twimg.com/profile_images/1949975169/image_normal.jpg</image><links><links><rel>me</rel><href/></links></links><listedCount>1</listedCount><id>id:twitter.com:99874526</id><languages><languages>en</languages></languages><utcOffset>-32400</utcOffset><followersCount>203</followersCount><preferredUsername>naynerisms</preferredUsername><displayName>Nayy</displayName><statusesCount>13362</statusesCount><objectType>person</objectType></actor><twitter_entities><hashtags/><urls/><user_mentions><user_mentions><indices><indices>0</indices><indices>10</indices></indices><id_str>64282689</id_str><name>Porsche' Sansberry</name><id>64282689</id><screen_name>pl3asurep</screen_name></user_mentions></user_mentions></twitter_entities><objectType>activity</objectType><platform>twitter</platform><posted_date>2012-03-28</posted_date><followers>203</followers><statuses>13362</statuses><region>Alaska</region></marklogic>