<?xml version="1.0" encoding="UTF-8"?>
<marklogic><id>tag:search.twitter.com,2005:185035177553170433</id><type>P</type><type>P</type><body>My favourite photo from a <product_name company="Unilever">Surf</product_name> trip. Lanzagrotty 2005. Beanz not happy with <adverse_event>Heat</adverse_event>, Arrow loving it... http://t.co/PxVO66bE</body><verb>post</verb><link>http://twitter.com/ivlevens/statuses/185035177553170433</link><generator><link>http://twitter.com</link><displayName>web</displayName></generator><postedTime>2012-03-28T16:06:39.000Z</postedTime><provider><link>http://www.twitter.com</link><displayName>Twitter</displayName><objectType>service</objectType></provider><object><summary>My favourite photo from a surf trip. Lanzagrotty 2005. Beanz not happy with heat, Arrow loving it... http://t.co/PxVO66bE</summary><id>object:search.twitter.com,2005:185035177553170433</id><link>http://twitter.com/ivlevens/statuses/185035177553170433</link><postedTime>2012-03-28T16:06:39.000Z</postedTime><objectType>note</objectType></object><actor><summary>Artist, Writer</summary><twitterTimeZone>Edinburgh</twitterTimeZone><friendsCount>112</friendsCount><location><displayName>Dunbar, East Lothian</displayName><objectType>place</objectType></location><link>http://www.twitter.com/ivlevens</link><postedTime>2012-01-26T19:56:18.000Z</postedTime><image>http://a0.twimg.com/profile_images/1976690016/IMG-20120208-00392_normal.jpg</image><links><links><rel>me</rel><href/></links></links><listedCount>0</listedCount><id>id:twitter.com:475193760</id><languages><languages>en</languages></languages><utcOffset>0</utcOffset><followersCount>25</followersCount><preferredUsername>ivlevens</preferredUsername><displayName>Iain Vaughan Levens</displayName><statusesCount>233</statusesCount><objectType>person</objectType></actor><twitter_entities><media><media><type>photo</type><indices><indices>101</indices><indices>121</indices></indices><expanded_url>http://twitter.com/ivlevens/status/185035177553170433/photo/1</expanded_url><sizes><medium><h>450</h><w>600</w><resize>fit</resize></medium><small><h>255</h><w>340</w><resize>fit</resize></small><thumb><h>150</h><w>150</w><resize>crop</resize></thumb><large><h>768</h><w>1024</w><resize>fit</resize></large></sizes><media_url_https>https://p.twimg.com/ApFgg32CEAAY5c_.jpg</media_url_https><id>185035177561559040</id><id_str>185035177561559040</id_str><url>http://t.co/PxVO66bE</url><display_url>pic.twitter.com/PxVO66bE</display_url><media_url>http://p.twimg.com/ApFgg32CEAAY5c_.jpg</media_url></media></media><hashtags/><user_mentions/><urls/></twitter_entities><objectType>activity</objectType><platform>twitter</platform><posted_date>2012-03-28</posted_date><followers>25</followers><statuses>233</statuses><region>Edinburgh</region></marklogic>