<?xml version="1.0" encoding="UTF-8"?>
<marklogic><id>tag:search.twitter.com,2005:185075383304065024</id><type>P</type><type>P</type><body>I just <adverse_event>Vomited</adverse_event> in my mouth a little. RT @SuckMySpork: Disgusting.. <product_name company="Kimberly Clark">Kotex</product_name> users beware #FemaleTweet http://t.co/HjIxuttC</body><verb>post</verb><link>http://twitter.com/JstLkeUimagined/statuses/185075383304065024</link><generator><link>http://www.echofon.com/</link><displayName>Echofon</displayName></generator><postedTime>2012-03-28T18:46:24.000Z</postedTime><provider><link>http://www.twitter.com</link><displayName>Twitter</displayName><objectType>service</objectType></provider><object><summary>I just vomited in my mouth a little. RT @SuckMySpork: Disgusting.. Kotex users beware #FemaleTweet http://t.co/HjIxuttC</summary><id>object:search.twitter.com,2005:185075383304065024</id><link>http://twitter.com/JstLkeUimagined/statuses/185075383304065024</link><postedTime>2012-03-28T18:46:24.000Z</postedTime><objectType>note</objectType></object><actor><summary>Gamer. Sexual. Open minded. If that bothers you, please don't waste your time, or mine. Oh! And I say Fuck. A LOT. 18+ only.
My evil sidekick @davidfrost9</summary><twitterTimeZone>Central Time (US &amp; Canada)</twitterTimeZone><friendsCount>1468</friendsCount><location><displayName>Behind you.</displayName><objectType>place</objectType></location><link>http://www.twitter.com/JstLkeUimagined</link><postedTime>2010-09-16T21:25:55.000Z</postedTime><image>http://a0.twimg.com/profile_images/1880817437/JstLkeUimagined_normal.jpg</image><links><links><rel>me</rel><href>http://jstlkeuimagined.tumblr.com</href></links></links><listedCount>52</listedCount><id>id:twitter.com:191601083</id><languages><languages>en</languages></languages><utcOffset>-21600</utcOffset><followersCount>1722</followersCount><preferredUsername>JstLkeUimagined</preferredUsername><displayName>Brandy</displayName><statusesCount>17469</statusesCount><objectType>person</objectType></actor><twitter_entities><hashtags><hashtags><text>FemaleTweet</text><indices><indices>86</indices><indices>98</indices></indices></hashtags></hashtags><user_mentions><user_mentions><indices><indices>40</indices><indices>52</indices></indices><id_str>84672379</id_str><name>VoodoGirl 8G</name><id>84672379</id><screen_name>SuckMySpork</screen_name></user_mentions></user_mentions><urls><urls><indices><indices>99</indices><indices>119</indices></indices><expanded_url>http://twitter.com/SuckMySpork/status/185074054678589443/photo/1</expanded_url><display_url>pic.twitter.com/HjIxuttC</display_url><url>http://t.co/HjIxuttC</url></urls></urls></twitter_entities><objectType>activity</objectType><platform>twitter</platform><posted_date>2012-03-28</posted_date><followers>1722</followers><statuses>17469</statuses><region>Central</region></marklogic>