<?xml version="1.0" encoding="UTF-8"?>
<marklogic><id>tag:search.twitter.com,2005:185035006316527616</id><type>P</type><type>P</type><body><product_name company="SC Johnson">Shout</product_name> out to all them dumb girls who wear a dress or skirt when its <adverse_event>Cold</adverse_event></body><verb>post</verb><link>http://twitter.com/AngelBearr_/statuses/185035006316527616</link><generator><link>http://mobile.twitter.com</link><displayName>Mobile Web</displayName></generator><postedTime>2012-03-28T16:05:57.000Z</postedTime><provider><link>http://www.twitter.com</link><displayName>Twitter</displayName><objectType>service</objectType></provider><object><summary>Shout out to all them dumb girls who wear a dress or skirt when its cold</summary><id>object:search.twitter.com,2005:185035006316527616</id><link>http://twitter.com/AngelBearr_/statuses/185035006316527616</link><postedTime>2012-03-28T16:05:57.000Z</postedTime><objectType>note</objectType></object><actor><summary>happily taken by @bossrecks :)/follow me tho;) ?...unfollow me, get unfollowed t(-_-t) #ItIsWhatItIs | T-Raw</summary><twitterTimeZone>Alaska</twitterTimeZone><friendsCount>68</friendsCount><location><displayName>Sanger/Reedley CA</displayName><objectType>place</objectType></location><link>http://www.twitter.com/AngelBearr_</link><postedTime>2011-11-04T00:50:44.000Z</postedTime><image>http://a0.twimg.com/profile_images/1949239278/D2z092vr_normal</image><links><links><rel>me</rel><href/></links></links><listedCount>0</listedCount><id>id:twitter.com:404499808</id><languages><languages>en</languages></languages><utcOffset>-32400</utcOffset><followersCount>154</followersCount><preferredUsername>AngelBearr_</preferredUsername><displayName>FUCK JORDAN</displayName><statusesCount>10648</statusesCount><objectType>person</objectType></actor><twitter_entities><hashtags/><user_mentions/><urls/></twitter_entities><objectType>activity</objectType><platform>twitter</platform><posted_date>2012-03-28</posted_date><followers>154</followers><statuses>10648</statuses><region>Alaska</region></marklogic>