<?xml version="1.0" encoding="UTF-8"?>
<marklogic><id>tag:search.twitter.com,2005:185045142745522176</id><type>P</type><type>P</type><body>I hope this <product_name company="Johnson - Johnson">Motrin</product_name> work &amp; get rid of this <adverse_event>Headache</adverse_event></body><verb>post</verb><link>http://twitter.com/iLoveReeses_/statuses/185045142745522176</link><generator><link>http://www.echofon.com/</link><displayName>Echofon</displayName></generator><postedTime>2012-03-28T16:46:14.000Z</postedTime><provider><link>http://www.twitter.com</link><displayName>Twitter</displayName><objectType>service</objectType></provider><object><summary>I hope this Motrin work &amp; get rid of this headache</summary><id>object:search.twitter.com,2005:185045142745522176</id><link>http://twitter.com/iLoveReeses_/statuses/185045142745522176</link><postedTime>2012-03-28T16:46:14.000Z</postedTime><objectType>note</objectType></object><actor><summary/><twitterTimeZone>Pacific Time (US &amp; Canada)</twitterTimeZone><friendsCount>329</friendsCount><link>http://www.twitter.com/iLoveReeses_</link><postedTime>2011-01-09T22:04:19.000Z</postedTime><image>http://a0.twimg.com/profile_images/1898132782/iLoveReeses__normal.jpg</image><links><links><rel>me</rel><href/></links></links><listedCount>1</listedCount><id>id:twitter.com:236135921</id><languages><languages>en</languages></languages><utcOffset>-28800</utcOffset><followersCount>342</followersCount><preferredUsername>iLoveReeses_</preferredUsername><displayName>Kierra</displayName><statusesCount>24155</statusesCount><objectType>person</objectType></actor><twitter_entities><hashtags/><urls/><user_mentions/></twitter_entities><objectType>activity</objectType><platform>twitter</platform><posted_date>2012-03-28</posted_date><followers>342</followers><statuses>24155</statuses><region>Pacific</region></marklogic>