<?xml version="1.0" encoding="UTF-8"?>
<marklogic><id>tag:search.twitter.com,2005:185032713248575488</id><type>P</type><type>P</type><body>http://t.co/hrZzruY1 - <product_name company="Revlon">Revlon</product_name> Moisturestay Quick <adverse_event>Heat</adverse_event> Paraffin Bath $19.99: http://t.co/hrZzruY1 Coupons http://t.co/a0FTsTLN</body><verb>post</verb><link>http://twitter.com/GroupAZ/statuses/185032713248575488</link><generator><link>http://twitterfeed.com</link><displayName>twitterfeed</displayName></generator><postedTime>2012-03-28T15:56:51.000Z</postedTime><provider><link>http://www.twitter.com</link><displayName>Twitter</displayName><objectType>service</objectType></provider><object><summary>http://t.co/hrZzruY1 - Revlon Moisturestay Quick Heat Paraffin Bath $19.99: http://t.co/hrZzruY1 Coupons http://t.co/a0FTsTLN</summary><id>object:search.twitter.com,2005:185032713248575488</id><link>http://twitter.com/GroupAZ/statuses/185032713248575488</link><postedTime>2012-03-28T15:56:51.000Z</postedTime><objectType>note</objectType></object><actor><summary>AZ Group Social Shopping - Buying - Discounts - Daily Deal - Deals - Coupons - Free Living - Arizona Phoenix Scottsdale Glendale Tucson Flagstaff Mesa Tempe</summary><twitterTimeZone>Pacific Time (US &amp; Canada)</twitterTimeZone><friendsCount>189</friendsCount><location><displayName>Phoenix, AZ</displayName><objectType>place</objectType></location><link>http://www.twitter.com/GroupAZ</link><postedTime>2011-05-19T13:58:43.000Z</postedTime><image>http://a0.twimg.com/profile_images/1381526663/zfdr-alsikjouniethad_normal.jpg</image><links><links><rel>me</rel><href>http://twitter.com/GroupAZ</href></links></links><listedCount>5</listedCount><id>id:twitter.com:301450381</id><languages><languages>en</languages></languages><utcOffset>-28800</utcOffset><followersCount>1188</followersCount><preferredUsername>GroupAZ</preferredUsername><displayName>AZ GroupShopping</displayName><statusesCount>114017</statusesCount><objectType>person</objectType></actor><twitter_entities><hashtags/><user_mentions/><urls><urls><indices><indices>0</indices><indices>20</indices></indices><expanded_url>http://Amazon.com</expanded_url><display_url>Amazon.com</display_url><url>http://t.co/hrZzruY1</url></urls><urls><indices><indices>76</indices><indices>96</indices></indices><expanded_url>http://Amazon.com</expanded_url><display_url>Amazon.com</display_url><url>http://t.co/hrZzruY1</url></urls><urls><indices><indices>105</indices><indices>125</indices></indices><expanded_url>http://bit.ly/HfxbXE</expanded_url><display_url>bit.ly/HfxbXE</display_url><url>http://t.co/a0FTsTLN</url></urls></urls></twitter_entities><objectType>activity</objectType><platform>twitter</platform><posted_date>2012-03-28</posted_date><followers>1188</followers><statuses>114017</statuses><region>Pacific</region></marklogic>