<?xml version="1.0" encoding="UTF-8"?>
<marklogic><id>tag:search.twitter.com,2005:185075248981491712</id><type>P</type><type>P</type><body>This <product_name company="PepsiCo-Gatorade">Gatorade</product_name> just hit the <adverse_event>Spot</adverse_event>!</body><verb>post</verb><link>http://twitter.com/IdealDESire/statuses/185075248981491712</link><generator><link>http://twitter.com</link><displayName>web</displayName></generator><postedTime>2012-03-28T18:45:52.000Z</postedTime><provider><link>http://www.twitter.com</link><displayName>Twitter</displayName><objectType>service</objectType></provider><object><summary>This gatorade just hit the spot!</summary><id>object:search.twitter.com,2005:185075248981491712</id><link>http://twitter.com/IdealDESire/statuses/185075248981491712</link><postedTime>2012-03-28T18:45:52.000Z</postedTime><objectType>note</objectType></object><actor><summary>#SMTTT</summary><twitterTimeZone>Central Time (US &amp; Canada)</twitterTimeZone><friendsCount>448</friendsCount><location><displayName>GA I MS</displayName><objectType>place</objectType></location><link>http://www.twitter.com/IdealDESire</link><postedTime>2010-02-14T06:10:11.000Z</postedTime><image>http://a0.twimg.com/profile_images/1954338258/TPhoto_00005_normal.jpg</image><links><links><rel>me</rel><href/></links></links><listedCount>2</listedCount><id>id:twitter.com:114120533</id><languages><languages>en</languages></languages><utcOffset>-21600</utcOffset><followersCount>577</followersCount><preferredUsername>IdealDESire</preferredUsername><displayName>Desmin D. Ross</displayName><statusesCount>15080</statusesCount><objectType>person</objectType></actor><twitter_entities><hashtags/><user_mentions/><urls/></twitter_entities><objectType>activity</objectType><platform>twitter</platform><posted_date>2012-03-28</posted_date><followers>577</followers><statuses>15080</statuses><region>Central</region></marklogic>