<?xml version="1.0" encoding="UTF-8"?>
<marklogic><id>tag:search.twitter.com,2005:185055669664235520</id><type>P</type><type>P</type><body>Hershey's with almonds , mike and Ike's &amp;&amp; a <adverse_event>Cold</adverse_event> orange <product_name company="Coca Cola">Fanta</product_name> :)</body><verb>post</verb><link>http://twitter.com/OneOfAKindChic1/statuses/185055669664235520</link><generator><link>http://twitter.com/#!/download/iphone</link><displayName>Twitter for iPhone</displayName></generator><postedTime>2012-03-28T17:28:04.000Z</postedTime><provider><link>http://www.twitter.com</link><displayName>Twitter</displayName><objectType>service</objectType></provider><object><summary>Hershey's with almonds , mike and Ike's &amp;&amp; a cold orange Fanta :)</summary><id>object:search.twitter.com,2005:185055669664235520</id><link>http://twitter.com/OneOfAKindChic1/statuses/185055669664235520</link><postedTime>2012-03-28T17:28:04.000Z</postedTime><objectType>note</objectType></object><actor><summary/><twitterTimeZone>Central Time (US &amp; Canada)</twitterTimeZone><friendsCount>322</friendsCount><link>http://www.twitter.com/OneOfAKindChic1</link><postedTime>2010-10-06T04:37:06.000Z</postedTime><image>http://a0.twimg.com/profile_images/1874782076/image_normal.jpg</image><links><links><rel>me</rel><href/></links></links><listedCount>1</listedCount><id>id:twitter.com:199152443</id><languages><languages>en</languages></languages><utcOffset>-21600</utcOffset><followersCount>535</followersCount><preferredUsername>OneOfAKindChic1</preferredUsername><displayName>Kayla Champagne</displayName><statusesCount>26068</statusesCount><objectType>person</objectType></actor><twitter_entities><hashtags/><urls/><user_mentions/></twitter_entities><objectType>activity</objectType><platform>twitter</platform><posted_date>2012-03-28</posted_date><followers>535</followers><statuses>26068</statuses><region>Central</region></marklogic>