<?xml version="1.0" encoding="UTF-8"?>
<marklogic><id>tag:search.twitter.com,2005:185053394195582976</id><type>P</type><type>P</type><body>does <product_name company="Johnson - Johnson">Benadryl</product_name> cause <adverse_event>Dry mouth</adverse_event> http://t.co/3sfdH8mm</body><verb>post</verb><link>http://twitter.com/sydivuraj/statuses/185053394195582976</link><generator><link>http://twitter.com</link><displayName>web</displayName></generator><postedTime>2012-03-28T17:19:01.000Z</postedTime><provider><link>http://www.twitter.com</link><displayName>Twitter</displayName><objectType>service</objectType></provider><object><summary>does benadryl cause dry mouth http://t.co/3sfdH8mm</summary><id>object:search.twitter.com,2005:185053394195582976</id><link>http://twitter.com/sydivuraj/statuses/185053394195582976</link><postedTime>2012-03-28T17:19:01.000Z</postedTime><objectType>note</objectType></object><actor><summary>I'm quivering and fearful. Also lectured to, santifying and 70. Checked. Listen to Link Wray.</summary><twitterTimeZone/><friendsCount>26</friendsCount><location><displayName>US</displayName><objectType>place</objectType></location><link>http://www.twitter.com/sydivuraj</link><postedTime>2012-01-16T01:59:45.000Z</postedTime><image>http://a0.twimg.com/profile_images/1760873978/944_normal.gif</image><links><links><rel>me</rel><href/></links></links><listedCount>0</listedCount><id>id:twitter.com:465176441</id><languages><languages>fil</languages></languages><utcOffset/><followersCount>25</followersCount><preferredUsername>sydivuraj</preferredUsername><displayName>Savita Carlisso</displayName><statusesCount>165</statusesCount><objectType>person</objectType></actor><twitter_entities><hashtags/><urls><urls><indices><indices>30</indices><indices>50</indices></indices><expanded_url>http://does-benadryl-cause-dry-mouth.cheapillsshop.com</expanded_url><display_url>…ryl-cause-dry-mouth.cheapillsshop.com</display_url><url>http://t.co/3sfdH8mm</url></urls></urls><user_mentions/></twitter_entities><objectType>activity</objectType><platform>twitter</platform><posted_date>2012-03-28</posted_date><followers>25</followers><statuses>165</statuses><region>N.A.</region></marklogic>