<?xml version="1.0" encoding="UTF-8"?>
<marklogic><id>tag:search.twitter.com,2005:185042714713264128</id><type>P</type><type>P</type><body>Ice <adverse_event>Cold</adverse_event> bottle of <product_name company="Coca Cola">Coke</product_name>, I love ye hun.</body><verb>post</verb><link>http://twitter.com/LeanneWoodfull/statuses/185042714713264128</link><generator><link>http://twitter.com</link><displayName>web</displayName></generator><postedTime>2012-03-28T16:36:35.000Z</postedTime><provider><link>http://www.twitter.com</link><displayName>Twitter</displayName><objectType>service</objectType></provider><object><summary>Ice cold bottle of Coke, I love ye hun.</summary><id>object:search.twitter.com,2005:185042714713264128</id><link>http://twitter.com/LeanneWoodfull/statuses/185042714713264128</link><postedTime>2012-03-28T16:36:35.000Z</postedTime><objectType>note</objectType></object><actor><summary>Fashion &amp; beauty blogger/youtuber, old Hollywood lover &amp;  history buff! Member of the @MoreMagazine BlogBoudoir. &#13;
http://www.youtube.com/user/leannewoodfull</summary><twitterTimeZone>Dublin</twitterTimeZone><friendsCount>260</friendsCount><location><displayName>Dublin, Ireland.</displayName><objectType>place</objectType></location><link>http://www.twitter.com/LeanneWoodfull</link><postedTime>2010-12-12T21:03:27.000Z</postedTime><image>http://a0.twimg.com/profile_images/1933088661/Picture_2_normal.png</image><links><links><rel>me</rel><href>http://thunderandthreads.blogspot.com</href></links></links><listedCount>29</listedCount><id>id:twitter.com:225929966</id><languages><languages>en</languages></languages><utcOffset>0</utcOffset><followersCount>4177</followersCount><preferredUsername>LeanneWoodfull</preferredUsername><displayName>Leanne Woodfull</displayName><statusesCount>46203</statusesCount><objectType>person</objectType></actor><twitter_entities><hashtags/><urls/><user_mentions/></twitter_entities><objectType>activity</objectType><platform>twitter</platform><posted_date>2012-03-28</posted_date><followers>4177</followers><statuses>46203</statuses><region>Dublin</region></marklogic>