<?xml version="1.0" encoding="UTF-8"?>
<marklogic><id>tag:search.twitter.com,2005:185074854180044800</id><type>P</type><type>P</type><body>I think im dying... Been 2 weeks random nose <adverse_event>Bleeds</adverse_event> every 10mins.. Smh too much <product_name company="Coca Cola">Coke</product_name>? #jk</body><verb>post</verb><link>http://twitter.com/JayceeRoldan1/statuses/185074854180044800</link><generator><link>http://twitter.com/#!/download/iphone</link><displayName>Twitter for iPhone</displayName></generator><postedTime>2012-03-28T18:44:18.000Z</postedTime><provider><link>http://www.twitter.com</link><displayName>Twitter</displayName><objectType>service</objectType></provider><object><summary>I think im dying... Been 2 weeks random nose bleeds every 10mins.. Smh too much coke? #jk</summary><id>object:search.twitter.com,2005:185074854180044800</id><link>http://twitter.com/JayceeRoldan1/statuses/185074854180044800</link><postedTime>2012-03-28T18:44:18.000Z</postedTime><objectType>note</objectType></object><actor><summary>they say change start wit the man in the mirror</summary><twitterTimeZone>Central Time (US &amp; Canada)</twitterTimeZone><friendsCount>301</friendsCount><link>http://www.twitter.com/JayceeRoldan1</link><postedTime>2011-09-25T21:27:05.000Z</postedTime><image>http://a0.twimg.com/profile_images/1715227274/028_normal.JPG</image><links><links><rel>me</rel><href/></links></links><listedCount>0</listedCount><id>id:twitter.com:379972914</id><languages><languages>en</languages></languages><utcOffset>-21600</utcOffset><followersCount>231</followersCount><preferredUsername>JayceeRoldan1</preferredUsername><displayName>Jaycee The Ninja</displayName><statusesCount>1296</statusesCount><objectType>person</objectType></actor><twitter_entities><hashtags><hashtags><text>jk</text><indices><indices>86</indices><indices>89</indices></indices></hashtags></hashtags><user_mentions/><urls/></twitter_entities><objectType>activity</objectType><platform>twitter</platform><posted_date>2012-03-28</posted_date><followers>231</followers><statuses>1296</statuses><region>Central</region></marklogic>