<?xml version="1.0" encoding="UTF-8"?>
<marklogic><id>tag:search.twitter.com,2005:185074255699001346</id><type>P</type><type>P</type><body>Carolin Coxwell doesn't let anything stop her.  Won't you help her to Cure <adverse_event>Paralysis</adverse_event> by your <product_name company="SC Johnson">Pledge</product_name>? http://t.co/8yUugb4D</body><verb>post</verb><link>http://twitter.com/JTGivesBack/statuses/185074255699001346</link><generator><link>http://www.facebook.com/twitter</link><displayName>Facebook</displayName></generator><postedTime>2012-03-28T18:41:55.000Z</postedTime><provider><link>http://www.twitter.com</link><displayName>Twitter</displayName><objectType>service</objectType></provider><object><summary>Carolin Coxwell doesn't let anything stop her.  Won't you help her to Cure Paralysis by your pledge? http://t.co/8yUugb4D</summary><id>object:search.twitter.com,2005:185074255699001346</id><link>http://twitter.com/JTGivesBack/statuses/185074255699001346</link><postedTime>2012-03-28T18:41:55.000Z</postedTime><objectType>note</objectType></object><actor><summary>We raise funds, provide financial assistance and adaptive equipment for children and adults with disabilities. Read JT's story at www.jttownsend.com.</summary><twitterTimeZone>Eastern Time (US &amp; Canada)</twitterTimeZone><friendsCount>53</friendsCount><location><displayName>Jacksonville, Florida</displayName><objectType>place</objectType></location><link>http://www.twitter.com/JTGivesBack</link><postedTime>2011-05-19T01:17:42.000Z</postedTime><image>http://a0.twimg.com/profile_images/1360320874/JTTF_logo_FINAL_normal.jpg</image><links><links><rel>me</rel><href>http://www.jttownsendfoundation.org</href></links></links><listedCount>0</listedCount><id>id:twitter.com:301183379</id><languages><languages>en</languages></languages><utcOffset>-18000</utcOffset><followersCount>38</followersCount><preferredUsername>JTGivesBack</preferredUsername><displayName>JTTownsendFoundation</displayName><statusesCount>319</statusesCount><objectType>person</objectType></actor><twitter_entities><hashtags/><user_mentions/><urls><urls><indices><indices>101</indices><indices>121</indices></indices><expanded_url>http://fb.me/1h61HAELK</expanded_url><display_url>fb.me/1h61HAELK</display_url><url>http://t.co/8yUugb4D</url></urls></urls></twitter_entities><objectType>activity</objectType><platform>twitter</platform><posted_date>2012-03-28</posted_date><followers>38</followers><statuses>319</statuses><region>Eastern</region></marklogic>