<?xml version="1.0" encoding="UTF-8"?>
<marklogic><id>tag:search.twitter.com,2005:185045024667484161</id><type>P</type><type>P</type><body>I'm so high I could <adverse_event>Vomit</adverse_event> on <product_name company="P&amp;G">Comet</product_name></body><verb>post</verb><link>http://twitter.com/Ricky_Waters_17/statuses/185045024667484161</link><generator><link>http://twitter.com/#!/download/iphone</link><displayName>Twitter for iPhone</displayName></generator><postedTime>2012-03-28T16:45:46.000Z</postedTime><provider><link>http://www.twitter.com</link><displayName>Twitter</displayName><objectType>service</objectType></provider><object><summary>I'm so high I could vomit on comet</summary><id>object:search.twitter.com,2005:185045024667484161</id><link>http://twitter.com/Ricky_Waters_17/statuses/185045024667484161</link><postedTime>2012-03-28T16:45:46.000Z</postedTime><objectType>note</objectType></object><actor><summary> Puerto Rican Fly niggas do fly things! #sneakerheadfeen  Basketball  #BALLisLIFE  Bad Bitches &amp; Good Weed </summary><twitterTimeZone>Quito</twitterTimeZone><friendsCount>249</friendsCount><location><displayName>welcome to crooklyn </displayName><objectType>place</objectType></location><link>http://www.twitter.com/Ricky_Waters_17</link><postedTime>2011-04-19T02:34:21.000Z</postedTime><image>http://a0.twimg.com/profile_images/1858197570/image_normal.jpg</image><links><links><rel>me</rel><href/></links></links><listedCount>0</listedCount><id>id:twitter.com:284325002</id><languages><languages>en</languages></languages><utcOffset>-18000</utcOffset><followersCount>100</followersCount><preferredUsername>Ricky_Waters_17</preferredUsername><displayName>Steven Echevarria</displayName><statusesCount>3362</statusesCount><objectType>person</objectType></actor><twitter_entities><hashtags/><user_mentions/><urls/></twitter_entities><objectType>activity</objectType><platform>twitter</platform><posted_date>2012-03-28</posted_date><followers>100</followers><statuses>3362</statuses><region>Quito</region></marklogic>