<?xml version="1.0" encoding="UTF-8"?>
<marklogic><id>tag:search.twitter.com,2005:185037841196269568</id><type>P</type><type>P</type><body>100 Sqft Cable Set, 240 Volt, Electric <product_name company="Unilever">Radiant</product_name> Floor <adverse_event>Heat</adverse_event> <adverse_event>Heating</adverse_event> System with Aube  http://t.co/CxPMVcie</body><verb>post</verb><link>http://twitter.com/sherrilwhspetti/statuses/185037841196269568</link><generator><link>http://waterheatershome.com</link><displayName>Water Heaters Home</displayName></generator><postedTime>2012-03-28T16:17:13.000Z</postedTime><provider><link>http://www.twitter.com</link><displayName>Twitter</displayName><objectType>service</objectType></provider><object><summary>100 Sqft Cable Set, 240 Volt, Electric Radiant Floor Heat Heating System with Aube  http://t.co/CxPMVcie</summary><id>object:search.twitter.com,2005:185037841196269568</id><link>http://twitter.com/sherrilwhspetti/statuses/185037841196269568</link><postedTime>2012-03-28T16:17:13.000Z</postedTime><objectType>note</objectType></object><actor><summary>Water Heaters Home - water heaters home depot,tankless water heaters home,gas water heaters home,solar water heaters home</summary><twitterTimeZone/><friendsCount>19</friendsCount><link>http://www.twitter.com/sherrilwhspetti</link><postedTime>2011-05-27T00:35:56.000Z</postedTime><image>http://a0.twimg.com/profile_images/1947613257/Water_Heaters_Home_normal.jpg</image><links><links><rel>me</rel><href>http://waterheatershome.com</href></links></links><listedCount>0</listedCount><id>id:twitter.com:305925555</id><languages><languages>en</languages></languages><utcOffset/><followersCount>109</followersCount><preferredUsername>sherrilwhspetti</preferredUsername><displayName>sherril pettigrew</displayName><statusesCount>3937</statusesCount><objectType>person</objectType></actor><twitter_entities><hashtags/><user_mentions/><urls><urls><indices><indices>84</indices><indices>104</indices></indices><expanded_url>http://floorradiantheatsystems.waterheatershome.com/?p=6</expanded_url><display_url>…diantheatsystems.waterheatershome.com/?p=6</display_url><url>http://t.co/CxPMVcie</url></urls></urls></twitter_entities><objectType>activity</objectType><platform>twitter</platform><posted_date>2012-03-28</posted_date><followers>109</followers><statuses>3937</statuses><region>N.A.</region></marklogic>