<?xml version="1.0" encoding="UTF-8"?>
<marklogic><id>tag:search.twitter.com,2005:185073382012891136</id><type>P</type><type>P</type><body>My dad  told me "make ur own money, and never <product_name company="Kimberly Clark">Depend</product_name> on a man, bc in this <adverse_event>Cold</adverse_event> world u can't depned on no one but yourself."</body><verb>post</verb><link>http://twitter.com/Fun_Size2021/statuses/185073382012891136</link><generator><link>http://twitter.com</link><displayName>web</displayName></generator><postedTime>2012-03-28T18:38:27.000Z</postedTime><provider><link>http://www.twitter.com</link><displayName>Twitter</displayName><objectType>service</objectType></provider><object><summary>My dad always told me "make ur own money, and never depend on a man, bc in this cold world u can't depned on no one but yourself."</summary><id>object:search.twitter.com,2005:185073382012891136</id><link>http://twitter.com/Fun_Size2021/statuses/185073382012891136</link><postedTime>2012-03-28T18:38:27.000Z</postedTime><objectType>note</objectType></object><actor><summary>#TeamMommy #TeamPrettyEyes #TeamPisces #TeamTatted #TeamBlessed </summary><twitterTimeZone>Arizona</twitterTimeZone><friendsCount>13</friendsCount><location><displayName>Oklahoma City </displayName><objectType>place</objectType></location><link>http://www.twitter.com/Fun_Size2021</link><postedTime>2012-03-22T02:47:36.000Z</postedTime><image>http://a0.twimg.com/profile_images/1971585672/l-1_normal.jpg</image><links><links><rel>me</rel><href/></links></links><listedCount>0</listedCount><id>id:twitter.com:532768210</id><languages><languages>en</languages></languages><utcOffset>-25200</utcOffset><followersCount>5</followersCount><preferredUsername>Fun_Size2021</preferredUsername><displayName>Lorena Barnes</displayName><statusesCount>53</statusesCount><objectType>person</objectType></actor><twitter_entities><hashtags/><user_mentions/><urls/></twitter_entities><objectType>activity</objectType><platform>twitter</platform><posted_date>2012-03-28</posted_date><followers>5</followers><statuses>53</statuses><region>Arizona</region></marklogic>