<?xml version="1.0" encoding="UTF-8"?>
<marklogic><id>tag:search.twitter.com,2005:185051701655506944</id><type>P</type><type>P</type><body>Virtual racers overtake real <product_name company="CB Fleet">Fleet</product_name> as Game <adverse_event>Heats</adverse_event> up http://t.co/AQetVWpI #sailing #vor</body><verb>post</verb><link>http://twitter.com/YeahBloodyNice/statuses/185051701655506944</link><generator><link>http://twitterfeed.com</link><displayName>twitterfeed</displayName></generator><postedTime>2012-03-28T17:12:18.000Z</postedTime><provider><link>http://www.twitter.com</link><displayName>Twitter</displayName><objectType>service</objectType></provider><object><summary>Virtual racers overtake real fleet as Game heats up http://t.co/AQetVWpI #sailing #vor</summary><id>object:search.twitter.com,2005:185051701655506944</id><link>http://twitter.com/YeahBloodyNice/statuses/185051701655506944</link><postedTime>2012-03-28T17:12:18.000Z</postedTime><objectType>note</objectType></object><actor><summary>#Sailing &amp; #Yachting tweets from all over the internet, if you're looking for sailing news Yeah Bloody Nice will find it for you. Please RT.</summary><twitterTimeZone>London</twitterTimeZone><friendsCount>816</friendsCount><location><displayName>Lymington, Hampshire.</displayName><objectType>place</objectType></location><link>http://www.twitter.com/YeahBloodyNice</link><postedTime>2011-02-28T21:04:42.000Z</postedTime><image>http://a0.twimg.com/profile_images/1541501790/sasquatch_normal.jpg</image><links><links><rel>me</rel><href>http://www.yeahbloodynice.com</href></links></links><listedCount>15</listedCount><id>id:twitter.com:258945469</id><languages><languages>en</languages></languages><utcOffset>0</utcOffset><followersCount>620</followersCount><preferredUsername>YeahBloodyNice</preferredUsername><displayName>Yeah Bloody Nice</displayName><statusesCount>11785</statusesCount><objectType>person</objectType></actor><twitter_entities><hashtags><hashtags><text>sailing</text><indices><indices>73</indices><indices>81</indices></indices></hashtags><hashtags><text>vor</text><indices><indices>82</indices><indices>86</indices></indices></hashtags></hashtags><urls><urls><indices><indices>52</indices><indices>72</indices></indices><expanded_url>http://bit.ly/HjJSiU</expanded_url><display_url>bit.ly/HjJSiU</display_url><url>http://t.co/AQetVWpI</url></urls></urls><user_mentions/></twitter_entities><objectType>activity</objectType><platform>twitter</platform><posted_date>2012-03-28</posted_date><followers>620</followers><statuses>11785</statuses><region>London</region></marklogic>