<?xml version="1.0" encoding="UTF-8"?>
<marklogic><id>tag:search.twitter.com,2005:185050642195296256</id><type>P</type><type>P</type><inReplyTo><link>http://twitter.com/Baybe_Doll/statuses/185049707838578688</link></inReplyTo><body>@Baybe_Doll Sounds like you need to load up on <product_name company="N.A.">BC powder</product_name> kills my <adverse_event>Headache</adverse_event> either that or a shotgun</body><verb>post</verb><link>http://twitter.com/InfoWarrior0/statuses/185050642195296256</link><generator><link>http://twitter.com</link><displayName>web</displayName></generator><postedTime>2012-03-28T17:08:05.000Z</postedTime><provider><link>http://www.twitter.com</link><displayName>Twitter</displayName><objectType>service</objectType></provider><object><summary>@Baybe_Doll Sounds like you need to load up on BC powder kills my headache either that or a shotgun</summary><id>object:search.twitter.com,2005:185050642195296256</id><link>http://twitter.com/InfoWarrior0/statuses/185050642195296256</link><postedTime>2012-03-28T17:08:05.000Z</postedTime><objectType>note</objectType></object><actor><summary>Penetration Tester,BSides Little Rock,Soldier,Outdoors man,The one you want! My tweets are my own and do not reflect the opinion of my employer.</summary><twitterTimeZone>Central Time (US &amp; Canada)</twitterTimeZone><friendsCount>397</friendsCount><location><displayName>Dallas TX</displayName><objectType>place</objectType></location><link>http://www.twitter.com/InfoWarrior0</link><postedTime>2010-09-01T18:35:25.000Z</postedTime><image>http://a0.twimg.com/profile_images/1630627469/iraqlobster_normal.jpg</image><links><links><rel>me</rel><href>http://www.linkedin.com/pub/wardell-motley-nsa-iam-iem/10/31/a12</href></links></links><listedCount>15</listedCount><id>id:twitter.com:185739897</id><languages><languages>en</languages></languages><utcOffset>-21600</utcOffset><followersCount>248</followersCount><preferredUsername>InfoWarrior0</preferredUsername><displayName>InfoWarrior0</displayName><statusesCount>1902</statusesCount><objectType>person</objectType></actor><twitter_entities><hashtags/><urls/><user_mentions><user_mentions><indices><indices>0</indices><indices>11</indices></indices><id_str>37786396</id_str><name>Baybe Doll</name><id>37786396</id><screen_name>Baybe_Doll</screen_name></user_mentions></user_mentions></twitter_entities><objectType>activity</objectType><platform>twitter</platform><posted_date>2012-03-28</posted_date><followers>248</followers><statuses>1902</statuses><region>Central</region></marklogic>