<?xml version="1.0" encoding="UTF-8"?>
<marklogic><id>tag:search.twitter.com,2005:185049259639443457</id><type>P</type><type>P</type><body>hydroxyzine <product_name company="Johnson - Johnson">Benadryl</product_name> for <adverse_event>Anxiety</adverse_event> http://t.co/HHr14TJh</body><verb>post</verb><link>http://twitter.com/wasulydalyme/statuses/185049259639443457</link><generator><link>http://twitter.com</link><displayName>web</displayName></generator><postedTime>2012-03-28T17:02:36.000Z</postedTime><provider><link>http://www.twitter.com</link><displayName>Twitter</displayName><objectType>service</objectType></provider><object><summary>hydroxyzine benadryl for anxiety http://t.co/HHr14TJh</summary><id>object:search.twitter.com,2005:185049259639443457</id><link>http://twitter.com/wasulydalyme/statuses/185049259639443457</link><postedTime>2012-03-28T17:02:36.000Z</postedTime><objectType>note</objectType></object><actor><summary>My person is evicted, 174. Exceeded, examination and comparison. Now listen Four Tet.&#13;</summary><twitterTimeZone/><friendsCount>20</friendsCount><location><displayName>NE&#13;</displayName><objectType>place</objectType></location><link>http://www.twitter.com/wasulydalyme</link><postedTime>2012-02-10T11:56:09.000Z</postedTime><image>http://a0.twimg.com/profile_images/1819589502/1533_normal.gif</image><links><links><rel>me</rel><href/></links></links><listedCount>0</listedCount><id>id:twitter.com:488387073</id><languages><languages>en</languages></languages><utcOffset/><followersCount>10</followersCount><preferredUsername>wasulydalyme</preferredUsername><displayName>mussell</displayName><statusesCount>74</statusesCount><objectType>person</objectType></actor><twitter_entities><hashtags/><user_mentions/><urls><urls><indices><indices>33</indices><indices>53</indices></indices><expanded_url>http://hydroxyzine-benadryl-for-anxiety.cheapillsshop.com</expanded_url><display_url>…enadryl-for-anxiety.cheapillsshop.com</display_url><url>http://t.co/HHr14TJh</url></urls></urls></twitter_entities><objectType>activity</objectType><platform>twitter</platform><posted_date>2012-03-28</posted_date><followers>10</followers><statuses>74</statuses><region>N.A.</region></marklogic>