<?xml version="1.0" encoding="UTF-8"?>
<marklogic><id>tag:search.twitter.com,2005:185069697295859714</id><type>P</type><type>P</type><body>#pastygate If Greggs provides a microwave to <adverse_event>Heat</adverse_event> your pasty, sausage roll or pizza <product_name company="N.A.">Slice</product_name> after purchase? Tax avoidance?</body><verb>post</verb><link>http://twitter.com/Jason_Sheff/statuses/185069697295859714</link><generator><link>http://twitter.com</link><displayName>web</displayName></generator><postedTime>2012-03-28T18:23:48.000Z</postedTime><provider><link>http://www.twitter.com</link><displayName>Twitter</displayName><objectType>service</objectType></provider><object><summary>#pastygate If Greggs provides a microwave to heat your pasty, sausage roll or pizza slice after purchase? Tax avoidance?</summary><id>object:search.twitter.com,2005:185069697295859714</id><link>http://twitter.com/Jason_Sheff/statuses/185069697295859714</link><postedTime>2012-03-28T18:23:48.000Z</postedTime><objectType>note</objectType></object><actor><summary>Good in all the right ways, bad in all the right ways ;-) xx&#13;
&#13;
Professional Celebrity Reality Checker!</summary><twitterTimeZone>London</twitterTimeZone><friendsCount>92</friendsCount><location><displayName>Sheffield</displayName><objectType>place</objectType></location><link>http://www.twitter.com/Jason_Sheff</link><postedTime>2011-03-01T12:34:12.000Z</postedTime><image>http://a0.twimg.com/profile_images/1258704185/jason_normal.jpg</image><links><links><rel>me</rel><href/></links></links><listedCount>0</listedCount><id>id:twitter.com:259232372</id><languages><languages>en</languages></languages><utcOffset>0</utcOffset><followersCount>14</followersCount><preferredUsername>Jason_Sheff</preferredUsername><displayName>Jason Sheffield</displayName><statusesCount>333</statusesCount><objectType>person</objectType></actor><twitter_entities><hashtags><hashtags><text>pastygate</text><indices><indices>0</indices><indices>10</indices></indices></hashtags></hashtags><user_mentions/><urls/></twitter_entities><objectType>activity</objectType><platform>twitter</platform><posted_date>2012-03-28</posted_date><followers>14</followers><statuses>333</statuses><region>London</region></marklogic>