<?xml version="1.0" encoding="UTF-8"?>
<marklogic><id>tag:search.twitter.com,2005:185033613899874305</id><type>P</type><type>P</type><body><product_name company="Coca Cola">Coke</product_name> on her black skin, Make a stripe like a zebra, I call that jungle <adverse_event>Fever</adverse_event>.</body><verb>post</verb><link>http://twitter.com/KILLSellers/statuses/185033613899874305</link><generator><link>http://twitter.com</link><displayName>web</displayName></generator><postedTime>2012-03-28T16:00:25.000Z</postedTime><provider><link>http://www.twitter.com</link><displayName>Twitter</displayName><objectType>service</objectType></provider><object><summary>Coke on her black skin, Make a stripe like a zebra, I call that jungle fever.</summary><id>object:search.twitter.com,2005:185033613899874305</id><link>http://twitter.com/KILLSellers/statuses/185033613899874305</link><postedTime>2012-03-28T16:00:25.000Z</postedTime><objectType>note</objectType></object><actor><summary>One thing, your never going to take a shit in my bathroom.&#13;
~火~</summary><twitterTimeZone>Pacific Time (US &amp; Canada)</twitterTimeZone><friendsCount>51</friendsCount><location><displayName>Marysville, WA</displayName><objectType>place</objectType></location><link>http://www.twitter.com/KILLSellers</link><postedTime>2012-01-06T07:45:49.000Z</postedTime><image>http://a0.twimg.com/profile_images/1899114791/b324446e6ebf11e181bd12313817987b_5_normal.jpg</image><links><links><rel>me</rel><href>http://baconwife.tumblr.com/</href></links></links><listedCount>0</listedCount><id>id:twitter.com:456441654</id><languages><languages>en</languages></languages><utcOffset>-28800</utcOffset><followersCount>73</followersCount><preferredUsername>KILLSellers</preferredUsername><displayName>Colton Sellers</displayName><statusesCount>734</statusesCount><objectType>person</objectType></actor><twitter_entities><hashtags/><user_mentions/><urls/></twitter_entities><objectType>activity</objectType><platform>twitter</platform><posted_date>2012-03-28</posted_date><followers>73</followers><statuses>734</statuses><region>Pacific</region></marklogic>