<?xml version="1.0" encoding="UTF-8"?>
<marklogic><id>tag:search.twitter.com,2005:185078083123036160</id><type>P</type><type>P</type><body><product_name company="GlaxoSmithKline">Zantac</product_name> for infant and <adverse_event>Constipation</adverse_event> http://t.co/xpviBmD1</body><verb>post</verb><link>http://twitter.com/xiqulunemadew/statuses/185078083123036160</link><generator><link>http://twitter.com</link><displayName>web</displayName></generator><postedTime>2012-03-28T18:57:08.000Z</postedTime><provider><link>http://www.twitter.com</link><displayName>Twitter</displayName><objectType>service</objectType></provider><object><summary>zantac for infant and constipation http://t.co/xpviBmD1</summary><id>object:search.twitter.com,2005:185078083123036160</id><link>http://twitter.com/xiqulunemadew/statuses/185078083123036160</link><postedTime>2012-03-28T18:57:08.000Z</postedTime><objectType>note</objectType></object><actor><summary>My favorite artists - Jay-Z and Big Star. About me:self-accepting, agencies and influences.&#13;</summary><twitterTimeZone/><friendsCount>24</friendsCount><location><displayName>NM&#13;</displayName><objectType>place</objectType></location><link>http://www.twitter.com/xiqulunemadew</link><postedTime>2012-02-10T14:58:07.000Z</postedTime><image>http://a0.twimg.com/profile_images/1819831718/389_normal.gif</image><links><links><rel>me</rel><href/></links></links><listedCount>0</listedCount><id>id:twitter.com:488517388</id><languages><languages>tr</languages></languages><utcOffset/><followersCount>5</followersCount><preferredUsername>xiqulunemadew</preferredUsername><displayName>dieckman</displayName><statusesCount>75</statusesCount><objectType>person</objectType></actor><twitter_entities><hashtags/><user_mentions/><urls><urls><indices><indices>35</indices><indices>55</indices></indices><expanded_url>http://zantac-for-infant-and-constipation.cheapillsshop.com</expanded_url><display_url>…nt-and-constipation.cheapillsshop.com</display_url><url>http://t.co/xpviBmD1</url></urls></urls></twitter_entities><objectType>activity</objectType><platform>twitter</platform><posted_date>2012-03-28</posted_date><followers>5</followers><statuses>75</statuses><region>N.A.</region></marklogic>