<?xml version="1.0" encoding="UTF-8"?>
<marklogic><id>tag:search.twitter.com,2005:185072433064185857</id><type>P</type><type>P</type><inReplyTo><link>http://twitter.com/LeeCole_World/statuses/185071899959754752</link></inReplyTo><body>@LeeCole_World naw cuzzo u goin in way worse than I would being a Scorpio lls Ayee ya find the <adverse_event>Spot</adverse_event> ya <product_name company="SC Johnson">Shout</product_name> get.a townhouse</body><verb>post</verb><link>http://twitter.com/misschynawhite/statuses/185072433064185857</link><generator><link>http://mobile.twitter.com</link><displayName>Mobile Web</displayName></generator><postedTime>2012-03-28T18:34:41.000Z</postedTime><provider><link>http://www.twitter.com</link><displayName>Twitter</displayName><objectType>service</objectType></provider><object><summary>@LeeCole_World naw cuzzo u goin in way worse than I would being a Scorpio lls Ayee ya find the spot ya shout get.a townhouse</summary><id>object:search.twitter.com,2005:185072433064185857</id><link>http://twitter.com/misschynawhite/statuses/185072433064185857</link><postedTime>2012-03-28T18:34:41.000Z</postedTime><objectType>note</objectType></object><actor><summary/><twitterTimeZone/><friendsCount>60</friendsCount><location><displayName>MD</displayName><objectType>place</objectType></location><link>http://www.twitter.com/misschynawhite</link><postedTime>2011-08-06T02:47:18.000Z</postedTime><image>http://a0.twimg.com/profile_images/1974999822/idkkkkk_normal.jpg</image><links><links><rel>me</rel><href/></links></links><listedCount>0</listedCount><id>id:twitter.com:349429348</id><languages><languages>en</languages></languages><utcOffset/><followersCount>44</followersCount><preferredUsername>misschynawhite</preferredUsername><displayName>chyna white</displayName><statusesCount>178</statusesCount><objectType>person</objectType></actor><twitter_entities><hashtags/><urls/><user_mentions><user_mentions><indices><indices>0</indices><indices>14</indices></indices><id_str>406014777</id_str><name>SpaceGhost Purp</name><id>406014777</id><screen_name>LeeCole_World</screen_name></user_mentions></user_mentions></twitter_entities><objectType>activity</objectType><platform>twitter</platform><posted_date>2012-03-28</posted_date><followers>44</followers><statuses>178</statuses><region>N.A.</region></marklogic>