<?xml version="1.0" encoding="UTF-8"?>
<marklogic><id>tag:search.twitter.com,2005:185045820708618241</id><type>P</type><type>P</type><body>YEP - I watched the Mariners on @ROOTSPORTS_NW win their 2012 Season Opener in Japan at 3am today!  King <product_name company="N.A.">Felix</product_name> looked <adverse_event>Spot</adverse_event> on...</body><verb>post</verb><link>http://twitter.com/dankellermtg/statuses/185045820708618241</link><generator><link>http://twitter.com</link><displayName>web</displayName></generator><postedTime>2012-03-28T16:48:56.000Z</postedTime><provider><link>http://www.twitter.com</link><displayName>Twitter</displayName><objectType>service</objectType></provider><object><summary>YEP - I watched the Mariners on @ROOTSPORTS_NW win their 2012 Season Opener in Japan at 3am today!  King Felix looked spot on...</summary><id>object:search.twitter.com,2005:185045820708618241</id><link>http://twitter.com/dankellermtg/statuses/185045820708618241</link><postedTime>2012-03-28T16:48:56.000Z</postedTime><objectType>note</objectType></object><actor><summary>#Seattle #FHA #Mortgage Banker. I wish my dad would've told me that hustle &amp; blistering work ethic were included in my DNA. I'd a skipped grad school. heb12:11</summary><twitterTimeZone>Pacific Time (US &amp; Canada)</twitterTimeZone><friendsCount>283</friendsCount><location><displayName>Seattle, WA</displayName><objectType>place</objectType></location><link>http://www.twitter.com/dankellermtg</link><postedTime>2009-06-26T01:23:08.000Z</postedTime><image>http://a0.twimg.com/profile_images/1492597594/dkpicsmallrevpic_normal.jpg</image><links><links><rel>me</rel><href>http://www.mymortgageguydan.com/twitter</href></links></links><listedCount>60</listedCount><id>id:twitter.com:50860310</id><languages><languages>en</languages></languages><utcOffset>-28800</utcOffset><followersCount>879</followersCount><preferredUsername>dankellermtg</preferredUsername><displayName>Dan Keller</displayName><statusesCount>5119</statusesCount><objectType>person</objectType></actor><twitter_entities><hashtags/><user_mentions><user_mentions><indices><indices>32</indices><indices>46</indices></indices><name>ROOT SPORTS™ | NW </name><id_str>133861854</id_str><id>133861854</id><screen_name>ROOTSPORTS_NW</screen_name></user_mentions></user_mentions><urls/></twitter_entities><objectType>activity</objectType><platform>twitter</platform><posted_date>2012-03-28</posted_date><followers>879</followers><statuses>5119</statuses><region>Pacific</region></marklogic>