<?xml version="1.0" encoding="UTF-8"?>
<marklogic><body>My lips are so <adverse_event>Burnt</adverse_event> :( #<product_name company="N.A.">Chapstick</product_name></body><geo><type>Point</type><coordinates><coordinates>28.4149456</coordinates><coordinates>-81.47778702</coordinates></coordinates></geo><location><geo><type>Polygon</type><coordinates><coordinates><coordinates><coordinates>-81.657396</coordinates><coordinates>28.346828</coordinates></coordinates><coordinates><coordinates>-81.382969</coordinates><coordinates>28.346828</coordinates></coordinates><coordinates><coordinates>-81.382969</coordinates><coordinates>28.553122</coordinates></coordinates><coordinates><coordinates>-81.657396</coordinates><coordinates>28.553122</coordinates></coordinates></coordinates></coordinates></geo><link>http://api.twitter.com/1/geo/id/47714ca85c3d8474.json</link><name>Southwest Orange</name><displayName>Southwest Orange, FL</displayName><country_code>United States</country_code><objectType>place</objectType></location><link>http://twitter.com/mjwebb1/statuses/187217812153053184</link><postedTime>2012-04-03T16:39:39.000Z</postedTime><provider><link>http://www.twitter.com</link><displayName>Twitter</displayName><objectType>service</objectType></provider><actor><summary> Imperfection is beauty, madness is genius and its better to be absolutely ridiculous than absolutely boring :)</summary><twitterTimeZone/><friendsCount>83</friendsCount><location><displayName>Newport TN</displayName><objectType>place</objectType></location><link>http://www.twitter.com/mjwebb1</link><postedTime>2011-02-21T03:40:00.000Z</postedTime><image>http://a0.twimg.com/profile_images/1857710312/PhotoChooser-8c635027-4543-42fa-9758-d3bc036fa834_normal.jpg</image><links><links><rel>me</rel><href/></links></links><listedCount>1</listedCount><id>id:twitter.com:255322140</id><languages><languages>en</languages></languages><utcOffset/><followersCount>62</followersCount><preferredUsername>mjwebb1</preferredUsername><displayName>Macie Jennie Webb</displayName><statusesCount>369</statusesCount><objectType>person</objectType></actor><object><summary>My lips are so burnt :( #chapstick</summary><id>object:search.twitter.com,2005:187217812153053184</id><link>http://twitter.com/mjwebb1/statuses/187217812153053184</link><postedTime>2012-04-03T16:39:39.000Z</postedTime><objectType>note</objectType></object><twitter_entities><hashtags><hashtags><text>chapstick</text><indices><indices>24</indices><indices>34</indices></indices></hashtags></hashtags><urls/><user_mentions/></twitter_entities><id>tag:search.twitter.com,2005:187217812153053184</id><type>P</type><type>P</type><verb>post</verb><generator><link>http://www.twitter.com</link><displayName>Twitter for Windows Phone</displayName></generator><objectType>activity</objectType><platform>twitter</platform><posted_date>2012-04-03</posted_date><followers>62</followers><statuses>369</statuses><region>N.A.</region></marklogic>