<?xml version="1.0" encoding="UTF-8"?>
<marklogic><id>tag:search.twitter.com,2005:185033068418039808</id><type>P</type><type>P</type><body>Reading in my garden sunbathing with ice <adverse_event>Cold</adverse_event> <product_name company="Coca Cola">Coke</product_name> lol its so lovely :)</body><verb>post</verb><link>http://twitter.com/AnnaBroughton1/statuses/185033068418039808</link><generator><link>http://blackberry.com/twitter</link><displayName>Twitter for BlackBerry®</displayName></generator><postedTime>2012-03-28T15:58:15.000Z</postedTime><provider><link>http://www.twitter.com</link><displayName>Twitter</displayName><objectType>service</objectType></provider><object><summary>Reading in my garden sunbathing with ice cold coke lol its so lovely :)</summary><id>object:search.twitter.com,2005:185033068418039808</id><link>http://twitter.com/AnnaBroughton1/statuses/185033068418039808</link><postedTime>2012-03-28T15:58:15.000Z</postedTime><objectType>note</objectType></object><actor><summary>singer/songwriter</summary><twitterTimeZone/><friendsCount>129</friendsCount><location><displayName>London town</displayName><objectType>place</objectType></location><link>http://www.twitter.com/AnnaBroughton1</link><postedTime>2012-01-03T14:09:11.000Z</postedTime><image>http://a0.twimg.com/profile_images/1872554602/lala_normal.jpg</image><links><links><rel>me</rel><href/></links></links><listedCount>0</listedCount><id>id:twitter.com:453986869</id><languages><languages>en</languages></languages><utcOffset/><followersCount>148</followersCount><preferredUsername>AnnaBroughton1</preferredUsername><displayName>Anna Broughton</displayName><statusesCount>1632</statusesCount><objectType>person</objectType></actor><twitter_entities><hashtags/><user_mentions/><urls/></twitter_entities><objectType>activity</objectType><platform>twitter</platform><posted_date>2012-03-28</posted_date><followers>148</followers><statuses>1632</statuses><region>N.A.</region></marklogic>