<?xml version="1.0" encoding="UTF-8"?>
<marklogic><id>tag:search.twitter.com,2005:185036515561324544</id><type>P</type><type>P</type><body><product_name company="Johnson - Johnson">Tylenol</product_name> <adverse_event>Cold</adverse_event> does work http://t.co/Xtohfxq4</body><verb>post</verb><link>http://twitter.com/bijixebaveb/statuses/185036515561324544</link><generator><link>http://twitter.com</link><displayName>web</displayName></generator><postedTime>2012-03-28T16:11:57.000Z</postedTime><provider><link>http://www.twitter.com</link><displayName>Twitter</displayName><objectType>service</objectType></provider><object><summary>tylenol cold does work http://t.co/Xtohfxq4</summary><id>object:search.twitter.com,2005:185036515561324544</id><link>http://twitter.com/bijixebaveb/statuses/185036515561324544</link><postedTime>2012-03-28T16:11:57.000Z</postedTime><objectType>note</objectType></object><actor><summary>My favorite artists - Fuck Buttons and Harold Melvin &amp; The Bluenotes. About me:flimflammed, irreverence and ingratitude.&#13;</summary><twitterTimeZone/><friendsCount>39</friendsCount><location><displayName>US&#13;</displayName><objectType>place</objectType></location><link>http://www.twitter.com/bijixebaveb</link><postedTime>2012-02-07T01:50:14.000Z</postedTime><image>http://a0.twimg.com/profile_images/1812891431/1619_normal.gif</image><links><links><rel>me</rel><href/></links></links><listedCount>0</listedCount><id>id:twitter.com:485293737</id><languages><languages>es</languages></languages><utcOffset/><followersCount>21</followersCount><preferredUsername>bijixebaveb</preferredUsername><displayName>levalley</displayName><statusesCount>172</statusesCount><objectType>person</objectType></actor><twitter_entities><hashtags/><user_mentions/><urls><urls><indices><indices>23</indices><indices>43</indices></indices><expanded_url>http://tylenol-cold-does-work.cheapillsshop.com</expanded_url><display_url>…enol-cold-does-work.cheapillsshop.com</display_url><url>http://t.co/Xtohfxq4</url></urls></urls></twitter_entities><objectType>activity</objectType><platform>twitter</platform><posted_date>2012-03-28</posted_date><followers>21</followers><statuses>172</statuses><region>N.A.</region></marklogic>