<?xml version="1.0" encoding="UTF-8"?>
<marklogic><id>tag:search.twitter.com,2005:185066781482819584</id><type>P</type><type>P</type><body>Got da perfext <adverse_event>Spot</adverse_event> for u--&amp;gt;RT @Ms_SupaDupaASS: I need a vacation , in <product_name company="Unilever">Sunlight</product_name> a beach and water ....</body><verb>post</verb><link>http://twitter.com/tanbutta/statuses/185066781482819584</link><generator><link>http://www.echofon.com/</link><displayName>Echofon</displayName></generator><postedTime>2012-03-28T18:12:13.000Z</postedTime><provider><link>http://www.twitter.com</link><displayName>Twitter</displayName><objectType>service</objectType></provider><object><summary>Got da perfext spot for u--&amp;gt;RT @Ms_SupaDupaASS: I need a vacation , in sunlight a beach and water ....</summary><id>object:search.twitter.com,2005:185066781482819584</id><link>http://twitter.com/tanbutta/statuses/185066781482819584</link><postedTime>2012-03-28T18:12:13.000Z</postedTime><objectType>note</objectType></object><actor><summary>Producer from Rochester NY. Tan Butta Beats and Tan Butta T.V. Need beats contact TanButta@gmail.com Loyalty Before Royalty</summary><twitterTimeZone/><friendsCount>743</friendsCount><location><displayName>Rochester NY ✈ Atlanta </displayName><objectType>place</objectType></location><link>http://www.twitter.com/tanbutta</link><postedTime>2010-04-07T20:32:34.000Z</postedTime><image>http://a0.twimg.com/profile_images/1894208215/tanbutta_normal.jpg</image><links><links><rel>me</rel><href>http://www.soundcloud.com/tanbutta</href></links></links><listedCount>0</listedCount><id>id:twitter.com:130614963</id><languages><languages>en</languages></languages><utcOffset/><followersCount>542</followersCount><preferredUsername>tanbutta</preferredUsername><displayName>Tan butta</displayName><statusesCount>16912</statusesCount><objectType>person</objectType></actor><twitter_entities><hashtags/><user_mentions><user_mentions><indices><indices>34</indices><indices>49</indices></indices><id_str>69198022</id_str><name>Andrea Ford ™</name><id>69198022</id><screen_name>Ms_SupaDupaASS</screen_name></user_mentions></user_mentions><urls/></twitter_entities><objectType>activity</objectType><platform>twitter</platform><posted_date>2012-03-28</posted_date><followers>542</followers><statuses>16912</statuses><region>N.A.</region></marklogic>