<?xml version="1.0" encoding="UTF-8"?>
<marklogic><id>tag:search.twitter.com,2005:185077473057320960</id><type>P</type><type>P</type><body> <product_name company="Schering-Plough">Claritin</product_name> <adverse_event>Itching</adverse_event> http://t.co/qE1LAmME</body><verb>post</verb><link>http://twitter.com/zyripozygy/statuses/185077473057320960</link><generator><link>http://twitter.com</link><displayName>web</displayName></generator><postedTime>2012-03-28T18:54:42.000Z</postedTime><provider><link>http://www.twitter.com</link><displayName>Twitter</displayName><objectType>service</objectType></provider><object><summary>benadryl claritin itching http://t.co/qE1LAmME</summary><id>object:search.twitter.com,2005:185077473057320960</id><link>http://twitter.com/zyripozygy/statuses/185077473057320960</link><postedTime>2012-03-28T18:54:42.000Z</postedTime><objectType>note</objectType></object><actor><summary>She think i'm sunshine and smiles. But I'm heckled and nonchalant.</summary><twitterTimeZone/><friendsCount>108</friendsCount><location><displayName>US</displayName><objectType>place</objectType></location><link>http://www.twitter.com/zyripozygy</link><postedTime>2011-12-11T03:17:29.000Z</postedTime><image>http://a0.twimg.com/profile_images/1687056122/1117_normal.gif</image><links><links><rel>me</rel><href/></links></links><listedCount>0</listedCount><id>id:twitter.com:433850171</id><languages><languages>fil</languages></languages><utcOffset/><followersCount>37</followersCount><preferredUsername>zyripozygy</preferredUsername><displayName>Adwaita Norkett</displayName><statusesCount>388</statusesCount><objectType>person</objectType></actor><twitter_entities><hashtags/><user_mentions/><urls><urls><indices><indices>26</indices><indices>46</indices></indices><expanded_url>http://benadryl-claritin-itching.cheapillsshop.com</expanded_url><display_url>…yl-claritin-itching.cheapillsshop.com</display_url><url>http://t.co/qE1LAmME</url></urls></urls></twitter_entities><objectType>activity</objectType><platform>twitter</platform><posted_date>2012-03-28</posted_date><followers>37</followers><statuses>388</statuses><region>N.A.</region></marklogic>