<?xml version="1.0" encoding="UTF-8"?>
<marklogic><id>tag:search.twitter.com,2005:185037132757336066</id><type>P</type><type>P</type><body>want a <adverse_event>Cold</adverse_event> <product_name company="Coca Cola">Coke</product_name> so badly #damnyoulent</body><verb>post</verb><link>http://twitter.com/izzy_garnett/statuses/185037132757336066</link><generator><link>http://blackberry.com/twitter</link><displayName>Twitter for BlackBerry®</displayName></generator><postedTime>2012-03-28T16:14:24.000Z</postedTime><provider><link>http://www.twitter.com</link><displayName>Twitter</displayName><objectType>service</objectType></provider><object><summary>want a cold coke so badly #damnyoulent</summary><id>object:search.twitter.com,2005:185037132757336066</id><link>http://twitter.com/izzy_garnett/statuses/185037132757336066</link><postedTime>2012-03-28T16:14:24.000Z</postedTime><objectType>note</objectType></object><actor><summary/><twitterTimeZone/><friendsCount>55</friendsCount><link>http://www.twitter.com/izzy_garnett</link><postedTime>2012-02-10T22:14:30.000Z</postedTime><image>http://a0.twimg.com/profile_images/1818254543/Chiltern-20120208-01168_normal.jpg</image><links><links><rel>me</rel><href/></links></links><listedCount>0</listedCount><id>id:twitter.com:488839585</id><languages><languages>en</languages></languages><utcOffset/><followersCount>56</followersCount><preferredUsername>izzy_garnett</preferredUsername><displayName>Izzy Garnett</displayName><statusesCount>35</statusesCount><objectType>person</objectType></actor><twitter_entities><hashtags><hashtags><text>damnyoulent</text><indices><indices>26</indices><indices>38</indices></indices></hashtags></hashtags><user_mentions/><urls/></twitter_entities><objectType>activity</objectType><platform>twitter</platform><posted_date>2012-03-28</posted_date><followers>56</followers><statuses>35</statuses><region>N.A.</region></marklogic>