<?xml version="1.0" encoding="UTF-8"?>
<marklogic><id>tag:search.twitter.com,2005:185042933991481345</id><type>P</type><type>P</type><body><adverse_event>Red eyes</adverse_event>, no <product_name company="Johnson - Johnson">Visine</product_name>.</body><verb>post</verb><link>http://twitter.com/oscarroca38/statuses/185042933991481345</link><generator><link>http://twitter.com/download/android</link><displayName>Twitter for Android</displayName></generator><postedTime>2012-03-28T16:37:28.000Z</postedTime><provider><link>http://www.twitter.com</link><displayName>Twitter</displayName><objectType>service</objectType></provider><object><summary>Red eyes, no visine.</summary><id>object:search.twitter.com,2005:185042933991481345</id><link>http://twitter.com/oscarroca38/statuses/185042933991481345</link><postedTime>2012-03-28T16:37:28.000Z</postedTime><objectType>note</objectType></object><actor><summary/><twitterTimeZone/><friendsCount>51</friendsCount><link>http://www.twitter.com/oscarroca38</link><postedTime>2012-01-03T04:39:15.000Z</postedTime><image>http://a0.twimg.com/profile_images/1908335301/RtBO4D96_normal</image><links><links><rel>me</rel><href/></links></links><listedCount>0</listedCount><id>id:twitter.com:453660566</id><languages><languages>en</languages></languages><utcOffset/><followersCount>51</followersCount><preferredUsername>oscarroca38</preferredUsername><displayName>Oscar Roca</displayName><statusesCount>203</statusesCount><objectType>person</objectType></actor><twitter_entities><hashtags/><user_mentions/><urls/></twitter_entities><objectType>activity</objectType><platform>twitter</platform><posted_date>2012-03-28</posted_date><followers>51</followers><statuses>203</statuses><region>N.A.</region></marklogic>