<?xml version="1.0" encoding="UTF-8"?>
<marklogic><id>tag:search.twitter.com,2005:185058383970320385</id><type>P</type><type>P</type><body><product_name company="Johnson - Johnson">Tylenol</product_name> reduces <adverse_event>Fever</adverse_event> http://t.co/Fh6FcJg3</body><verb>post</verb><link>http://twitter.com/ruvowozyv/statuses/185058383970320385</link><generator><link>http://twitter.com</link><displayName>web</displayName></generator><postedTime>2012-03-28T17:38:51.000Z</postedTime><provider><link>http://www.twitter.com</link><displayName>Twitter</displayName><objectType>service</objectType></provider><object><summary>tylenol reduces fever http://t.co/Fh6FcJg3</summary><id>object:search.twitter.com,2005:185058383970320385</id><link>http://twitter.com/ruvowozyv/statuses/185058383970320385</link><postedTime>2012-03-28T17:38:51.000Z</postedTime><objectType>note</objectType></object><actor><summary/><twitterTimeZone/><friendsCount>52</friendsCount><link>http://www.twitter.com/ruvowozyv</link><postedTime>2011-12-13T15:59:07.000Z</postedTime><image>http://a0.twimg.com/sticky/default_profile_images/default_profile_5_normal.png</image><links><links><rel>me</rel><href/></links></links><listedCount>2</listedCount><id>id:twitter.com:435924858</id><languages><languages>en</languages></languages><utcOffset/><followersCount>21</followersCount><preferredUsername>ruvowozyv</preferredUsername><displayName>Tetymi Xocify</displayName><statusesCount>495</statusesCount><objectType>person</objectType></actor><twitter_entities><hashtags/><urls><urls><indices><indices>22</indices><indices>42</indices></indices><expanded_url>http://tylenol-reduces-fever.cheapillsshop.com</expanded_url><display_url>…lenol-reduces-fever.cheapillsshop.com</display_url><url>http://t.co/Fh6FcJg3</url></urls></urls><user_mentions/></twitter_entities><objectType>activity</objectType><platform>twitter</platform><posted_date>2012-03-28</posted_date><followers>21</followers><statuses>495</statuses><region>N.A.</region></marklogic>