<?xml version="1.0" encoding="UTF-8"?>
<marklogic><id>tag:search.twitter.com,2005:187085078537576448</id><type>P</type><type>P</type><body>After taking a 500mg Vicodin and some <product_name company="N.A.">NyQuil</product_name> I should be KNOCKEDbut this fuckin <adverse_event>Toothache</adverse_event> keeps... Buy Vicodin Online &amp;gt; http://t.co/OEAcJ6gf</body><verb>post</verb><link>http://twitter.com/cheapvicodins/statuses/187085078537576448</link><generator><link>http://dlvr.it</link><displayName>dlvr.it</displayName></generator><postedTime>2012-04-03T07:52:13.000Z</postedTime><provider><link>http://www.twitter.com</link><displayName>Twitter</displayName><objectType>service</objectType></provider><object><summary>After taking a 500mg Vicodin and some NyQuil I should be KNOCKEDbut this fuckin toothache keeps... Buy Vicodin Online &amp;gt; http://t.co/OEAcJ6gf</summary><id>object:search.twitter.com,2005:187085078537576448</id><link>http://twitter.com/cheapvicodins/statuses/187085078537576448</link><postedTime>2012-04-03T07:52:13.000Z</postedTime><objectType>note</objectType></object><actor><summary/><twitterTimeZone/><friendsCount>195</friendsCount><link>http://www.twitter.com/cheapvicodins</link><postedTime>2011-01-23T13:19:38.000Z</postedTime><image>http://a0.twimg.com/sticky/default_profile_images/default_profile_2_normal.png</image><links><links><rel>me</rel><href/></links></links><listedCount>0</listedCount><id>id:twitter.com:241915445</id><languages><languages>en</languages></languages><utcOffset/><followersCount>221</followersCount><preferredUsername>cheapvicodins</preferredUsername><displayName>cheap vicodin</displayName><statusesCount>29542</statusesCount><objectType>person</objectType></actor><twitter_entities><hashtags/><urls><urls><indices><indices>123</indices><indices>143</indices></indices><expanded_url>http://adf.ly/3A1Ql</expanded_url><display_url>adf.ly/3A1Ql</display_url><url>http://t.co/OEAcJ6gf</url></urls></urls><user_mentions/></twitter_entities><objectType>activity</objectType><platform>twitter</platform><posted_date>2012-04-03</posted_date><followers>221</followers><statuses>29542</statuses><region>N.A.</region></marklogic>