<?xml version="1.0" encoding="UTF-8"?>
<marklogic><id>tag:search.twitter.com,2005:185038274719518720</id><type>P</type><type>P</type><body>Why they <product_name company="SC Johnson">Shout</product_name> gshhhhh <adverse_event>Headache</adverse_event>!</body><verb>post</verb><link>http://twitter.com/_AprilXVll/statuses/185038274719518720</link><generator><link>http://twitter.com/download/android</link><displayName>Twitter for Android</displayName></generator><postedTime>2012-03-28T16:18:57.000Z</postedTime><provider><link>http://www.twitter.com</link><displayName>Twitter</displayName><objectType>service</objectType></provider><object><summary>Why they shout gshhhhh headache!</summary><id>object:search.twitter.com,2005:185038274719518720</id><link>http://twitter.com/_AprilXVll/statuses/185038274719518720</link><postedTime>2012-03-28T16:18:57.000Z</postedTime><objectType>note</objectType></object><actor><summary>#Dylan's wife :)</summary><twitterTimeZone>Pacific Time (US &amp; Canada)</twitterTimeZone><friendsCount>235</friendsCount><location><displayName>FAR AWAY</displayName><objectType>place</objectType></location><link>http://www.twitter.com/_AprilXVll</link><postedTime>2011-05-25T21:55:21.000Z</postedTime><image>http://a0.twimg.com/profile_images/1963151499/CsXvtQOj_normal</image><links><links><rel>me</rel><href/></links></links><listedCount>0</listedCount><id>id:twitter.com:305244683</id><languages><languages>en</languages></languages><utcOffset>-28800</utcOffset><followersCount>187</followersCount><preferredUsername>_AprilXVll</preferredUsername><displayName>I thank its Victoria</displayName><statusesCount>3812</statusesCount><objectType>person</objectType></actor><twitter_entities><hashtags/><urls/><user_mentions/></twitter_entities><objectType>activity</objectType><platform>twitter</platform><posted_date>2012-03-28</posted_date><followers>187</followers><statuses>3812</statuses><region>Pacific</region></marklogic>