<?xml version="1.0" encoding="UTF-8"?>
<marklogic><id>tag:search.twitter.com,2005:185059159195131904</id><type>P</type><type>P</type><body>Niggas that use Trojan fire and ice condoms tryna <adverse_event>Burn</adverse_event> a bitch pussy <product_name company="SC Johnson">Off</product_name> -so I've heard. Lol</body><verb>post</verb><link>http://twitter.com/Jezebelle_Lover/statuses/185059159195131904</link><generator><link>http://twitter.com/#!/download/iphone</link><displayName>Twitter for iPhone</displayName></generator><postedTime>2012-03-28T17:41:56.000Z</postedTime><provider><link>http://www.twitter.com</link><displayName>Twitter</displayName><objectType>service</objectType></provider><object><summary>Niggas that use Trojan fire and ice condoms tryna burn a bitch pussy off -so I've heard. Lol</summary><id>object:search.twitter.com,2005:185059159195131904</id><link>http://twitter.com/Jezebelle_Lover/statuses/185059159195131904</link><postedTime>2012-03-28T17:41:56.000Z</postedTime><objectType>note</objectType></object><actor><summary>Simply put, simplicity- is anything but me...or is it? Unapologetic[.]</summary><twitterTimeZone>Mountain Time (US &amp; Canada)</twitterTimeZone><friendsCount>164</friendsCount><location><displayName>in my own mind </displayName><objectType>place</objectType></location><link>http://www.twitter.com/Jezebelle_Lover</link><postedTime>2011-05-21T22:18:44.000Z</postedTime><image>http://a0.twimg.com/profile_images/1912587153/image_normal.jpg</image><links><links><rel>me</rel><href/></links></links><listedCount>0</listedCount><id>id:twitter.com:302872505</id><languages><languages>en</languages></languages><utcOffset>-25200</utcOffset><followersCount>95</followersCount><preferredUsername>Jezebelle_Lover</preferredUsername><displayName>Ben.Wasted </displayName><statusesCount>1073</statusesCount><objectType>person</objectType></actor><twitter_entities><hashtags/><user_mentions/><urls/></twitter_entities><objectType>activity</objectType><platform>twitter</platform><posted_date>2012-03-28</posted_date><followers>95</followers><statuses>1073</statuses><region>Mountain</region></marklogic>