<?xml version="1.0" encoding="UTF-8"?>
<marklogic><id>tag:search.twitter.com,2005:185057517984948224</id><type>P</type><type>P</type><body>can't go wrong with a <adverse_event>Cold</adverse_event> can of <product_name company="Coca Cola">Fanta</product_name> fruit twist!</body><verb>post</verb><link>http://twitter.com/xcoleee/statuses/185057517984948224</link><generator><link>http://twitter.com/#!/download/iphone</link><displayName>Twitter for iPhone</displayName></generator><postedTime>2012-03-28T17:35:25.000Z</postedTime><provider><link>http://www.twitter.com</link><displayName>Twitter</displayName><objectType>service</objectType></provider><object><summary>can't go wrong with a cold can of fanta fruit twist!</summary><id>object:search.twitter.com,2005:185057517984948224</id><link>http://twitter.com/xcoleee/statuses/185057517984948224</link><postedTime>2012-03-28T17:35:25.000Z</postedTime><objectType>note</objectType></object><actor><summary>living life care free now, just gunna go with the flow and be me! </summary><twitterTimeZone/><friendsCount>164</friendsCount><location><displayName>Newport</displayName><objectType>place</objectType></location><link>http://www.twitter.com/xcoleee</link><postedTime>2009-07-19T19:03:35.000Z</postedTime><image>http://a0.twimg.com/profile_images/1875423619/image_normal.jpg</image><links><links><rel>me</rel><href/></links></links><listedCount>0</listedCount><id>id:twitter.com:58267090</id><languages><languages>en</languages></languages><utcOffset/><followersCount>109</followersCount><preferredUsername>xcoleee</preferredUsername><displayName>Nicole Thomas</displayName><statusesCount>440</statusesCount><objectType>person</objectType></actor><twitter_entities><hashtags/><urls/><user_mentions/></twitter_entities><objectType>activity</objectType><platform>twitter</platform><posted_date>2012-03-28</posted_date><followers>109</followers><statuses>440</statuses><region>N.A.</region></marklogic>