<?xml version="1.0" encoding="UTF-8"?>
<marklogic><id>tag:search.twitter.com,2005:185054470034567168</id><type>P</type><type>P</type><body><product_name company="Johnson - Johnson">Benadryl</product_name> dosage <adverse_event>Itching</adverse_event> http://t.co/Yfa0uwyj</body><verb>post</verb><link>http://twitter.com/hotiwydebig/statuses/185054470034567168</link><generator><link>http://twitter.com</link><displayName>web</displayName></generator><postedTime>2012-03-28T17:23:18.000Z</postedTime><provider><link>http://www.twitter.com</link><displayName>Twitter</displayName><objectType>service</objectType></provider><object><summary>benadryl dosage itching http://t.co/Yfa0uwyj</summary><id>object:search.twitter.com,2005:185054470034567168</id><link>http://twitter.com/hotiwydebig/statuses/185054470034567168</link><postedTime>2012-03-28T17:23:18.000Z</postedTime><objectType>note</objectType></object><actor><summary>voluminous and varied. full of energy, detailed and on time. Thats me.&#13;</summary><twitterTimeZone/><friendsCount>24</friendsCount><location><displayName>GB&#13;</displayName><objectType>place</objectType></location><link>http://www.twitter.com/hotiwydebig</link><postedTime>2012-02-09T15:56:18.000Z</postedTime><image>http://a0.twimg.com/profile_images/1818626515/546_normal.gif</image><links><links><rel>me</rel><href/></links></links><listedCount>0</listedCount><id>id:twitter.com:487646771</id><languages><languages>en</languages></languages><utcOffset/><followersCount>5</followersCount><preferredUsername>hotiwydebig</preferredUsername><displayName>abney</displayName><statusesCount>83</statusesCount><objectType>person</objectType></actor><twitter_entities><hashtags/><urls><urls><indices><indices>24</indices><indices>44</indices></indices><expanded_url>http://benadryl-dosage-itching.cheapillsshop.com</expanded_url><display_url>…dryl-dosage-itching.cheapillsshop.com</display_url><url>http://t.co/Yfa0uwyj</url></urls></urls><user_mentions/></twitter_entities><objectType>activity</objectType><platform>twitter</platform><posted_date>2012-03-28</posted_date><followers>5</followers><statuses>83</statuses><region>N.A.</region></marklogic>