<?xml version="1.0" encoding="UTF-8"?>
<marklogic><id>tag:search.twitter.com,2005:185036684386242560</id><type>P</type><type>P</type><body><product_name company="Johnson - Johnson">Motrin</product_name> after <adverse_event>Fever</adverse_event> http://t.co/Ful3VCeD</body><verb>post</verb><link>http://twitter.com/lonyvahetudip/statuses/185036684386242560</link><generator><link>http://twitter.com</link><displayName>web</displayName></generator><postedTime>2012-03-28T16:12:38.000Z</postedTime><provider><link>http://www.twitter.com</link><displayName>Twitter</displayName><objectType>service</objectType></provider><object><summary>motrin after fever http://t.co/Ful3VCeD</summary><id>object:search.twitter.com,2005:185036684386242560</id><link>http://twitter.com/lonyvahetudip/statuses/185036684386242560</link><postedTime>2012-03-28T16:12:38.000Z</postedTime><objectType>note</objectType></object><actor><summary>I think I'm dubious, oracular and occult, because of Howlin' Wolf.&#13;</summary><twitterTimeZone/><friendsCount>21</friendsCount><location><displayName>NH&#13;</displayName><objectType>place</objectType></location><link>http://www.twitter.com/lonyvahetudip</link><postedTime>2012-02-11T04:17:52.000Z</postedTime><image>http://a0.twimg.com/profile_images/1820782171/1332_normal.gif</image><links><links><rel>me</rel><href/></links></links><listedCount>0</listedCount><id>id:twitter.com:489058093</id><languages><languages>en</languages></languages><utcOffset/><followersCount>7</followersCount><preferredUsername>lonyvahetudip</preferredUsername><displayName>asay</displayName><statusesCount>81</statusesCount><objectType>person</objectType></actor><twitter_entities><hashtags/><user_mentions/><urls><urls><indices><indices>19</indices><indices>39</indices></indices><expanded_url>http://motrin-after-fever.cheapillsshop.com</expanded_url><display_url>motrin-after-fever.cheapillsshop.com</display_url><url>http://t.co/Ful3VCeD</url></urls></urls></twitter_entities><objectType>activity</objectType><platform>twitter</platform><posted_date>2012-03-28</posted_date><followers>7</followers><statuses>81</statuses><region>N.A.</region></marklogic>