<?xml version="1.0" encoding="UTF-8"?>
<marklogic><id>tag:search.twitter.com,2005:187058102640721921</id><type>P</type><type>P</type><body>Hot tea <product_name company="P&amp;G">Nyquil</product_name> and the <adverse_event>Heat</adverse_event> blanket... I'm determined to feel better&#x01f601;</body><verb>post</verb><link>http://twitter.com/lovecoleee/statuses/187058102640721921</link><generator><link>http://twitter.com/#!/download/iphone</link><displayName>Twitter for iPhone</displayName></generator><postedTime>2012-04-03T06:05:01.000Z</postedTime><provider><link>http://www.twitter.com</link><displayName>Twitter</displayName><objectType>service</objectType></provider><object><summary>Hot tea nyquil and the heat blanket... I'm determined to feel better&#x01f601;</summary><id>object:search.twitter.com,2005:187058102640721921</id><link>http://twitter.com/lovecoleee/statuses/187058102640721921</link><postedTime>2012-04-03T06:05:01.000Z</postedTime><objectType>note</objectType></object><actor><summary>✌&amp;❤</summary><twitterTimeZone/><friendsCount>56</friendsCount><location><displayName>south san francisco</displayName><objectType>place</objectType></location><link>http://www.twitter.com/lovecoleee</link><postedTime>2011-07-29T01:54:44.000Z</postedTime><image>http://a0.twimg.com/profile_images/1865291368/image_normal.jpg</image><links><links><rel>me</rel><href/></links></links><listedCount>0</listedCount><id>id:twitter.com:344430969</id><languages><languages>en</languages></languages><utcOffset/><followersCount>18</followersCount><preferredUsername>lovecoleee</preferredUsername><displayName>Nicole </displayName><statusesCount>866</statusesCount><objectType>person</objectType></actor><twitter_entities><hashtags/><urls/><user_mentions/></twitter_entities><objectType>activity</objectType><platform>twitter</platform><posted_date>2012-04-03</posted_date><followers>18</followers><statuses>866</statuses><region>N.A.</region></marklogic>