<?xml version="1.0" encoding="UTF-8"?>
<marklogic><id>tag:search.twitter.com,2005:185078977889714178</id><type>P</type><type>P</type><inReplyTo><link>http://twitter.com/digidude512/statuses/185078497939697664</link></inReplyTo><body>@digidude512 I'm sure I'll be fine in a bit dude, only got <adverse_event>Stomach ache</adverse_event> from not eating, so toast+<product_name company="GlaxoSmithKline">Ribena</product_name>+painkillers should fix it! I hope!</body><verb>post</verb><link>http://twitter.com/jkmoogle/statuses/185078977889714178</link><generator><link>http://twitter.com/download/android</link><displayName>Twitter for Android</displayName></generator><postedTime>2012-03-28T19:00:41.000Z</postedTime><provider><link>http://www.twitter.com</link><displayName>Twitter</displayName><objectType>service</objectType></provider><object><summary>@digidude512 I'm sure I'll be fine in a bit dude, only got stomach ache from not eating, so toast+ribena+painkillers should fix it! I hope!</summary><id>object:search.twitter.com,2005:185078977889714178</id><link>http://twitter.com/jkmoogle/statuses/185078977889714178</link><postedTime>2012-03-28T19:00:41.000Z</postedTime><objectType>note</objectType></object><actor><summary/><twitterTimeZone>London</twitterTimeZone><friendsCount>398</friendsCount><location><displayName>Guernsey</displayName><objectType>place</objectType></location><link>http://www.twitter.com/jkmoogle</link><postedTime>2009-09-11T13:03:52.000Z</postedTime><image>http://a0.twimg.com/profile_images/1955861808/nVRjh2Kh_normal</image><links><links><rel>me</rel><href>http://www.youtube.com/teamgrock</href></links></links><listedCount>0</listedCount><id>id:twitter.com:73380549</id><languages><languages>en</languages></languages><utcOffset>0</utcOffset><followersCount>71</followersCount><preferredUsername>jkmoogle</preferredUsername><displayName>JK / Mister Dave</displayName><statusesCount>1710</statusesCount><objectType>person</objectType></actor><twitter_entities><hashtags/><user_mentions><user_mentions><indices><indices>0</indices><indices>12</indices></indices><id_str>24326610</id_str><name>usr:Leon Lionheart</name><id>24326610</id><screen_name>digidude512</screen_name></user_mentions></user_mentions><urls/></twitter_entities><objectType>activity</objectType><platform>twitter</platform><posted_date>2012-03-28</posted_date><followers>71</followers><statuses>1710</statuses><region>London</region></marklogic>