<?xml version="1.0" encoding="UTF-8"?>
<marklogic><id>tag:search.twitter.com,2005:185043506019053568</id><type>P</type><type>P</type><body># #apple Just wanted to clarify the whole <product_name company="Apple">IPad</product_name> 3 <adverse_event>Overheating</adverse_event> issues. They are fine. Yup simple as that. It is to standard folks.</body><verb>post</verb><link>http://twitter.com/nandreopoulos/statuses/185043506019053568</link><generator><link>http://twitter.com/#!/download/iphone</link><displayName>Twitter for iPhone</displayName></generator><postedTime>2012-03-28T16:39:44.000Z</postedTime><provider><link>http://www.twitter.com</link><displayName>Twitter</displayName><objectType>service</objectType></provider><object><summary>#iPad3 #apple Just wanted to clarify the whole iPad 3 overheating issues. They are fine. Yup simple as that. It is to standard folks.</summary><id>object:search.twitter.com,2005:185043506019053568</id><link>http://twitter.com/nandreopoulos/statuses/185043506019053568</link><postedTime>2012-03-28T16:39:44.000Z</postedTime><objectType>note</objectType></object><actor><summary>A great guy, class act, geek and technophile. Tweeting about the stuff in life and on the web there is to care about! #teamfollowback</summary><twitterTimeZone>Eastern Time (US &amp; Canada)</twitterTimeZone><friendsCount>8758</friendsCount><location><displayName>Toronto, ON, Canada</displayName><objectType>place</objectType></location><link>http://www.twitter.com/nandreopoulos</link><postedTime>2010-07-24T05:33:01.000Z</postedTime><image>http://a0.twimg.com/profile_images/1513248349/N.A-FBP_normal.jpg</image><links><links><rel>me</rel><href>http://www.facebook.com/nandreopoulos</href></links></links><listedCount>43</listedCount><id>id:twitter.com:170203583</id><languages><languages>en</languages></languages><utcOffset>-18000</utcOffset><followersCount>10145</followersCount><preferredUsername>nandreopoulos</preferredUsername><displayName>Niko Andreopoulos</displayName><statusesCount>329</statusesCount><objectType>person</objectType></actor><twitter_entities><hashtags><hashtags><text>iPad3</text><indices><indices>0</indices><indices>6</indices></indices></hashtags><hashtags><text>apple</text><indices><indices>7</indices><indices>13</indices></indices></hashtags></hashtags><user_mentions/><urls/></twitter_entities><objectType>activity</objectType><platform>twitter</platform><posted_date>2012-03-28</posted_date><followers>10145</followers><statuses>329</statuses><region>Eastern</region></marklogic>