<?xml version="1.0" encoding="UTF-8"?>
<marklogic><id>tag:search.twitter.com,2005:185082110275624961</id><type>P</type><type>P</type><body>Ice <adverse_event>Cold</adverse_event> can of <product_name company="Coca Cola">Coke</product_name> #lush</body><verb>post</verb><link>http://twitter.com/TyKellett/statuses/185082110275624961</link><generator><link>http://twitter.com/#!/download/iphone</link><displayName>Twitter for iPhone</displayName></generator><postedTime>2012-03-28T19:13:08.000Z</postedTime><provider><link>http://www.twitter.com</link><displayName>Twitter</displayName><objectType>service</objectType></provider><object><summary>Ice cold can of coke #lush</summary><id>object:search.twitter.com,2005:185082110275624961</id><link>http://twitter.com/TyKellett/statuses/185082110275624961</link><postedTime>2012-03-28T19:13:08.000Z</postedTime><objectType>note</objectType></object><actor><summary/><twitterTimeZone/><friendsCount>99</friendsCount><link>http://www.twitter.com/TyKellett</link><postedTime>2011-11-22T14:24:38.000Z</postedTime><image>http://a0.twimg.com/profile_images/1652092231/ty_kellett_normal.jpg</image><links><links><rel>me</rel><href/></links></links><listedCount>0</listedCount><id>id:twitter.com:418732970</id><languages><languages>en</languages></languages><utcOffset/><followersCount>215</followersCount><preferredUsername>TyKellett</preferredUsername><displayName>Ty Kellett</displayName><statusesCount>1116</statusesCount><objectType>person</objectType></actor><twitter_entities><hashtags><hashtags><text>lush</text><indices><indices>21</indices><indices>26</indices></indices></hashtags></hashtags><user_mentions/><urls/></twitter_entities><objectType>activity</objectType><platform>twitter</platform><posted_date>2012-03-28</posted_date><followers>215</followers><statuses>1116</statuses><region>N.A.</region></marklogic>