<?xml version="1.0" encoding="UTF-8"?>
<marklogic><id>tag:search.twitter.com,2005:185057214069874688</id><type>P</type><type>P</type><body>The problem is I'm operating outside my <product_name company="Unilever">Comfort</product_name> zone I gotta remember to keep it cool ice <adverse_event>Cold</adverse_event>....keep it cool</body><verb>post</verb><link>http://twitter.com/no_simp_son/statuses/185057214069874688</link><generator><link>http://levelupstudio.com/plume</link><displayName>Plume for Android</displayName></generator><postedTime>2012-03-28T17:34:12.000Z</postedTime><provider><link>http://www.twitter.com</link><displayName>Twitter</displayName><objectType>service</objectType></provider><object><summary>The problem is I'm operating outside my comfort zone I gotta remember to keep it cool ice cold....keep it cool</summary><id>object:search.twitter.com,2005:185057214069874688</id><link>http://twitter.com/no_simp_son/statuses/185057214069874688</link><postedTime>2012-03-28T17:34:12.000Z</postedTime><objectType>note</objectType></object><actor><summary>If you ever see me fighting in the forest with a grizzly bear, HELP DA BEAR!!</summary><twitterTimeZone>Central Time (US &amp; Canada)</twitterTimeZone><friendsCount>512</friendsCount><location><displayName>#idgaf Ave. H-Town</displayName><objectType>place</objectType></location><link>http://www.twitter.com/no_simp_son</link><postedTime>2011-07-31T02:10:54.000Z</postedTime><image>http://a0.twimg.com/profile_images/1924074135/PicsArt_1332350147638_normal.png</image><links><links><rel>me</rel><href>http://www.youtube.com/user/jmizzle2005</href></links></links><listedCount>3</listedCount><id>id:twitter.com:345719386</id><languages><languages>en</languages></languages><utcOffset>-21600</utcOffset><followersCount>549</followersCount><preferredUsername>no_simp_son</preferredUsername><displayName>Members Only</displayName><statusesCount>9521</statusesCount><objectType>person</objectType></actor><twitter_entities><hashtags/><user_mentions/><urls/></twitter_entities><objectType>activity</objectType><platform>twitter</platform><posted_date>2012-03-28</posted_date><followers>549</followers><statuses>9521</statuses><region>Central</region></marklogic>