<?xml version="1.0" encoding="UTF-8"?>
<marklogic><id>tag:search.twitter.com,2005:185059978627915778</id><type>P</type><type>P</type><body>I liked a @YouTube video from @gilvasunner http://t.co/T5va09nD Rhythm Heaven <adverse_event>Fever</adverse_event> Music -  Samurai <product_name company="N.A.">Slice</product_name></body><verb>post</verb><link>http://twitter.com/JLMBfreafin/statuses/185059978627915778</link><generator><link>http://www.google.com/</link><displayName>Google</displayName></generator><postedTime>2012-03-28T17:45:11.000Z</postedTime><provider><link>http://www.twitter.com</link><displayName>Twitter</displayName><objectType>service</objectType></provider><object><summary>I liked a @YouTube video from @gilvasunner http://t.co/T5va09nD Rhythm Heaven Fever Music -  Samurai Slice</summary><id>object:search.twitter.com,2005:185059978627915778</id><link>http://twitter.com/JLMBfreafin/statuses/185059978627915778</link><postedTime>2012-03-28T17:45:11.000Z</postedTime><objectType>note</objectType></object><actor><summary>I make videos on youtube about games, check it out!</summary><twitterTimeZone>Brasilia</twitterTimeZone><friendsCount>26</friendsCount><location><displayName>Brazil</displayName><objectType>place</objectType></location><link>http://www.twitter.com/JLMBfreafin</link><postedTime>2011-08-18T05:40:51.000Z</postedTime><image>http://a0.twimg.com/profile_images/1509114311/metroid_dread_2_normal.jpg</image><links><links><rel>me</rel><href>http://www.youtube.com/user/JLMBfreafin</href></links></links><listedCount>0</listedCount><id>id:twitter.com:357324293</id><languages><languages>pt</languages></languages><utcOffset>-10800</utcOffset><followersCount>4</followersCount><preferredUsername>JLMBfreafin</preferredUsername><displayName>João Lucas</displayName><statusesCount>436</statusesCount><objectType>person</objectType></actor><twitter_entities><hashtags/><user_mentions><user_mentions><indices><indices>10</indices><indices>18</indices></indices><id_str>10228272</id_str><name>YouTube</name><id>10228272</id><screen_name>YouTube</screen_name></user_mentions><user_mentions><indices><indices>30</indices><indices>42</indices></indices><id_str>250333664</id_str><name>GilvaSunner</name><id>250333664</id><screen_name>GilvaSunner</screen_name></user_mentions></user_mentions><urls><urls><indices><indices>43</indices><indices>63</indices></indices><expanded_url>http://youtu.be/75RmYSxfhV4?a</expanded_url><display_url>youtu.be/75RmYSxfhV4?a</display_url><url>http://t.co/T5va09nD</url></urls></urls></twitter_entities><objectType>activity</objectType><platform>twitter</platform><posted_date>2012-03-28</posted_date><followers>4</followers><statuses>436</statuses><region>Brasilia</region></marklogic>