<?xml version="1.0" encoding="UTF-8"?>
<marklogic><id>tag:search.twitter.com,2005:185074682175832066</id><type>P</type><type>P</type><body>Somebody need to go get me a <adverse_event>Cold</adverse_event> <product_name company="Coca Cola">Coke</product_name> from Mr Westbrook !</body><verb>post</verb><link>http://twitter.com/SkinnyFDUMinny/statuses/185074682175832066</link><generator><link>http://twitter.com/download/android</link><displayName>Twitter for Android</displayName></generator><postedTime>2012-03-28T18:43:37.000Z</postedTime><provider><link>http://www.twitter.com</link><displayName>Twitter</displayName><objectType>service</objectType></provider><object><summary>Somebody need to go get me a cold coke from Mr Westbrook !</summary><id>object:search.twitter.com,2005:185074682175832066</id><link>http://twitter.com/SkinnyFDUMinny/statuses/185074682175832066</link><postedTime>2012-03-28T18:43:37.000Z</postedTime><objectType>note</objectType></object><actor><summary>Leyah K? Follow me or GetOffMyPage! #TeamWayne.Bio?? #gOOgleMe! Follow me DON'T be a strangr, Okk? Cool,aight C/o 2013 Run THIS!</summary><twitterTimeZone>Eastern Time (US &amp; Canada)</twitterTimeZone><friendsCount>127</friendsCount><location><displayName>Paris, France</displayName><objectType>place</objectType></location><link>http://www.twitter.com/SkinnyFDUMinny</link><postedTime>2011-06-20T17:05:11.000Z</postedTime><image>http://a0.twimg.com/profile_images/1847432285/771Y9r4I_normal</image><links><links><rel>me</rel><href/></links></links><listedCount>0</listedCount><id>id:twitter.com:320861592</id><languages><languages>en</languages></languages><utcOffset>-18000</utcOffset><followersCount>91</followersCount><preferredUsername>SkinnyFDUMinny</preferredUsername><displayName>Leyah(:</displayName><statusesCount>3277</statusesCount><objectType>person</objectType></actor><twitter_entities><hashtags/><user_mentions/><urls/></twitter_entities><objectType>activity</objectType><platform>twitter</platform><posted_date>2012-03-28</posted_date><followers>91</followers><statuses>3277</statuses><region>Eastern</region></marklogic>