<?xml version="1.0" encoding="UTF-8"?>
<marklogic><id>tag:search.twitter.com,2005:185060943699521536</id><type>P</type><type>P</type><inReplyTo><link>http://twitter.com/Goofy1148/statuses/185060427821088769</link></inReplyTo><body>@Goofy1148 Find soothing relief for allergy-related <adverse_event>Cough</adverse_event> &amp; <adverse_event>Sore throat</adverse_event> with <product_name company="N.A.">HALLS</product_name> <adverse_event>Cough</adverse_event> drops: http://t.co/MPBG0DcN</body><verb>post</verb><link>http://twitter.com/Walgreens/statuses/185060943699521536</link><generator><link>http://localresponse.com</link><displayName>LocalResponse for Walgreens</displayName></generator><postedTime>2012-03-28T17:49:01.000Z</postedTime><provider><link>http://www.twitter.com</link><displayName>Twitter</displayName><objectType>service</objectType></provider><object><summary>@Goofy1148 Find soothing relief for allergy-related cough &amp; sore throat with HALLS cough drops: http://t.co/MPBG0DcN</summary><id>object:search.twitter.com,2005:185060943699521536</id><link>http://twitter.com/Walgreens/statuses/185060943699521536</link><postedTime>2012-03-28T17:49:01.000Z</postedTime><objectType>note</objectType></object><actor><summary>Walgreens is the nation’s largest drugstore chain with more than 7,800 drugstores in all 50 states, the District of Columbia and Puerto Rico.</summary><twitterTimeZone>Central Time (US &amp; Canada)</twitterTimeZone><friendsCount>2383</friendsCount><location><displayName>Chicago, IL</displayName><objectType>place</objectType></location><link>http://www.twitter.com/Walgreens</link><postedTime>2009-06-10T17:56:29.000Z</postedTime><image>http://a0.twimg.com/profile_images/1565658805/Wag_W_Red_normal.png</image><links><links><rel>me</rel><href>http://www.walgreens.com</href></links></links><listedCount>1282</listedCount><id>id:twitter.com:46177695</id><languages><languages>en</languages></languages><utcOffset>-21600</utcOffset><followersCount>90695</followersCount><preferredUsername>Walgreens</preferredUsername><displayName>Walgreens</displayName><statusesCount>14589</statusesCount><objectType>person</objectType></actor><twitter_entities><hashtags/><urls><urls><indices><indices>96</indices><indices>116</indices></indices><expanded_url>http://bz.lo.cr/PBD</expanded_url><display_url>bz.lo.cr/PBD</display_url><url>http://t.co/MPBG0DcN</url></urls></urls><user_mentions><user_mentions><indices><indices>0</indices><indices>10</indices></indices><id_str>19340017</id_str><name>Goofy</name><id>19340017</id><screen_name>Goofy1148</screen_name></user_mentions></user_mentions></twitter_entities><objectType>activity</objectType><platform>twitter</platform><posted_date>2012-03-28</posted_date><followers>90695</followers><statuses>14589</statuses><region>Central</region></marklogic>