<?xml version="1.0" encoding="UTF-8"?>
<marklogic><id>tag:search.twitter.com,2005:185039660374949888</id><type>P</type><type>P</type><body>The brilliant moment when you <product_name company="N.A.">Slice</product_name> your finger open and then <adverse_event>Faint</adverse_event> from the sight of blood. #mess</body><verb>post</verb><link>http://twitter.com/emilyysaraa/statuses/185039660374949888</link><generator><link>http://twitter.com/#!/download/iphone</link><displayName>Twitter for iPhone</displayName></generator><postedTime>2012-03-28T16:24:27.000Z</postedTime><provider><link>http://www.twitter.com</link><displayName>Twitter</displayName><objectType>service</objectType></provider><object><summary>The brilliant moment when you slice your finger open and then faint from the sight of blood. #mess</summary><id>object:search.twitter.com,2005:185039660374949888</id><link>http://twitter.com/emilyysaraa/statuses/185039660374949888</link><postedTime>2012-03-28T16:24:27.000Z</postedTime><objectType>note</objectType></object><actor><summary>I'm Emily, I'm 18, I love being a uni student. Rum and mocha's are life. &amp; one day I'll be living in London (: peaceeeeeeeeeeeee&#13;
Strive to be happy</summary><twitterTimeZone>London</twitterTimeZone><friendsCount>415</friendsCount><location><displayName>The Midlands </displayName><objectType>place</objectType></location><link>http://www.twitter.com/emilyysaraa</link><postedTime>2009-04-29T17:02:52.000Z</postedTime><image>http://a0.twimg.com/profile_images/1839294849/ihji_normal.jpg</image><links><links><rel>me</rel><href/></links></links><listedCount>10</listedCount><id>id:twitter.com:36408542</id><languages><languages>en</languages></languages><utcOffset>0</utcOffset><followersCount>288</followersCount><preferredUsername>emilyysaraa</preferredUsername><displayName>Emily Brightman</displayName><statusesCount>4454</statusesCount><objectType>person</objectType></actor><twitter_entities><hashtags><hashtags><text>mess</text><indices><indices>93</indices><indices>98</indices></indices></hashtags></hashtags><user_mentions/><urls/></twitter_entities><objectType>activity</objectType><platform>twitter</platform><posted_date>2012-03-28</posted_date><followers>288</followers><statuses>4454</statuses><region>London</region></marklogic>