<?xml version="1.0" encoding="UTF-8"?>
<marklogic><id>tag:search.twitter.com,2005:185046414949236736</id><type>P</type><type>P</type><body><product_name company="Johnson - Johnson">Tylenol</product_name> <adverse_event>Cold</adverse_event> severe head congestion directions http://t.co/T5B2WRhe</body><verb>post</verb><link>http://twitter.com/murulygylep/statuses/185046414949236736</link><generator><link>http://twitter.com</link><displayName>web</displayName></generator><postedTime>2012-03-28T16:51:17.000Z</postedTime><provider><link>http://www.twitter.com</link><displayName>Twitter</displayName><objectType>service</objectType></provider><object><summary>tylenol cold severe head congestion directions http://t.co/T5B2WRhe</summary><id>object:search.twitter.com,2005:185046414949236736</id><link>http://twitter.com/murulygylep/statuses/185046414949236736</link><postedTime>2012-03-28T16:51:17.000Z</postedTime><objectType>note</objectType></object><actor><summary>Emotionally literate and 46. Authored - true. Glare and pretension - may be.</summary><twitterTimeZone/><friendsCount>64</friendsCount><location><displayName>US</displayName><objectType>place</objectType></location><link>http://www.twitter.com/murulygylep</link><postedTime>2011-12-21T02:32:12.000Z</postedTime><image>http://a0.twimg.com/profile_images/1705370375/1201_normal.gif</image><links><links><rel>me</rel><href/></links></links><listedCount>0</listedCount><id>id:twitter.com:442393385</id><languages><languages>en</languages></languages><utcOffset/><followersCount>30</followersCount><preferredUsername>murulygylep</preferredUsername><displayName>Nima Kmicicki</displayName><statusesCount>388</statusesCount><objectType>person</objectType></actor><twitter_entities><hashtags/><user_mentions/><urls><urls><indices><indices>47</indices><indices>67</indices></indices><expanded_url>http://tylenol-cold-severe-head-congestion-directions.cheapillsshop.com</expanded_url><display_url>…ngestion-directions.cheapillsshop.com</display_url><url>http://t.co/T5B2WRhe</url></urls></urls></twitter_entities><objectType>activity</objectType><platform>twitter</platform><posted_date>2012-03-28</posted_date><followers>30</followers><statuses>388</statuses><region>N.A.</region></marklogic>