<?xml version="1.0" encoding="UTF-8"?>
<marklogic><id>tag:search.twitter.com,2005:185075437322510337</id><type>P</type><type>P</type><body><product_name company="Schering-Plough">Claritin</product_name> anti <adverse_event>Itch</adverse_event> http://t.co/z1TN6nKw</body><verb>post</verb><link>http://twitter.com/forijyfoli/statuses/185075437322510337</link><generator><link>http://twitter.com</link><displayName>web</displayName></generator><postedTime>2012-03-28T18:46:37.000Z</postedTime><provider><link>http://www.twitter.com</link><displayName>Twitter</displayName><objectType>service</objectType></provider><object><summary>claritin anti itch http://t.co/z1TN6nKw</summary><id>object:search.twitter.com,2005:185075437322510337</id><link>http://twitter.com/forijyfoli/statuses/185075437322510337</link><postedTime>2012-03-28T18:46:37.000Z</postedTime><objectType>note</objectType></object><actor><summary>Through the Olive Trees to watch, Oliver Nelson to listen. About me: diffuseness and warmth</summary><twitterTimeZone/><friendsCount>101</friendsCount><location><displayName>US</displayName><objectType>place</objectType></location><link>http://www.twitter.com/forijyfoli</link><postedTime>2011-12-09T18:44:46.000Z</postedTime><image>http://a0.twimg.com/profile_images/1683841057/947_normal.gif</image><links><links><rel>me</rel><href/></links></links><listedCount>0</listedCount><id>id:twitter.com:432745305</id><languages><languages>en</languages></languages><utcOffset/><followersCount>34</followersCount><preferredUsername>forijyfoli</preferredUsername><displayName>Serafino Avrahamian</displayName><statusesCount>402</statusesCount><objectType>person</objectType></actor><twitter_entities><hashtags/><user_mentions/><urls><urls><indices><indices>19</indices><indices>39</indices></indices><expanded_url>http://claritin-anti-itch.cheapillsshop.com</expanded_url><display_url>claritin-anti-itch.cheapillsshop.com</display_url><url>http://t.co/z1TN6nKw</url></urls></urls></twitter_entities><objectType>activity</objectType><platform>twitter</platform><posted_date>2012-03-28</posted_date><followers>34</followers><statuses>402</statuses><region>N.A.</region></marklogic>