<?xml version="1.0" encoding="UTF-8"?>
<marklogic><id>tag:search.twitter.com,2005:185069514562600961</id><type>P</type><type>P</type><body>Ooh everyone welcome back my <adverse_event>Headache</adverse_event>! *grabs <product_name company="Wyeth">Advil</product_name>*</body><verb>post</verb><link>http://twitter.com/Sarbear1981/statuses/185069514562600961</link><generator><link>http://twitter.com/devices</link><displayName>txt</displayName></generator><postedTime>2012-03-28T18:23:05.000Z</postedTime><provider><link>http://www.twitter.com</link><displayName>Twitter</displayName><objectType>service</objectType></provider><object><summary>Ooh everyone welcome back my headache! *grabs advil*</summary><id>object:search.twitter.com,2005:185069514562600961</id><link>http://twitter.com/Sarbear1981/statuses/185069514562600961</link><postedTime>2012-03-28T18:23:05.000Z</postedTime><objectType>note</objectType></object><actor><summary>Mother, sports and music fanatic, it's my twittah and I'll tweet what I wanna. </summary><twitterTimeZone>Eastern Time (US &amp; Canada)</twitterTimeZone><friendsCount>220</friendsCount><location><displayName>Chilly New England</displayName><objectType>place</objectType></location><link>http://www.twitter.com/Sarbear1981</link><postedTime>2009-05-30T00:27:05.000Z</postedTime><image>http://a0.twimg.com/profile_images/1925918958/image_normal.jpg</image><links><links><rel>me</rel><href>http://www.youtube.com/user/TheSarbear1981</href></links></links><listedCount>16</listedCount><id>id:twitter.com:43443628</id><languages><languages>en</languages></languages><utcOffset>-18000</utcOffset><followersCount>172</followersCount><preferredUsername>Sarbear1981</preferredUsername><displayName>Sarah</displayName><statusesCount>65052</statusesCount><objectType>person</objectType></actor><twitter_entities><hashtags/><user_mentions/><urls/></twitter_entities><objectType>activity</objectType><platform>twitter</platform><posted_date>2012-03-28</posted_date><followers>172</followers><statuses>65052</statuses><region>Eastern</region></marklogic>