<?xml version="1.0" encoding="UTF-8"?>
<marklogic><id>tag:search.twitter.com,2005:185036850149330944</id><type>P</type><type>P</type><body>Today's menu: Honey dough cookies, Vanilla or Strawberry cupcakes, Chocolate cake by the <product_name company="N.A.">Slice</product_name> and a <adverse_event>Cold</adverse_event> drink to go with! Hurry in!</body><verb>post</verb><link>http://twitter.com/CelebrationsbyL/statuses/185036850149330944</link><generator><link>http://www.facebook.com/twitter</link><displayName>Facebook</displayName></generator><postedTime>2012-03-28T16:13:17.000Z</postedTime><provider><link>http://www.twitter.com</link><displayName>Twitter</displayName><objectType>service</objectType></provider><object><summary>Today's menu: Honey dough cookies, Vanilla or Strawberry cupcakes, Chocolate cake by the slice and a cold drink to go with! Hurry in!</summary><id>object:search.twitter.com,2005:185036850149330944</id><link>http://twitter.com/CelebrationsbyL/statuses/185036850149330944</link><postedTime>2012-03-28T16:13:17.000Z</postedTime><objectType>note</objectType></object><actor><summary>Celebrations by Lori is a full line bakery in downtown Pittsburg, stop by today!</summary><twitterTimeZone>Central Time (US &amp; Canada)</twitterTimeZone><friendsCount>2</friendsCount><location><displayName>602 N. Broadway</displayName><objectType>place</objectType></location><link>http://www.twitter.com/CelebrationsbyL</link><postedTime>2008-09-20T21:54:02.000Z</postedTime><image>http://a0.twimg.com/profile_images/670183109/DSC02493_normal.jpg</image><links><links><rel>me</rel><href>http://www.myspace.com/celebrations_by_lori</href></links></links><listedCount>0</listedCount><id>id:twitter.com:16382300</id><languages><languages>en</languages></languages><utcOffset>-21600</utcOffset><followersCount>25</followersCount><preferredUsername>CelebrationsbyL</preferredUsername><displayName>Celebrations by Lori</displayName><statusesCount>1230</statusesCount><objectType>person</objectType></actor><twitter_entities><hashtags/><user_mentions/><urls/></twitter_entities><objectType>activity</objectType><platform>twitter</platform><posted_date>2012-03-28</posted_date><followers>25</followers><statuses>1230</statuses><region>Central</region></marklogic>