<?xml version="1.0" encoding="UTF-8"?>
<marklogic><id>tag:search.twitter.com,2005:185053135096647680</id><type>P</type><type>P</type><body><adverse_event>Coughing</adverse_event> non-stop.  I'm halfway finished with a bottle of <product_name company="Wyeth">Robitussin</product_name> <adverse_event>Cough</adverse_event> Syrup.  Man, this is good stuff! haha!</body><verb>post</verb><link>http://twitter.com/michellejafrica/statuses/185053135096647680</link><generator><link>http://twitter.com</link><displayName>web</displayName></generator><postedTime>2012-03-28T17:18:00.000Z</postedTime><provider><link>http://www.twitter.com</link><displayName>Twitter</displayName><objectType>service</objectType></provider><object><summary>Coughing non-stop.  I'm halfway finished with a bottle of Robitussin Cough Syrup.  Man, this is good stuff! haha!</summary><id>object:search.twitter.com,2005:185053135096647680</id><link>http://twitter.com/michellejafrica/statuses/185053135096647680</link><postedTime>2012-03-28T17:18:00.000Z</postedTime><objectType>note</objectType></object><actor><summary>I am my own worst enemy.  I wanna be somebody else.</summary><twitterTimeZone>Pacific Time (US &amp; Canada)</twitterTimeZone><friendsCount>90</friendsCount><location><displayName>LA Bitch</displayName><objectType>place</objectType></location><link>http://www.twitter.com/michellejafrica</link><postedTime>2010-04-30T17:32:36.000Z</postedTime><image>http://a0.twimg.com/profile_images/1885072781/XoXo__758__normal.jpg</image><links><links><rel>me</rel><href>http://www.facebook.com/miggsjafrica</href></links></links><listedCount>1</listedCount><id>id:twitter.com:138812986</id><languages><languages>en</languages></languages><utcOffset>-28800</utcOffset><followersCount>194</followersCount><preferredUsername>michellejafrica</preferredUsername><displayName>Michelle Africa ♥</displayName><statusesCount>1057</statusesCount><objectType>person</objectType></actor><twitter_entities><hashtags/><urls/><user_mentions/></twitter_entities><objectType>activity</objectType><platform>twitter</platform><posted_date>2012-03-28</posted_date><followers>194</followers><statuses>1057</statuses><region>Pacific</region></marklogic>