<?xml version="1.0" encoding="UTF-8"?>
<marklogic><id>tag:search.twitter.com,2005:185033211628367873</id><type>P</type><type>P</type><body>40 Sqft Mat, Electric <product_name company="Unilever">Radiant</product_name> Floor <adverse_event>Heat</adverse_event> <adverse_event>Heating</adverse_event> System with Aube Digital Floor Sensing T http://t.co/x9Lzkz9N</body><verb>post</verb><link>http://twitter.com/zinawjphearne/statuses/185033211628367873</link><generator><link>http://electricblanketdouble.com</link><displayName>Electric Blanket Double</displayName></generator><postedTime>2012-03-28T15:58:50.000Z</postedTime><provider><link>http://www.twitter.com</link><displayName>Twitter</displayName><objectType>service</objectType></provider><object><summary>40 Sqft Mat, Electric Radiant Floor Heat Heating System with Aube Digital Floor Sensing T http://t.co/x9Lzkz9N</summary><id>object:search.twitter.com,2005:185033211628367873</id><link>http://twitter.com/zinawjphearne/statuses/185033211628367873</link><postedTime>2012-03-28T15:58:50.000Z</postedTime><objectType>note</objectType></object><actor><summary>Electric Blanket Double - electric blanket, electric blanket double bed, electric blanket full. - http://electricblanketdouble.com</summary><twitterTimeZone/><friendsCount>21</friendsCount><link>http://www.twitter.com/zinawjphearne</link><postedTime>2011-05-27T00:50:44.000Z</postedTime><image>http://a0.twimg.com/profile_images/1734028301/Electric_Blanket_Double_normal.jpg</image><links><links><rel>me</rel><href>http://electricblanketdouble.com</href></links></links><listedCount>0</listedCount><id>id:twitter.com:305932063</id><languages><languages>en</languages></languages><utcOffset/><followersCount>180</followersCount><preferredUsername>zinawjphearne</preferredUsername><displayName>Electric Blanket Dou</displayName><statusesCount>40939</statusesCount><objectType>person</objectType></actor><twitter_entities><hashtags/><user_mentions/><urls><urls><indices><indices>90</indices><indices>110</indices></indices><expanded_url>http://heatingmats.electricblanketdouble.com/?p=21</expanded_url><display_url>heatingmats.electricblanketdouble.com/?p=21</display_url><url>http://t.co/x9Lzkz9N</url></urls></urls></twitter_entities><objectType>activity</objectType><platform>twitter</platform><posted_date>2012-03-28</posted_date><followers>180</followers><statuses>40939</statuses><region>N.A.</region></marklogic>