<?xml version="1.0" encoding="UTF-8"?>
<marklogic><id>tag:search.twitter.com,2005:185035714847719425</id><type>P</type><type>P</type><body>This white girl just bought me a <product_name company="PepsiCo-Gatorade">Gatorade</product_name>...I'm dam sure about to quench her <adverse_event>Thirst</adverse_event></body><verb>post</verb><link>http://twitter.com/randall0528/statuses/185035714847719425</link><generator><link>http://twitter.com/#!/download/iphone</link><displayName>Twitter for iPhone</displayName></generator><postedTime>2012-03-28T16:08:46.000Z</postedTime><provider><link>http://www.twitter.com</link><displayName>Twitter</displayName><objectType>service</objectType></provider><object><summary>This white girl just bought me a Gatorade...I'm dam sure about to quench her thirst</summary><id>object:search.twitter.com,2005:185035714847719425</id><link>http://twitter.com/randall0528/statuses/185035714847719425</link><postedTime>2012-03-28T16:08:46.000Z</postedTime><objectType>note</objectType></object><actor><summary/><twitterTimeZone/><friendsCount>120</friendsCount><link>http://www.twitter.com/randall0528</link><postedTime>2011-10-31T04:32:24.000Z</postedTime><image>http://a0.twimg.com/profile_images/1972003602/image_normal.jpg</image><links><links><rel>me</rel><href/></links></links><listedCount>0</listedCount><id>id:twitter.com:401827802</id><languages><languages>en</languages></languages><utcOffset/><followersCount>87</followersCount><preferredUsername>randall0528</preferredUsername><displayName>Randall Watkins™</displayName><statusesCount>1061</statusesCount><objectType>person</objectType></actor><twitter_entities><hashtags/><user_mentions/><urls/></twitter_entities><objectType>activity</objectType><platform>twitter</platform><posted_date>2012-03-28</posted_date><followers>87</followers><statuses>1061</statuses><region>N.A.</region></marklogic>