<?xml version="1.0" encoding="UTF-8"?>
<marklogic><id>tag:search.twitter.com,2005:185081285155356672</id><type>P</type><type>P</type><body>RT @mccarthyryanj: Long <adverse_event>Spots</adverse_event>, short splotches RT @felixsalmon: Video: I think this is my favorite <product_name company="N.A.">Felix</product_name> TV video yet. http://t.co/qyv6rbxI</body><verb>post</verb><link>http://twitter.com/black_von/statuses/185081285155356672</link><generator><link>http://www.tweetdeck.com</link><displayName>TweetDeck</displayName></generator><postedTime>2012-03-28T19:09:51.000Z</postedTime><provider><link>http://www.twitter.com</link><displayName>Twitter</displayName><objectType>service</objectType></provider><object><summary>RT @mccarthyryanj: Long spots, short splotches RT @felixsalmon: Video: I think this is my favorite Felix TV video yet. http://t.co/qyv6rbxI</summary><id>object:search.twitter.com,2005:185081285155356672</id><link>http://twitter.com/black_von/statuses/185081285155356672</link><postedTime>2012-03-28T19:09:51.000Z</postedTime><objectType>note</objectType></object><actor><summary>I make art in DUMBO, eat pork in the East Village and shoot oysters at Grand Central.</summary><twitterTimeZone>Quito</twitterTimeZone><friendsCount>484</friendsCount><location><displayName>iPhone: 40.725079,-73.992104</displayName><objectType>place</objectType></location><link>http://www.twitter.com/black_von</link><postedTime>2009-08-13T23:44:38.000Z</postedTime><image>http://a0.twimg.com/profile_images/374066828/Queen_Teuta_at_Queens_Museum_normal.jpg</image><links><links><rel>me</rel><href>http://www.michellevaughan.net</href></links></links><listedCount>40</listedCount><id>id:twitter.com:65503437</id><languages><languages>en</languages></languages><utcOffset>-18000</utcOffset><followersCount>734</followersCount><preferredUsername>black_von</preferredUsername><displayName>Michelle Vaughan</displayName><statusesCount>5437</statusesCount><objectType>person</objectType></actor><twitter_entities><hashtags/><user_mentions><user_mentions><indices><indices>3</indices><indices>17</indices></indices><id_str>100531396</id_str><name>Ryan McCarthy</name><id>100531396</id><screen_name>mccarthyryanj</screen_name></user_mentions><user_mentions><indices><indices>50</indices><indices>62</indices></indices><id_str>16399949</id_str><name>felix salmon</name><id>16399949</id><screen_name>felixsalmon</screen_name></user_mentions></user_mentions><urls><urls><indices><indices>119</indices><indices>139</indices></indices><expanded_url>http://bit.ly/HexMLh</expanded_url><display_url>bit.ly/HexMLh</display_url><url>http://t.co/qyv6rbxI</url></urls></urls></twitter_entities><objectType>activity</objectType><platform>twitter</platform><posted_date>2012-03-28</posted_date><followers>734</followers><statuses>5437</statuses><region>Quito</region></marklogic>