<?xml version="1.0" encoding="UTF-8"?>
<marklogic><id>tag:search.twitter.com,2005:185032508348432384</id><type>P</type><type>P</type><body>The lesser-<adverse_event>Spotted</adverse_event>, much-injured, goal-shy, inspirational signing <product_name company="Johnson - Johnson">Bebe</product_name> has returned for Besiktas. #LongLiveBébé</body><verb>post</verb><link>http://twitter.com/Lcliffo88/statuses/185032508348432384</link><generator><link>http://twitter.com/#!/download/iphone</link><displayName>Twitter for iPhone</displayName></generator><postedTime>2012-03-28T15:56:02.000Z</postedTime><provider><link>http://www.twitter.com</link><displayName>Twitter</displayName><objectType>service</objectType></provider><object><summary>The lesser-spotted, much-injured, goal-shy, inspirational signing Bebe has returned for Besiktas. #LongLiveBébé</summary><id>object:search.twitter.com,2005:185032508348432384</id><link>http://twitter.com/Lcliffo88/statuses/185032508348432384</link><postedTime>2012-03-28T15:56:02.000Z</postedTime><objectType>note</objectType></object><actor><summary>Big football fan. Left Wing, pro-Feminist, pro-human rights. Rock/Heavy Metal fan. Film buff. Part-time Scribe. All opinions are my own.</summary><twitterTimeZone>London</twitterTimeZone><friendsCount>516</friendsCount><location><displayName>Hereford, UK</displayName><objectType>place</objectType></location><link>http://www.twitter.com/Lcliffo88</link><postedTime>2011-02-06T20:49:47.000Z</postedTime><image>http://a0.twimg.com/profile_images/1953108993/Me_normal.png</image><links><links><rel>me</rel><href/></links></links><listedCount>0</listedCount><id>id:twitter.com:248358838</id><languages><languages>en</languages></languages><utcOffset>0</utcOffset><followersCount>118</followersCount><preferredUsername>Lcliffo88</preferredUsername><displayName>Lee Clifford</displayName><statusesCount>5037</statusesCount><objectType>person</objectType></actor><twitter_entities><urls/><hashtags><hashtags><text>LongLiveBébé</text><indices><indices>98</indices><indices>111</indices></indices></hashtags></hashtags><user_mentions/></twitter_entities><objectType>activity</objectType><platform>twitter</platform><posted_date>2012-03-28</posted_date><followers>118</followers><statuses>5037</statuses><region>London</region></marklogic>