<?xml version="1.0" encoding="UTF-8"?>
<marklogic><body>If someone would bring me an ice <adverse_event>Cold</adverse_event> QT <product_name company="N.A.">Pepsi</product_name>, I'd love you forever and ever. #forrealtho</body><geo><type>Point</type><coordinates><coordinates>35.16573612</coordinates><coordinates>-84.87009332</coordinates></coordinates></geo><location><geo><type>Polygon</type><coordinates><coordinates><coordinates><coordinates>-85.425584</coordinates><coordinates>34.982924</coordinates></coordinates><coordinates><coordinates>-85.075294</coordinates><coordinates>34.982924</coordinates></coordinates><coordinates><coordinates>-85.075294</coordinates><coordinates>35.183339</coordinates></coordinates><coordinates><coordinates>-85.425584</coordinates><coordinates>35.183339</coordinates></coordinates></coordinates></coordinates></geo><link>http://api.twitter.com/1/geo/id/3b3916ee31cfc9e6.json</link><name>Chattanooga</name><displayName>Chattanooga, TN</displayName><country_code>United States</country_code><objectType>place</objectType></location><link>http://twitter.com/noel_camry/statuses/185068167398297600</link><postedTime>2012-03-28T18:17:44.000Z</postedTime><provider><link>http://www.twitter.com</link><displayName>Twitter</displayName><objectType>service</objectType></provider><actor><summary>LU student // Jersey girl // tattoo addict // Philly fanatic // child of the most high #TeamTatted </summary><twitterTimeZone>Central Time (US &amp; Canada)</twitterTimeZone><friendsCount>248</friendsCount><link>http://www.twitter.com/noel_camry</link><postedTime>2011-10-10T02:31:56.000Z</postedTime><image>http://a0.twimg.com/profile_images/1791444764/image_normal.jpg</image><links><links><rel>me</rel><href/></links></links><listedCount>0</listedCount><id>id:twitter.com:388037023</id><languages><languages>en</languages></languages><utcOffset>-21600</utcOffset><followersCount>131</followersCount><preferredUsername>noel_camry</preferredUsername><displayName>nickel™</displayName><statusesCount>3190</statusesCount><objectType>person</objectType></actor><object><summary>If someone would bring me an ice cold QT Pepsi, I'd love you forever and ever. #forrealtho</summary><id>object:search.twitter.com,2005:185068167398297600</id><link>http://twitter.com/noel_camry/statuses/185068167398297600</link><postedTime>2012-03-28T18:17:44.000Z</postedTime><objectType>note</objectType></object><twitter_entities><hashtags><hashtags><text>forrealtho</text><indices><indices>79</indices><indices>90</indices></indices></hashtags></hashtags><urls/><user_mentions/></twitter_entities><id>tag:search.twitter.com,2005:185068167398297600</id><type>P</type><type>P</type><verb>post</verb><generator><link>http://mobile.twitter.com</link><displayName>Mobile Web</displayName></generator><objectType>activity</objectType><platform>twitter</platform><posted_date>2012-03-28</posted_date><followers>131</followers><statuses>3190</statuses><region>Central</region></marklogic>