<?xml version="1.0" encoding="UTF-8"?>
<marklogic><id>tag:search.twitter.com,2005:185068083872923648</id><type>P</type><type>P</type><body>Rid yourself of <adverse_event>Dry skin</adverse_event> problems! #Win <product_name company="Beiersdorf">Eucerin</product_name> Professional Repair + $125 Visa GC #giveaway Ends 4/16 http://t.co/s5gFzvlF</body><verb>post</verb><link>http://twitter.com/Twenteries/statuses/185068083872923648</link><generator><link>http://twitter.com/tweetbutton</link><displayName>Tweet Button</displayName></generator><postedTime>2012-03-28T18:17:24.000Z</postedTime><provider><link>http://www.twitter.com</link><displayName>Twitter</displayName><objectType>service</objectType></provider><object><summary>Rid yourself of dry skin problems! #Win Eucerin Professional Repair + $125 Visa GC #giveaway Ends 4/16 http://t.co/s5gFzvlF</summary><id>object:search.twitter.com,2005:185068083872923648</id><link>http://twitter.com/Twenteries/statuses/185068083872923648</link><postedTime>2012-03-28T18:17:24.000Z</postedTime><objectType>note</objectType></object><actor><summary>Love searching for deals and entering contests! I tweet a ridiculous amount. You've been warned! :)</summary><twitterTimeZone/><friendsCount>2000</friendsCount><link>http://www.twitter.com/Twenteries</link><postedTime>2011-09-07T19:40:33.000Z</postedTime><image>http://a0.twimg.com/profile_images/1643899745/IMG_0009_normal.jpg</image><links><links><rel>me</rel><href/></links></links><listedCount>3</listedCount><id>id:twitter.com:369689537</id><languages><languages>en</languages></languages><utcOffset/><followersCount>607</followersCount><preferredUsername>Twenteries</preferredUsername><displayName>T</displayName><statusesCount>11463</statusesCount><objectType>person</objectType></actor><twitter_entities><hashtags><hashtags><text>Win</text><indices><indices>35</indices><indices>39</indices></indices></hashtags><hashtags><text>giveaway</text><indices><indices>83</indices><indices>92</indices></indices></hashtags></hashtags><user_mentions/><urls><urls><indices><indices>103</indices><indices>123</indices></indices><expanded_url>http://www.anutinanutshell.com/2012/03/eucerin-professional-repair/comment-page-12/</expanded_url><display_url>anutinanutshell.com/2012/03/euceri…</display_url><url>http://t.co/s5gFzvlF</url></urls></urls></twitter_entities><objectType>activity</objectType><platform>twitter</platform><posted_date>2012-03-28</posted_date><followers>607</followers><statuses>11463</statuses><region>N.A.</region></marklogic>