<?xml version="1.0" encoding="UTF-8"?>
<marklogic><id>tag:search.twitter.com,2005:185042287846363136</id><type>P</type><type>P</type><body><product_name company="GlaxoSmithKline">Viva</product_name> La Vida 
- <adverse_event>Cold</adverse_event> Play #np</body><verb>post</verb><link>http://twitter.com/Sabrinarocha6/statuses/185042287846363136</link><generator><link>http://twitter.com</link><displayName>web</displayName></generator><postedTime>2012-03-28T16:34:54.000Z</postedTime><provider><link>http://www.twitter.com</link><displayName>Twitter</displayName><objectType>service</objectType></provider><object><summary>Viva La Vida 
- Cold Play #np</summary><id>object:search.twitter.com,2005:185042287846363136</id><link>http://twitter.com/Sabrinarocha6/statuses/185042287846363136</link><postedTime>2012-03-28T16:34:54.000Z</postedTime><objectType>note</objectType></object><actor><summary>Prazer eu amo somente a minha melhor @julyaprusse, ela é meu tudo (:  Giroxete com orgulho,amo também minha marrentinha @_gilancellotti s2' </summary><twitterTimeZone>Atlantic Time (Canada)</twitterTimeZone><friendsCount>35</friendsCount><location><displayName>Fortaleza,CE</displayName><objectType>place</objectType></location><link>http://www.twitter.com/Sabrinarocha6</link><postedTime>2011-06-28T15:29:43.000Z</postedTime><image>http://a0.twimg.com/profile_images/1870403761/1330641687968_normal.jpg</image><links><links><rel>me</rel><href/></links></links><listedCount>0</listedCount><id>id:twitter.com:325603566</id><languages><languages>pt</languages></languages><utcOffset>-14400</utcOffset><followersCount>39</followersCount><preferredUsername>Sabrinarocha6</preferredUsername><displayName>Marilda da juju (: </displayName><statusesCount>1909</statusesCount><objectType>person</objectType></actor><twitter_entities><hashtags><hashtags><text>np</text><indices><indices>26</indices><indices>29</indices></indices></hashtags></hashtags><user_mentions/><urls/></twitter_entities><objectType>activity</objectType><platform>twitter</platform><posted_date>2012-03-28</posted_date><followers>39</followers><statuses>1909</statuses><region>Atlantic</region></marklogic>