<?xml version="1.0" encoding="UTF-8"?>
<marklogic><id>tag:search.twitter.com,2005:185042456209920000</id><type>P</type><type>P</type><body><product_name company="Johnson - Johnson">Tylenol</product_name> <adverse_event>Sore throat</adverse_event> daytime liquid http://t.co/PMxjDySb</body><verb>post</verb><link>http://twitter.com/kucagijaxopo/statuses/185042456209920000</link><generator><link>http://twitter.com</link><displayName>web</displayName></generator><postedTime>2012-03-28T16:35:34.000Z</postedTime><provider><link>http://www.twitter.com</link><displayName>Twitter</displayName><objectType>service</objectType></provider><object><summary>tylenol sore throat daytime liquid http://t.co/PMxjDySb</summary><id>object:search.twitter.com,2005:185042456209920000</id><link>http://twitter.com/kucagijaxopo/statuses/185042456209920000</link><postedTime>2012-03-28T16:35:34.000Z</postedTime><objectType>note</objectType></object><actor><summary>Like to watch Bitter Tea of General Yen, The or King of Comedy, The. I'm ostentatious, amusing and clever.&#13;</summary><twitterTimeZone/><friendsCount>21</friendsCount><location><displayName>CO&#13;</displayName><objectType>place</objectType></location><link>http://www.twitter.com/kucagijaxopo</link><postedTime>2012-02-11T08:44:19.000Z</postedTime><image>http://a0.twimg.com/profile_images/1821064234/1669_normal.gif</image><links><links><rel>me</rel><href/></links></links><listedCount>0</listedCount><id>id:twitter.com:489198383</id><languages><languages>hi</languages></languages><utcOffset/><followersCount>9</followersCount><preferredUsername>kucagijaxopo</preferredUsername><displayName>rothschild</displayName><statusesCount>86</statusesCount><objectType>person</objectType></actor><twitter_entities><hashtags/><urls><urls><indices><indices>35</indices><indices>55</indices></indices><expanded_url>http://tylenol-sore-throat-daytime-liquid.cheapillsshop.com</expanded_url><display_url>…roat-daytime-liquid.cheapillsshop.com</display_url><url>http://t.co/PMxjDySb</url></urls></urls><user_mentions/></twitter_entities><objectType>activity</objectType><platform>twitter</platform><posted_date>2012-03-28</posted_date><followers>9</followers><statuses>86</statuses><region>N.A.</region></marklogic>