<?xml version="1.0" encoding="UTF-8"?>
<marklogic><id>tag:search.twitter.com,2005:185076030191579136</id><type>P</type><type>P</type><body> Amber Waves RV661AWC Perfect <adverse_event>Heat</adverse_event> Deal Edge Ceramic Straightener: <product_name company="Revlon">Revlon</product_name> Amber Waves Perfect <adverse_event>Heat</adverse_event> Dual Ed... http://t.co/NU8cOlIH</body><verb>post</verb><link>http://twitter.com/Jannie0/statuses/185076030191579136</link><generator><link>http://twitterfeed.com</link><displayName>twitterfeed</displayName></generator><postedTime>2012-03-28T18:48:58.000Z</postedTime><provider><link>http://www.twitter.com</link><displayName>Twitter</displayName><objectType>service</objectType></provider><object><summary>Revlon Amber Waves RV661AWC Perfect Heat Deal Edge Ceramic Straightener: Revlon Amber Waves Perfect Heat Dual Ed... http://t.co/NU8cOlIH</summary><id>object:search.twitter.com,2005:185076030191579136</id><link>http://twitter.com/Jannie0/statuses/185076030191579136</link><postedTime>2012-03-28T18:48:58.000Z</postedTime><objectType>note</objectType></object><actor><summary/><twitterTimeZone/><friendsCount>758</friendsCount><link>http://www.twitter.com/Jannie0</link><postedTime>2009-12-28T00:40:02.000Z</postedTime><image>http://a0.twimg.com/profile_images/595760873/nasti_101_20091218_1450775501_normal.jpg</image><links><links><rel>me</rel><href/></links></links><listedCount>16</listedCount><id>id:twitter.com:99818613</id><languages><languages>en</languages></languages><utcOffset/><followersCount>1226</followersCount><preferredUsername>Jannie0</preferredUsername><displayName>Kina</displayName><statusesCount>81480</statusesCount><objectType>person</objectType></actor><twitter_entities><hashtags/><user_mentions/><urls><urls><indices><indices>116</indices><indices>136</indices></indices><expanded_url>http://amzn.to/HnpM5c</expanded_url><display_url>amzn.to/HnpM5c</display_url><url>http://t.co/NU8cOlIH</url></urls></urls></twitter_entities><objectType>activity</objectType><platform>twitter</platform><posted_date>2012-03-28</posted_date><followers>1226</followers><statuses>81480</statuses><region>N.A.</region></marklogic>