<?xml version="1.0" encoding="UTF-8"?>
<marklogic><id>tag:search.twitter.com,2005:185063740390129665</id><type>P</type><type>P</type><inReplyTo><link>http://twitter.com/NinaRand/statuses/185010977228591106</link></inReplyTo><body>RT @NinaRand: <adverse_event>Spot</adverse_event> On: @pinterest inspired outfit including @kendra_<product_name company="Kimberly Clark">Scott</product_name> @mickeylynn @robrodcollectn &amp; @joie_clothing http://t.co/WHIXuTVt</body><verb>post</verb><link>http://twitter.com/kendra_scott/statuses/185063740390129665</link><generator><link>http://www.tweetdeck.com</link><displayName>TweetDeck</displayName></generator><postedTime>2012-03-28T18:00:08.000Z</postedTime><provider><link>http://www.twitter.com</link><displayName>Twitter</displayName><objectType>service</objectType></provider><object><summary>RT @NinaRand: Spot On: @pinterest inspired outfit including @kendra_scott @mickeylynn @robrodcollectn &amp; @joie_clothing http://t.co/WHIXuTVt</summary><id>object:search.twitter.com,2005:185063740390129665</id><link>http://twitter.com/kendra_scott/statuses/185063740390129665</link><postedTime>2012-03-28T18:00:08.000Z</postedTime><objectType>note</objectType></object><actor><summary>I am an Austin, Texas based jewelry designer who loves fashion, family, and giving back to my community.</summary><twitterTimeZone>Central Time (US &amp; Canada)</twitterTimeZone><friendsCount>2350</friendsCount><location><displayName>Austin, Texas</displayName><objectType>place</objectType></location><link>http://www.twitter.com/kendra_scott</link><postedTime>2009-03-19T21:42:43.000Z</postedTime><image>http://a0.twimg.com/profile_images/1619269147/Kendra_yellow_2011_normal.jpg</image><links><links><rel>me</rel><href>http://www.kendrascott.com</href></links></links><listedCount>112</listedCount><id>id:twitter.com:25391743</id><languages><languages>en</languages></languages><utcOffset>-21600</utcOffset><followersCount>5931</followersCount><preferredUsername>kendra_scott</preferredUsername><displayName>Kendra Scott</displayName><statusesCount>4512</statusesCount><objectType>person</objectType></actor><twitter_entities><hashtags/><user_mentions><user_mentions><indices><indices>3</indices><indices>12</indices></indices><id_str>37028121</id_str><name>Nina Provenzano Rand</name><id>37028121</id><screen_name>NinaRand</screen_name></user_mentions><user_mentions><indices><indices>23</indices><indices>33</indices></indices><id_str>106837463</id_str><name>Pinterest</name><id>106837463</id><screen_name>Pinterest</screen_name></user_mentions><user_mentions><indices><indices>60</indices><indices>73</indices></indices><id_str>25391743</id_str><name>Kendra Scott</name><id>25391743</id><screen_name>kendra_scott</screen_name></user_mentions><user_mentions><indices><indices>74</indices><indices>85</indices></indices><id_str>14045712</id_str><name>Mickey Lynn</name><id>14045712</id><screen_name>mickeylynn</screen_name></user_mentions><user_mentions><indices><indices>86</indices><indices>101</indices></indices><id_str>225084175</id_str><name>Robert Rodriguez </name><id>225084175</id><screen_name>RobRodCollectn</screen_name></user_mentions><user_mentions><indices><indices>104</indices><indices>118</indices></indices><id_str>248900221</id_str><name>Joie Clothing</name><id>248900221</id><screen_name>Joie_Clothing</screen_name></user_mentions></user_mentions><urls><urls><indices><indices>119</indices><indices>139</indices></indices><expanded_url>http://bit.ly/GYesBH</expanded_url><display_url>bit.ly/GYesBH</display_url><url>http://t.co/WHIXuTVt</url></urls></urls></twitter_entities><objectType>activity</objectType><platform>twitter</platform><posted_date>2012-03-28</posted_date><followers>5931</followers><statuses>4512</statuses><region>Central</region></marklogic>