<?xml version="1.0" encoding="UTF-8"?>
<marklogic><id>tag:search.twitter.com,2005:185077555735433216</id><type>P</type><type>P</type><body>ambien and <product_name company="Wyeth">Robitussin</product_name> <adverse_event>Cough</adverse_event> http://t.co/fYPGEhxt</body><verb>post</verb><link>http://twitter.com/zyzyfyromode/statuses/185077555735433216</link><generator><link>http://twitter.com</link><displayName>web</displayName></generator><postedTime>2012-03-28T18:55:02.000Z</postedTime><provider><link>http://www.twitter.com</link><displayName>Twitter</displayName><objectType>service</objectType></provider><object><summary>ambien and robitussin cough http://t.co/fYPGEhxt</summary><id>object:search.twitter.com,2005:185077555735433216</id><link>http://twitter.com/zyzyfyromode/statuses/185077555735433216</link><postedTime>2012-03-28T18:55:02.000Z</postedTime><objectType>note</objectType></object><actor><summary>I think I'm self-assured, athletic and nimble, because of Doug E. Fresh.&#13;</summary><twitterTimeZone/><friendsCount>35</friendsCount><location><displayName>United States</displayName><objectType>place</objectType></location><link>http://www.twitter.com/zyzyfyromode</link><postedTime>2012-02-07T01:16:35.000Z</postedTime><image>http://a0.twimg.com/profile_images/1812847922/729_normal.gif</image><links><links><rel>me</rel><href/></links></links><listedCount>0</listedCount><id>id:twitter.com:485273139</id><languages><languages>it</languages></languages><utcOffset/><followersCount>18</followersCount><preferredUsername>zyzyfyromode</preferredUsername><displayName>gallihugh</displayName><statusesCount>166</statusesCount><objectType>person</objectType></actor><twitter_entities><hashtags/><user_mentions/><urls><urls><indices><indices>28</indices><indices>48</indices></indices><expanded_url>http://ambien-and-robitussin-cough.cheapillsshop.com</expanded_url><display_url>…nd-robitussin-cough.cheapillsshop.com</display_url><url>http://t.co/fYPGEhxt</url></urls></urls></twitter_entities><objectType>activity</objectType><platform>twitter</platform><posted_date>2012-03-28</posted_date><followers>18</followers><statuses>166</statuses><region>N.A.</region></marklogic>