<?xml version="1.0" encoding="UTF-8"?>
<marklogic><id>tag:search.twitter.com,2005:185068805293211648</id><type>P</type><type>P</type><body><product_name company="PepsiCo-Gatorade">Gatorade</product_name> hits the <adverse_event>Spot</adverse_event> right now(;</body><verb>post</verb><link>http://twitter.com/SylviaNicole/statuses/185068805293211648</link><generator><link>http://twitter.com/#!/download/iphone</link><displayName>Twitter for iPhone</displayName></generator><postedTime>2012-03-28T18:20:16.000Z</postedTime><provider><link>http://www.twitter.com</link><displayName>Twitter</displayName><objectType>service</objectType></provider><object><summary>Gatorade hits the spot right now(;</summary><id>object:search.twitter.com,2005:185068805293211648</id><link>http://twitter.com/SylviaNicole/statuses/185068805293211648</link><postedTime>2012-03-28T18:20:16.000Z</postedTime><objectType>note</objectType></object><actor><summary>-| Im 17|- | Follow Me iFollow Back |-  | MVHS |- #ovoxo #idgaf #teamtaken</summary><twitterTimeZone>Arizona</twitterTimeZone><friendsCount>200</friendsCount><location><displayName>Tucson, Az</displayName><objectType>place</objectType></location><link>http://www.twitter.com/SylviaNicole</link><postedTime>2012-03-18T00:23:52.000Z</postedTime><image>http://a0.twimg.com/profile_images/1927070304/Picture_058_normal.jpg</image><links><links><rel>me</rel><href/></links></links><listedCount>0</listedCount><id>id:twitter.com:527974130</id><languages><languages>en</languages></languages><utcOffset>-25200</utcOffset><followersCount>105</followersCount><preferredUsername>SylviaNicole</preferredUsername><displayName>BabyCakez(:</displayName><statusesCount>658</statusesCount><objectType>person</objectType></actor><twitter_entities><hashtags/><user_mentions/><urls/></twitter_entities><objectType>activity</objectType><platform>twitter</platform><posted_date>2012-03-28</posted_date><followers>105</followers><statuses>658</statuses><region>Arizona</region></marklogic>