<?xml version="1.0" encoding="UTF-8"?>
<marklogic><id>tag:search.twitter.com,2005:185046238016700416</id><type>P</type><type>P</type><body><product_name company="Johnson - Johnson">Tylenol</product_name> <adverse_event>Dry skin</adverse_event> http://t.co/SjfXSBzh</body><verb>post</verb><link>http://twitter.com/fapykylajub/statuses/185046238016700416</link><generator><link>http://twitter.com</link><displayName>web</displayName></generator><postedTime>2012-03-28T16:50:35.000Z</postedTime><provider><link>http://www.twitter.com</link><displayName>Twitter</displayName><objectType>service</objectType></provider><object><summary>tylenol dry skin http://t.co/SjfXSBzh</summary><id>object:search.twitter.com,2005:185046238016700416</id><link>http://twitter.com/fapykylajub/statuses/185046238016700416</link><postedTime>2012-03-28T16:50:35.000Z</postedTime><objectType>note</objectType></object><actor><summary>My person is 114. Critiqued, 282. Met with, lengthy and diffuse. Now listen Fleetwood Mac.</summary><twitterTimeZone/><friendsCount>121</friendsCount><location><displayName>US</displayName><objectType>place</objectType></location><link>http://www.twitter.com/fapykylajub</link><postedTime>2011-12-11T06:30:42.000Z</postedTime><image>http://a0.twimg.com/profile_images/1686947444/1678_normal.gif</image><links><links><rel>me</rel><href/></links></links><listedCount>0</listedCount><id>id:twitter.com:433938273</id><languages><languages>en</languages></languages><utcOffset/><followersCount>23</followersCount><preferredUsername>fapykylajub</preferredUsername><displayName>Lindell Cisland</displayName><statusesCount>376</statusesCount><objectType>person</objectType></actor><twitter_entities><hashtags/><urls><urls><indices><indices>17</indices><indices>37</indices></indices><expanded_url>http://tylenol-dry-skin.cheapillsshop.com</expanded_url><display_url>tylenol-dry-skin.cheapillsshop.com</display_url><url>http://t.co/SjfXSBzh</url></urls></urls><user_mentions/></twitter_entities><objectType>activity</objectType><platform>twitter</platform><posted_date>2012-03-28</posted_date><followers>23</followers><statuses>376</statuses><region>N.A.</region></marklogic>