<?xml version="1.0" encoding="UTF-8"?>
<marklogic><id>tag:search.twitter.com,2005:185032517328449536</id><type>P</type><type>P</type><body>Ice <adverse_event>Cold</adverse_event> <product_name company="Coca Cola">Coke</product_name> would be fking AWESOME right now!</body><verb>post</verb><link>http://twitter.com/skirbz/statuses/185032517328449536</link><generator><link>http://twitter.com/#!/download/iphone</link><displayName>Twitter for iPhone</displayName></generator><postedTime>2012-03-28T15:56:04.000Z</postedTime><provider><link>http://www.twitter.com</link><displayName>Twitter</displayName><objectType>service</objectType></provider><object><summary>Ice cold coke would be fking AWESOME right now!</summary><id>object:search.twitter.com,2005:185032517328449536</id><link>http://twitter.com/skirbz/statuses/185032517328449536</link><postedTime>2012-03-28T15:56:04.000Z</postedTime><objectType>note</objectType></object><actor><summary>29 yr old not-so-civil servant.  Krazy Kat Lady in training, orphan &amp; adoption advocate, gym nerd. 10000% Gleek.  pregnant with #1 due in May 2012!</summary><twitterTimeZone>London</twitterTimeZone><friendsCount>315</friendsCount><location><displayName>Peterborough, UK</displayName><objectType>place</objectType></location><link>http://www.twitter.com/skirbz</link><postedTime>2009-10-12T17:05:58.000Z</postedTime><image>http://a0.twimg.com/profile_images/1671286270/image_normal.jpg</image><links><links><rel>me</rel><href>http://www.british-gym.com/sarah</href></links></links><listedCount>2</listedCount><id>id:twitter.com:81885021</id><languages><languages>en</languages></languages><utcOffset>0</utcOffset><followersCount>65</followersCount><preferredUsername>skirbz</preferredUsername><displayName>Sarah Kirby ♥</displayName><statusesCount>1646</statusesCount><objectType>person</objectType></actor><twitter_entities><hashtags/><user_mentions/><urls/></twitter_entities><objectType>activity</objectType><platform>twitter</platform><posted_date>2012-03-28</posted_date><followers>65</followers><statuses>1646</statuses><region>London</region></marklogic>