<?xml version="1.0" encoding="UTF-8"?>
<marklogic><body>Just got a <product_name company="SC Johnson">Shout</product_name> out from <adverse_event>Blush</adverse_event> Hause of Beaute on @z1075.  Excited
About the shoot this evening! #riseandgrind</body><geo><type>Point</type><coordinates><coordinates>34.24631327</coordinates><coordinates>-77.88581598</coordinates></coordinates></geo><location><geo><type>Polygon</type><coordinates><coordinates><coordinates><coordinates>-77.957291</coordinates><coordinates>34.147246</coordinates></coordinates><coordinates><coordinates>-77.786849</coordinates><coordinates>34.147246</coordinates></coordinates><coordinates><coordinates>-77.786849</coordinates><coordinates>34.267026</coordinates></coordinates><coordinates><coordinates>-77.957291</coordinates><coordinates>34.267026</coordinates></coordinates></coordinates></coordinates></geo><link>http://api.twitter.com/1/geo/id/39533ab2b9aa5756.json</link><name>Wilmington</name><displayName>Wilmington, NC</displayName><country_code>United States</country_code><objectType>place</objectType></location><link>http://twitter.com/BlueberryFusion/statuses/187164961611587585</link><postedTime>2012-04-03T13:09:38.000Z</postedTime><provider><link>http://www.twitter.com</link><displayName>Twitter</displayName><objectType>service</objectType></provider><actor><summary>We are a production company specializing in film, photography, and the fusion of the two.  Our focuses include weddings, commercial, and fashion productions.  </summary><twitterTimeZone/><friendsCount>242</friendsCount><location><displayName>Wilmington, NC</displayName><objectType>place</objectType></location><link>http://www.twitter.com/BlueberryFusion</link><postedTime>2011-05-08T21:31:26.000Z</postedTime><image>http://a0.twimg.com/profile_images/1344519605/BlueberryLogoblog_normal.jpg</image><links><links><rel>me</rel><href>http://www.blueberryfusion.com</href></links></links><listedCount>3</listedCount><id>id:twitter.com:295359718</id><languages><languages>en</languages></languages><utcOffset/><followersCount>163</followersCount><preferredUsername>BlueberryFusion</preferredUsername><displayName>Blueberry Fusion</displayName><statusesCount>59</statusesCount><objectType>person</objectType></actor><object><summary>Just got a shout out from Blush Hause of Beaute on @z1075.  Excited
About the shoot this evening! #riseandgrind</summary><id>object:search.twitter.com,2005:187164961611587585</id><link>http://twitter.com/BlueberryFusion/statuses/187164961611587585</link><postedTime>2012-04-03T13:09:38.000Z</postedTime><objectType>note</objectType></object><twitter_entities><hashtags><hashtags><text>riseandgrind</text><indices><indices>98</indices><indices>111</indices></indices></hashtags></hashtags><urls/><user_mentions><user_mentions><indices><indices>51</indices><indices>57</indices></indices><screen_name>Z1075</screen_name><name>Z107.5</name><id_str>23383582</id_str><id>23383582</id></user_mentions></user_mentions></twitter_entities><id>tag:search.twitter.com,2005:187164961611587585</id><type>P</type><type>P</type><verb>post</verb><generator><link>http://twitter.com/#!/download/iphone</link><displayName>Twitter for iPhone</displayName></generator><objectType>activity</objectType><platform>twitter</platform><posted_date>2012-04-03</posted_date><followers>163</followers><statuses>59</statuses><region>N.A.</region></marklogic>