<?xml version="1.0" encoding="UTF-8"?>
<marklogic><body>Bought some <product_name company="Wyeth">Advil</product_name> hope this <adverse_event>Headache</adverse_event> go away!</body><geo><coordinates><coordinates>30.01978493</coordinates><coordinates>-95.52340508</coordinates></coordinates><type>Point</type></geo><location><geo><coordinates><coordinates><coordinates><coordinates>-106.645646</coordinates><coordinates>25.837164</coordinates></coordinates><coordinates><coordinates>-93.508039</coordinates><coordinates>25.837164</coordinates></coordinates><coordinates><coordinates>-93.508039</coordinates><coordinates>36.500704</coordinates></coordinates><coordinates><coordinates>-106.645646</coordinates><coordinates>36.500704</coordinates></coordinates></coordinates></coordinates><type>Polygon</type></geo><link>http://api.twitter.com/1/geo/id/e0060cda70f5f341.json</link><name>Texas</name><displayName>Texas, US</displayName><country_code>United States</country_code><objectType>place</objectType></location><link>http://twitter.com/LovePrettyFlor_/statuses/187243875423895552</link><postedTime>2012-04-03T18:23:13.000Z</postedTime><provider><link>http://www.twitter.com</link><displayName>Twitter</displayName><objectType>service</objectType></provider><actor><summary> ♥ Live, Laugh, &amp; LOVE ♥ &#13;
&#13;
-Taken. i ♡ Shundell&#13;
&#13;
#TeamAries&#13;
&#13;
-follow me &amp; mention me for a follow ^____^</summary><twitterTimeZone>Central Time (US &amp; Canada)</twitterTimeZone><friendsCount>340</friendsCount><location><displayName>Houston Tx</displayName><objectType>place</objectType></location><link>http://www.twitter.com/LovePrettyFlor_</link><postedTime>2011-08-02T18:50:57.000Z</postedTime><image>http://a0.twimg.com/profile_images/2013152877/PhotoChooser-d3874239-f6aa-4384-9ffe-c19bc03a6084_normal.jpg</image><links><links><rel>me</rel><href/></links></links><listedCount>0</listedCount><id>id:twitter.com:347396669</id><languages><languages>en</languages></languages><utcOffset>-21600</utcOffset><followersCount>190</followersCount><preferredUsername>LovePrettyFlor_</preferredUsername><displayName>Flor Vallejo</displayName><statusesCount>11944</statusesCount><objectType>person</objectType></actor><object><summary>Bought some Advil hope this headache go away!</summary><id>object:search.twitter.com,2005:187243875423895552</id><link>http://twitter.com/LovePrettyFlor_/statuses/187243875423895552</link><postedTime>2012-04-03T18:23:13.000Z</postedTime><objectType>note</objectType></object><twitter_entities><urls/><hashtags/><user_mentions/></twitter_entities><id>tag:search.twitter.com,2005:187243875423895552</id><type>P</type><type>P</type><verb>post</verb><generator><link>http://www.twitter.com</link><displayName>Twitter for Windows Phone</displayName></generator><objectType>activity</objectType><platform>twitter</platform><posted_date>2012-04-03</posted_date><followers>190</followers><statuses>11944</statuses><region>Central</region></marklogic>