<?xml version="1.0" encoding="UTF-8"?>
<marklogic><id>tag:search.twitter.com,2005:185082045804969984</id><type>P</type><type>P</type><body><adverse_event>Red eyes</adverse_event> no <product_name company="Johnson - Johnson">Visine</product_name></body><verb>post</verb><link>http://twitter.com/hotBoxShawty/statuses/185082045804969984</link><generator><link>http://twitter.com</link><displayName>web</displayName></generator><postedTime>2012-03-28T19:12:53.000Z</postedTime><provider><link>http://www.twitter.com</link><displayName>Twitter</displayName><objectType>service</objectType></provider><object><summary>red eyes no visine</summary><id>object:search.twitter.com,2005:185082045804969984</id><link>http://twitter.com/hotBoxShawty/statuses/185082045804969984</link><postedTime>2012-03-28T19:12:53.000Z</postedTime><objectType>note</objectType></object><actor><summary>As you recall, you know I love to show off&#13;
But you never thought that I would take it this far&#13;
What do you know? .....&amp;go follow my twigger @TheRealRichard_ </summary><twitterTimeZone>Quito</twitterTimeZone><friendsCount>479</friendsCount><location><displayName>gangsta paradise </displayName><objectType>place</objectType></location><link>http://www.twitter.com/hotBoxShawty</link><postedTime>2010-11-06T00:28:35.000Z</postedTime><image>http://a0.twimg.com/profile_images/1878395332/onyah5_normal.htm</image><links><links><rel>me</rel><href/></links></links><listedCount>2</listedCount><id>id:twitter.com:212408900</id><languages><languages>en</languages></languages><utcOffset>-18000</utcOffset><followersCount>497</followersCount><preferredUsername>hotBoxShawty</preferredUsername><displayName>Onay</displayName><statusesCount>19941</statusesCount><objectType>person</objectType></actor><twitter_entities><hashtags/><urls/><user_mentions/></twitter_entities><objectType>activity</objectType><platform>twitter</platform><posted_date>2012-03-28</posted_date><followers>497</followers><statuses>19941</statuses><region>Quito</region></marklogic>