<?xml version="1.0" encoding="UTF-8"?>
<marklogic><id>tag:search.twitter.com,2005:185033670703321088</id><type>P</type><type>P</type><body><adverse_event>Burnt</adverse_event> orange lips in the <product_name company="Unilever">Sunlight</product_name> #lokita #lanadelrey</body><verb>post</verb><link>http://twitter.com/mullosity/statuses/185033670703321088</link><generator><link>http://twitter.com/devices</link><displayName>txt</displayName></generator><postedTime>2012-03-28T16:00:39.000Z</postedTime><provider><link>http://www.twitter.com</link><displayName>Twitter</displayName><objectType>service</objectType></provider><object><summary>Burnt orange lips in the sunlight #lokita #lanadelrey</summary><id>object:search.twitter.com,2005:185033670703321088</id><link>http://twitter.com/mullosity/statuses/185033670703321088</link><postedTime>2012-03-28T16:00:39.000Z</postedTime><objectType>note</objectType></object><actor><summary>No cloud stands a chance against becoming an exotic animal. Favourite things include Audrey Hepburn and Pug furbabies.</summary><twitterTimeZone>Atlantic Time (Canada)</twitterTimeZone><friendsCount>247</friendsCount><location><displayName>Halifax</displayName><objectType>place</objectType></location><link>http://www.twitter.com/mullosity</link><postedTime>2011-03-20T19:33:08.000Z</postedTime><image>http://a0.twimg.com/profile_images/1459322287/9925_1199952093457_1668180031_553451_7929928_n_normal.jpg</image><links><links><rel>me</rel><href>http://mullosity.tumblr.com/</href></links></links><listedCount>3</listedCount><id>id:twitter.com:269433125</id><languages><languages>en</languages></languages><utcOffset>-14400</utcOffset><followersCount>148</followersCount><preferredUsername>mullosity</preferredUsername><displayName>Chelsey Lightfoot</displayName><statusesCount>1774</statusesCount><objectType>person</objectType></actor><twitter_entities><hashtags><hashtags><text>lokita</text><indices><indices>34</indices><indices>41</indices></indices></hashtags><hashtags><text>lanadelrey</text><indices><indices>42</indices><indices>53</indices></indices></hashtags></hashtags><user_mentions/><urls/></twitter_entities><objectType>activity</objectType><platform>twitter</platform><posted_date>2012-03-28</posted_date><followers>148</followers><statuses>1774</statuses><region>Atlantic</region></marklogic>