<?xml version="1.0" encoding="UTF-8"?>
<marklogic><id>tag:search.twitter.com,2005:185080237644718080</id><type>P</type><type>P</type><body><product_name company="Johnson - Johnson">Imodium</product_name> stop <adverse_event>Diarrhoea</adverse_event> http://t.co/0GsFNvfN</body><verb>post</verb><link>http://twitter.com/lasanedaxyt/statuses/185080237644718080</link><generator><link>http://twitter.com</link><displayName>web</displayName></generator><postedTime>2012-03-28T19:05:41.000Z</postedTime><provider><link>http://www.twitter.com</link><displayName>Twitter</displayName><objectType>service</objectType></provider><object><summary>imodium stop diarrhoea http://t.co/0GsFNvfN</summary><id>object:search.twitter.com,2005:185080237644718080</id><link>http://twitter.com/lasanedaxyt/statuses/185080237644718080</link><postedTime>2012-03-28T19:05:41.000Z</postedTime><objectType>note</objectType></object><actor><summary>This is me: smug, denigrated, lamentable and depressing.&#13;</summary><twitterTimeZone/><friendsCount>27</friendsCount><location><displayName>IN&#13;</displayName><objectType>place</objectType></location><link>http://www.twitter.com/lasanedaxyt</link><postedTime>2012-02-09T21:16:14.000Z</postedTime><image>http://a0.twimg.com/profile_images/1819202355/1563_normal.gif</image><links><links><rel>me</rel><href/></links></links><listedCount>0</listedCount><id>id:twitter.com:487892946</id><languages><languages>tr</languages></languages><utcOffset/><followersCount>9</followersCount><preferredUsername>lasanedaxyt</preferredUsername><displayName>ollie</displayName><statusesCount>84</statusesCount><objectType>person</objectType></actor><twitter_entities><hashtags/><user_mentions/><urls><urls><indices><indices>23</indices><indices>43</indices></indices><expanded_url>http://imodium-stop-diarrhoea.cheapillsshop.com</expanded_url><display_url>…dium-stop-diarrhoea.cheapillsshop.com</display_url><url>http://t.co/0GsFNvfN</url></urls></urls></twitter_entities><objectType>activity</objectType><platform>twitter</platform><posted_date>2012-03-28</posted_date><followers>9</followers><statuses>84</statuses><region>N.A.</region></marklogic>