<?xml version="1.0" encoding="UTF-8"?>
<marklogic><body>All energy on earth starts with  <product_name company="Unilever">Sunlight</product_name> energy. Solar radiation becomes chem energy in a plant, becomes mechanical &amp;<adverse_event>Heat</adverse_event> In ur run</body><geo><type>Point</type><coordinates><coordinates>27.7621604</coordinates><coordinates>-97.42916543</coordinates></coordinates></geo><location><geo><type>Polygon</type><coordinates><coordinates><coordinates><coordinates>-97.750557</coordinates><coordinates>27.483569</coordinates></coordinates><coordinates><coordinates>-97.028747</coordinates><coordinates>27.483569</coordinates></coordinates><coordinates><coordinates>-97.028747</coordinates><coordinates>27.91647</coordinates></coordinates><coordinates><coordinates>-97.750557</coordinates><coordinates>27.91647</coordinates></coordinates></coordinates></coordinates></geo><link>http://api.twitter.com/1/geo/id/a3d770a00f15bcb1.json</link><name>Corpus Christi</name><displayName>Corpus Christi, TX</displayName><country_code>United States</country_code><objectType>place</objectType></location><link>http://twitter.com/MartinTrojanSci/statuses/187166559070982144</link><postedTime>2012-04-03T13:15:59.000Z</postedTime><provider><link>http://www.twitter.com</link><displayName>Twitter</displayName><objectType>service</objectType></provider><actor><summary>Trying to refresh the memories and build science knowledge! </summary><twitterTimeZone>Mountain Time (US &amp; Canada)</twitterTimeZone><friendsCount>5</friendsCount><location><displayName>Corpus Christi Texas</displayName><objectType>place</objectType></location><link>http://www.twitter.com/MartinTrojanSci</link><postedTime>2012-01-10T16:27:39.000Z</postedTime><image>http://a0.twimg.com/profile_images/1746063087/trojan_20head_normal.jpg</image><links><links><rel>me</rel><href>http://martin.ccisd.us</href></links></links><listedCount>0</listedCount><id>id:twitter.com:460307696</id><languages><languages>en</languages></languages><utcOffset>-25200</utcOffset><followersCount>63</followersCount><preferredUsername>MartinTrojanSci</preferredUsername><displayName>MartinMS Science Dep</displayName><statusesCount>142</statusesCount><objectType>person</objectType></actor><object><summary>All energy on earth starts with radiant sunlight energy. Solar radiation becomes chem energy in a plant, becomes mechanical &amp;heat In ur run</summary><id>object:search.twitter.com,2005:187166559070982144</id><link>http://twitter.com/MartinTrojanSci/statuses/187166559070982144</link><postedTime>2012-04-03T13:15:59.000Z</postedTime><objectType>note</objectType></object><twitter_entities><hashtags/><urls/><user_mentions/></twitter_entities><id>tag:search.twitter.com,2005:187166559070982144</id><type>P</type><type>P</type><verb>post</verb><generator><link>http://twitter.com/#!/download/iphone</link><displayName>Twitter for iPhone</displayName></generator><objectType>activity</objectType><platform>twitter</platform><posted_date>2012-04-03</posted_date><followers>63</followers><statuses>142</statuses><region>Mountain</region></marklogic>