<?xml version="1.0" encoding="UTF-8"?>
<marklogic><id>tag:search.twitter.com,2005:185074961499693056</id><type>P</type><type>P</type><body>Saya telah menambahkan video ke daftar putar @YouTube http://t.co/Ndfl1EMJ Art market hot on <adverse_event>Spots</adverse_event>! - <product_name company="N.A.">Felix</product_name> T</body><verb>post</verb><link>http://twitter.com/NoorRamadhani/statuses/185074961499693056</link><generator><link>http://www.google.com/</link><displayName>Google</displayName></generator><postedTime>2012-03-28T18:44:44.000Z</postedTime><provider><link>http://www.twitter.com</link><displayName>Twitter</displayName><objectType>service</objectType></provider><object><summary>Saya telah menambahkan video ke daftar putar @YouTube http://t.co/Ndfl1EMJ Art market hot on spots! - Felix T</summary><id>object:search.twitter.com,2005:185074961499693056</id><link>http://twitter.com/NoorRamadhani/statuses/185074961499693056</link><postedTime>2012-03-28T18:44:44.000Z</postedTime><objectType>note</objectType></object><actor><summary>sabar penyayang</summary><twitterTimeZone>Bangkok</twitterTimeZone><friendsCount>109</friendsCount><location><displayName>Kediri</displayName><objectType>place</objectType></location><link>http://www.twitter.com/NoorRamadhani</link><postedTime>2011-12-25T14:25:41.000Z</postedTime><image>http://a0.twimg.com/profile_images/1939160094/Winter_normal.jpg</image><links><links><rel>me</rel><href/></links></links><listedCount>0</listedCount><id>id:twitter.com:446276725</id><languages><languages>id</languages></languages><utcOffset>25200</utcOffset><followersCount>10</followersCount><preferredUsername>NoorRamadhani</preferredUsername><displayName>noor ramadhani</displayName><statusesCount>141</statusesCount><objectType>person</objectType></actor><twitter_entities><hashtags/><urls><urls><indices><indices>54</indices><indices>74</indices></indices><expanded_url>http://youtu.be/14IerE0rIEs?a</expanded_url><display_url>youtu.be/14IerE0rIEs?a</display_url><url>http://t.co/Ndfl1EMJ</url></urls></urls><user_mentions><user_mentions><indices><indices>45</indices><indices>53</indices></indices><id_str>10228272</id_str><name>YouTube</name><id>10228272</id><screen_name>YouTube</screen_name></user_mentions></user_mentions></twitter_entities><objectType>activity</objectType><platform>twitter</platform><posted_date>2012-03-28</posted_date><followers>10</followers><statuses>141</statuses><region>Bangkok</region></marklogic>