<?xml version="1.0" encoding="UTF-8"?>
<marklogic><id>tag:search.twitter.com,2005:185034882844590081</id><type>P</type><type>P</type><body>Nouveau <adverse_event>Spot</adverse_event> TV de SWATH; "Red as blood" (<product_name company="P&amp;G">Rouge</product_name> come sang) Pas de nouvelles scènes.
(via... http://t.co/MA7bx6M8</body><verb>post</verb><link>http://twitter.com/Perfect_Robsten/statuses/185034882844590081</link><generator><link>http://www.facebook.com/twitter</link><displayName>Facebook</displayName></generator><postedTime>2012-03-28T16:05:28.000Z</postedTime><provider><link>http://www.twitter.com</link><displayName>Twitter</displayName><objectType>service</objectType></provider><object><summary>Nouveau Spot TV de SWATH; "Red as blood" (rouge come sang) Pas de nouvelles scènes.
(via... http://t.co/MA7bx6M8</summary><id>object:search.twitter.com,2005:185034882844590081</id><link>http://twitter.com/Perfect_Robsten/statuses/185034882844590081</link><postedTime>2012-03-28T16:05:28.000Z</postedTime><objectType>note</objectType></object><actor><summary>Le compte Twitter de la page facebook PerfectRobsten !</summary><twitterTimeZone>Paris</twitterTimeZone><friendsCount>172</friendsCount><location><displayName>France / LA</displayName><objectType>place</objectType></location><link>http://www.twitter.com/Perfect_Robsten</link><postedTime>2012-02-08T12:46:56.000Z</postedTime><image>http://a0.twimg.com/profile_images/1876615689/423411_388821457798690_320943194586517_1688308_547130810_n_normal.jpg</image><links><links><rel>me</rel><href>https://www.facebook.com/pages/PerfectRobsten/320943194586517</href></links></links><listedCount>1</listedCount><id>id:twitter.com:486572587</id><languages><languages>en</languages></languages><utcOffset>3600</utcOffset><followersCount>32</followersCount><preferredUsername>Perfect_Robsten</preferredUsername><displayName>PerfectRobsten</displayName><statusesCount>273</statusesCount><objectType>person</objectType></actor><twitter_entities><hashtags/><user_mentions/><urls><urls><indices><indices>92</indices><indices>112</indices></indices><expanded_url>http://fb.me/1zyiiiXOW</expanded_url><display_url>fb.me/1zyiiiXOW</display_url><url>http://t.co/MA7bx6M8</url></urls></urls></twitter_entities><objectType>activity</objectType><platform>twitter</platform><posted_date>2012-03-28</posted_date><followers>32</followers><statuses>273</statuses><region>Paris</region></marklogic>