<?xml version="1.0" encoding="UTF-8"?>
<marklogic><id>tag:search.twitter.com,2005:185076350481215488</id><type>P</type><type>P</type><body>Anyone after an apprentice plumber/<adverse_event>Heating</adverse_event> engineer? Gimmie a <product_name company="SC Johnson">Shout</product_name>.</body><verb>post</verb><link>http://twitter.com/timmydocherty/statuses/185076350481215488</link><generator><link>http://twitter.com/#!/download/iphone</link><displayName>Twitter for iPhone</displayName></generator><postedTime>2012-03-28T18:50:15.000Z</postedTime><provider><link>http://www.twitter.com</link><displayName>Twitter</displayName><objectType>service</objectType></provider><object><summary>Anyone after an apprentice plumber/heating engineer? Gimmie a shout.</summary><id>object:search.twitter.com,2005:185076350481215488</id><link>http://twitter.com/timmydocherty/statuses/185076350481215488</link><postedTime>2012-03-28T18:50:15.000Z</postedTime><objectType>note</objectType></object><actor><summary>i ride an stuff.</summary><twitterTimeZone/><friendsCount>147</friendsCount><location><displayName>guildford</displayName><objectType>place</objectType></location><link>http://www.twitter.com/timmydocherty</link><postedTime>2010-10-26T17:28:48.000Z</postedTime><image>http://a0.twimg.com/profile_images/1153499255/image_normal.jpg</image><links><links><rel>me</rel><href/></links></links><listedCount>0</listedCount><id>id:twitter.com:208119044</id><languages><languages>en</languages></languages><utcOffset/><followersCount>192</followersCount><preferredUsername>timmydocherty</preferredUsername><displayName>Tim Docherty</displayName><statusesCount>3342</statusesCount><objectType>person</objectType></actor><twitter_entities><hashtags/><user_mentions/><urls/></twitter_entities><objectType>activity</objectType><platform>twitter</platform><posted_date>2012-03-28</posted_date><followers>192</followers><statuses>3342</statuses><region>N.A.</region></marklogic>