<?xml version="1.0" encoding="UTF-8"?>
<marklogic><id>tag:search.twitter.com,2005:185075493962387456</id><type>P</type><type>P</type><body> out to this tequila for fighting  that <adverse_event>Cold</adverse_event>... Now <product_name company="SC Johnson">Off</product_name> to destroy wings</body><verb>post</verb><link>http://twitter.com/ElSospechoso1/statuses/185075493962387456</link><generator><link>http://blackberry.com/twitter</link><displayName>Twitter for BlackBerry®</displayName></generator><postedTime>2012-03-28T18:46:50.000Z</postedTime><provider><link>http://www.twitter.com</link><displayName>Twitter</displayName><objectType>service</objectType></provider><object><summary>Shout out to this tequila for fighting off that cold... Now off to destroy wings</summary><id>object:search.twitter.com,2005:185075493962387456</id><link>http://twitter.com/ElSospechoso1/statuses/185075493962387456</link><postedTime>2012-03-28T18:46:50.000Z</postedTime><objectType>note</objectType></object><actor><summary>I don't sugarcoat shit. You live just once so if you don't like it kill yourself. If your sensitive don't follow me. </summary><twitterTimeZone/><friendsCount>59</friendsCount><location><displayName>T.O.  At coughee time</displayName><objectType>place</objectType></location><link>http://www.twitter.com/ElSospechoso1</link><postedTime>2011-09-23T01:03:41.000Z</postedTime><image>http://a0.twimg.com/profile_images/1977967323/peu_20120207_5_1_normal.jpg</image><links><links><rel>me</rel><href/></links></links><listedCount>0</listedCount><id>id:twitter.com:378328306</id><languages><languages>en</languages></languages><utcOffset/><followersCount>68</followersCount><preferredUsername>ElSospechoso1</preferredUsername><displayName>Ya I said it...</displayName><statusesCount>4760</statusesCount><objectType>person</objectType></actor><twitter_entities><user_mentions/><hashtags/><urls/></twitter_entities><objectType>activity</objectType><platform>twitter</platform><posted_date>2012-03-28</posted_date><followers>68</followers><statuses>4760</statuses><region>N.A.</region></marklogic>