<?xml version="1.0" encoding="UTF-8"?>
<marklogic><id>tag:search.twitter.com,2005:185039779195396096</id><type>P</type><type>P</type><body>CLEVELAND — Fox 8 Meteorologist <product_name company="Kimberly Clark">Scott</product_name> Sabol says that it's a significantly <adverse_event>Colder</adverse_event> but dry start to the work week</body><verb>post</verb><link>http://twitter.com/StephaniaSolver/statuses/185039779195396096</link><generator><link>http://twitter.com</link><displayName>web</displayName></generator><postedTime>2012-03-28T16:24:55.000Z</postedTime><provider><link>http://www.twitter.com</link><displayName>Twitter</displayName><objectType>service</objectType></provider><object><summary>CLEVELAND — Fox 8 Meteorologist Scott Sabol says that it's a significantly colder but dry start to the work week</summary><id>object:search.twitter.com,2005:185039779195396096</id><link>http://twitter.com/StephaniaSolver/statuses/185039779195396096</link><postedTime>2012-03-28T16:24:55.000Z</postedTime><objectType>note</objectType></object><actor><summary>It's all over.</summary><twitterTimeZone/><friendsCount>10</friendsCount><location><displayName>Dallas, TX, USA</displayName><objectType>place</objectType></location><link>http://www.twitter.com/StephaniaSolver</link><postedTime>2012-03-21T02:51:11.000Z</postedTime><image>http://a0.twimg.com/profile_images/1922099166/410855805m13z_normal.jpg</image><links><links><rel>me</rel><href/></links></links><listedCount>0</listedCount><id>id:twitter.com:531950208</id><languages><languages>en</languages></languages><utcOffset/><followersCount>26</followersCount><preferredUsername>StephaniaSolver</preferredUsername><displayName>Stephania Solverson</displayName><statusesCount>586</statusesCount><objectType>person</objectType></actor><twitter_entities><hashtags/><user_mentions/><urls/></twitter_entities><objectType>activity</objectType><platform>twitter</platform><posted_date>2012-03-28</posted_date><followers>26</followers><statuses>586</statuses><region>N.A.</region></marklogic>