<?xml version="1.0" encoding="UTF-8"?>
<marklogic><id>tag:search.twitter.com,2005:185074456392245249</id><type>P</type><type>P</type><body>"@MrGrigsby1906: <adverse_event>Spot</adverse_event> a random girl in public. Approach her, kneel to one knee and <product_name company="SC Johnson">Shout</product_name>, "She said yes!""&amp;lt;&amp;lt;&amp;lt;I'm gonna do this!</body><verb>post</verb><link>http://twitter.com/Rubexx_Cube/statuses/185074456392245249</link><generator><link>http://twitter.com/download/android</link><displayName>Twitter for Android</displayName></generator><postedTime>2012-03-28T18:42:43.000Z</postedTime><provider><link>http://www.twitter.com</link><displayName>Twitter</displayName><objectType>service</objectType></provider><object><summary>"@MrGrigsby1906: Spot a random girl in public. Approach her, kneel to one knee and shout, "She said yes!""&amp;lt;&amp;lt;&amp;lt;I'm gonna do this!</summary><id>object:search.twitter.com,2005:185074456392245249</id><link>http://twitter.com/Rubexx_Cube/statuses/185074456392245249</link><postedTime>2012-03-28T18:42:43.000Z</postedTime><objectType>note</objectType></object><actor><summary>Young intellectual looking towards the finer things in life. &#13;
College educated, money motivated, success dedicated Alpha man. Always moving onward &amp; upward. </summary><twitterTimeZone>Eastern Time (US &amp; Canada)</twitterTimeZone><friendsCount>143</friendsCount><location><displayName>Daytona Beach/Lauderdale</displayName><objectType>place</objectType></location><link>http://www.twitter.com/Rubexx_Cube</link><postedTime>2009-04-06T14:34:25.000Z</postedTime><image>http://a0.twimg.com/profile_images/1923430503/Au1w4J2L_normal</image><links><links><rel>me</rel><href>http://www.facebook.com/profile.php?id=673737766</href></links></links><listedCount>1</listedCount><id>id:twitter.com:29210722</id><languages><languages>en</languages></languages><utcOffset>-18000</utcOffset><followersCount>159</followersCount><preferredUsername>Rubexx_Cube</preferredUsername><displayName>Ruben A. Goddard Jr.</displayName><statusesCount>2154</statusesCount><objectType>person</objectType></actor><twitter_entities><hashtags/><user_mentions><user_mentions><indices><indices>1</indices><indices>15</indices></indices><id_str>324960968</id_str><name>Dasmyn A. Grigsby™</name><id>324960968</id><screen_name>MrGrigsby1906</screen_name></user_mentions></user_mentions><urls/></twitter_entities><objectType>activity</objectType><platform>twitter</platform><posted_date>2012-03-28</posted_date><followers>159</followers><statuses>2154</statuses><region>Eastern</region></marklogic>