<?xml version="1.0" encoding="UTF-8"?>
<marklogic><id>tag:search.twitter.com,2005:185070081141768192</id><type>P</type><type>P</type><body>Yo solo tendré un <adverse_event>Spot</adverse_event>. “¡<product_name company="GlaxoSmithKline">Viva</product_name> la equidad!”: AMLO</body><verb>post</verb><link>http://twitter.com/CarlosMarinMtz/statuses/185070081141768192</link><generator><link>http://dlvr.it</link><displayName>dlvr.it</displayName></generator><postedTime>2012-03-28T18:25:20.000Z</postedTime><provider><link>http://www.twitter.com</link><displayName>Twitter</displayName><objectType>service</objectType></provider><object><summary>Yo solo tendré un spot. “¡Viva la equidad!”: AMLO</summary><id>object:search.twitter.com,2005:185070081141768192</id><link>http://twitter.com/CarlosMarinMtz/statuses/185070081141768192</link><postedTime>2012-03-28T18:25:20.000Z</postedTime><objectType>note</objectType></object><actor><summary>Nací el 10 de septiembre de 1947 en la ciudad de Puebla, estado de Puebla. Estudié periodismo en la escuela Carlos Septién García.</summary><twitterTimeZone>Mexico City</twitterTimeZone><friendsCount>461</friendsCount><location><displayName>México, D.F.</displayName><objectType>place</objectType></location><link>http://www.twitter.com/CarlosMarinMtz</link><postedTime>2012-03-06T04:44:26.000Z</postedTime><image>http://a0.twimg.com/profile_images/1876197598/images_normal.jpg</image><links><links><rel>me</rel><href/></links></links><listedCount>1</listedCount><id>id:twitter.com:516195414</id><languages><languages>es</languages></languages><utcOffset>-21600</utcOffset><followersCount>158</followersCount><preferredUsername>CarlosMarinMtz</preferredUsername><displayName>Carlos Marín M.</displayName><statusesCount>353</statusesCount><objectType>person</objectType></actor><twitter_entities><hashtags/><urls/><user_mentions/></twitter_entities><objectType>activity</objectType><platform>twitter</platform><posted_date>2012-03-28</posted_date><followers>158</followers><statuses>353</statuses><region>Mexico</region></marklogic>