<?xml version="1.0" encoding="UTF-8"?>
<marklogic><id>tag:search.twitter.com,2005:185053207830081537</id><type>P</type><type>P</type><body>I just took <product_name company="N.A.">NyQuil</product_name> in the middle of the day. I'm about to punch this <adverse_event>Cold</adverse_event> in the face with a nap to end all naps. #fb</body><verb>post</verb><link>http://twitter.com/kyleJRgray/statuses/185053207830081537</link><generator><link>http://twitter.com</link><displayName>web</displayName></generator><postedTime>2012-03-28T17:18:17.000Z</postedTime><provider><link>http://www.twitter.com</link><displayName>Twitter</displayName><objectType>service</objectType></provider><object><summary>I just took NyQuil in the middle of the day. I'm about to punch this cold in the face with a nap to end all naps. #fb</summary><id>object:search.twitter.com,2005:185053207830081537</id><link>http://twitter.com/kyleJRgray/statuses/185053207830081537</link><postedTime>2012-03-28T17:18:17.000Z</postedTime><objectType>note</objectType></object><actor><summary>Husband. Dad. Online Pastor at www.cedarcreek.tv. Great Dane owner/dog poop expert. In that order.</summary><twitterTimeZone>Central Time (US &amp; Canada)</twitterTimeZone><friendsCount>651</friendsCount><location><displayName>I'm everywhere you are. </displayName><objectType>place</objectType></location><link>http://www.twitter.com/kyleJRgray</link><postedTime>2010-12-31T20:37:55.000Z</postedTime><image>http://a0.twimg.com/profile_images/1492070626/265124_10150361493889692_729754691_10182966_7766439_n_normal.jpg</image><links><links><rel>me</rel><href>http://kylejrgray.tumblr.com/</href></links></links><listedCount>22</listedCount><id>id:twitter.com:232655102</id><languages><languages>en</languages></languages><utcOffset>-21600</utcOffset><followersCount>705</followersCount><preferredUsername>kyleJRgray</preferredUsername><displayName>Kyle Gray</displayName><statusesCount>4067</statusesCount><objectType>person</objectType></actor><twitter_entities><hashtags><hashtags><text>fb</text><indices><indices>114</indices><indices>117</indices></indices></hashtags></hashtags><user_mentions/><urls/></twitter_entities><objectType>activity</objectType><platform>twitter</platform><posted_date>2012-03-28</posted_date><followers>705</followers><statuses>4067</statuses><region>Central</region></marklogic>