<?xml version="1.0" encoding="UTF-8"?>
<marklogic><id>tag:search.twitter.com,2005:185075809999003649</id><type>P</type><type>P</type><body>Yo solo tendré un <adverse_event>Spot</adverse_event>. “¡<product_name company="GlaxoSmithKline">Viva</product_name> la equidad!”: AMLO http://t.co/AyKldkw6</body><verb>post</verb><link>http://twitter.com/Notuitciero/statuses/185075809999003649</link><generator><link>http://dlvr.it</link><displayName>dlvr.it</displayName></generator><postedTime>2012-03-28T18:48:06.000Z</postedTime><provider><link>http://www.twitter.com</link><displayName>Twitter</displayName><objectType>service</objectType></provider><object><summary>Yo solo tendré un spot. “¡Viva la equidad!”: AMLO http://t.co/AyKldkw6</summary><id>object:search.twitter.com,2005:185075809999003649</id><link>http://twitter.com/Notuitciero/statuses/185075809999003649</link><postedTime>2012-03-28T18:48:06.000Z</postedTime><objectType>note</objectType></object><actor><summary>Te mantenemos informando de lo que pasa minuto a minuto en el mundo.</summary><twitterTimeZone>Central Time (US &amp; Canada)</twitterTimeZone><friendsCount>421</friendsCount><link>http://www.twitter.com/Notuitciero</link><postedTime>2012-02-14T03:34:12.000Z</postedTime><image>http://a0.twimg.com/profile_images/1900460147/periodicos-13_normal.jpg</image><links><links><rel>me</rel><href/></links></links><listedCount>4</listedCount><id>id:twitter.com:491876191</id><languages><languages>es</languages></languages><utcOffset>-21600</utcOffset><followersCount>242</followersCount><preferredUsername>Notuitciero</preferredUsername><displayName>twitnoticiero</displayName><statusesCount>5233</statusesCount><objectType>person</objectType></actor><twitter_entities><hashtags/><user_mentions/><urls><urls><indices><indices>50</indices><indices>70</indices></indices><expanded_url>http://dlvr.it/1MyNrF</expanded_url><display_url>dlvr.it/1MyNrF</display_url><url>http://t.co/AyKldkw6</url></urls></urls></twitter_entities><objectType>activity</objectType><platform>twitter</platform><posted_date>2012-03-28</posted_date><followers>242</followers><statuses>5233</statuses><region>Central</region></marklogic>