<?xml version="1.0" encoding="UTF-8"?>
<marklogic><id>tag:search.twitter.com,2005:185036170126831617</id><type>P</type><type>P</type><body> out to @momma_chef for all her awesome fitness <product_name company="N.A.">Gains</product_name> and <adverse_event>Weight loss</adverse_event> in the past three months. #paleo #isthatjasonkahlipa?</body><verb>post</verb><link>http://twitter.com/senatorbrett/statuses/185036170126831617</link><generator><link>http://ubersocial.com</link><displayName>UberSocial for Android</displayName></generator><postedTime>2012-03-28T16:10:35.000Z</postedTime><provider><link>http://www.twitter.com</link><displayName>Twitter</displayName><objectType>service</objectType></provider><object><summary>Shout out to @momma_chef for all her awesome fitness gains and weight loss in the past three months. #paleo #isthatjasonkahlipa?</summary><id>object:search.twitter.com,2005:185036170126831617</id><link>http://twitter.com/senatorbrett/statuses/185036170126831617</link><postedTime>2012-03-28T16:10:35.000Z</postedTime><objectType>note</objectType></object><actor><summary>Jesus built my hot rod. </summary><twitterTimeZone>Eastern Time (US &amp; Canada)</twitterTimeZone><friendsCount>248</friendsCount><location><displayName>ÜT: 41.726116,-86.320264</displayName><objectType>place</objectType></location><link>http://www.twitter.com/senatorbrett</link><postedTime>2009-06-07T01:59:16.000Z</postedTime><image>http://a0.twimg.com/profile_images/1677636211/profile_image_1323200098892_normal.jpg</image><links><links><rel>me</rel><href>http://www.crossfitsouthbend.com</href></links></links><listedCount>4</listedCount><id>id:twitter.com:45261574</id><languages><languages>en</languages></languages><utcOffset>-18000</utcOffset><followersCount>155</followersCount><preferredUsername>senatorbrett</preferredUsername><displayName> senator brett </displayName><statusesCount>2187</statusesCount><objectType>person</objectType></actor><twitter_entities><hashtags><hashtags><text>paleo</text><indices><indices>101</indices><indices>107</indices></indices></hashtags><hashtags><text>isthatjasonkahlipa</text><indices><indices>108</indices><indices>127</indices></indices></hashtags></hashtags><urls/><user_mentions><user_mentions><indices><indices>13</indices><indices>24</indices></indices><id_str>29867164</id_str><name>leslee</name><id>29867164</id><screen_name>momma_chef</screen_name></user_mentions></user_mentions></twitter_entities><objectType>activity</objectType><platform>twitter</platform><posted_date>2012-03-28</posted_date><followers>155</followers><statuses>2187</statuses><region>Eastern</region></marklogic>