<?xml version="1.0" encoding="UTF-8"?>
<marklogic><id>tag:search.twitter.com,2005:185068922825998336</id><type>P</type><type>P</type><body>Messi, Poldi und Calvin Harris zaubern im neuen <product_name company="N.A.">Pepsi</product_name>-TV-<adverse_event>Spot</adverse_event> http://t.co/r2iCU7CR</body><verb>post</verb><link>http://twitter.com/openpr/statuses/185068922825998336</link><generator><link>http://www.openpr.de</link><displayName>twopenpr.de</displayName></generator><postedTime>2012-03-28T18:20:44.000Z</postedTime><provider><link>http://www.twitter.com</link><displayName>Twitter</displayName><objectType>service</objectType></provider><object><summary>Messi, Poldi und Calvin Harris zaubern im neuen Pepsi-TV-Spot http://t.co/r2iCU7CR</summary><id>object:search.twitter.com,2005:185068922825998336</id><link>http://twitter.com/openpr/statuses/185068922825998336</link><postedTime>2012-03-28T18:20:44.000Z</postedTime><objectType>note</objectType></object><actor><summary>openPR - Das offene PR-Portal. Pressemitteilungen kostenlos einstellen</summary><twitterTimeZone>Berlin</twitterTimeZone><friendsCount>16</friendsCount><link>http://www.twitter.com/openpr</link><postedTime>2009-05-26T13:06:29.000Z</postedTime><image>http://a0.twimg.com/profile_images/1610910693/openpr_twitter_normal.jpg</image><links><links><rel>me</rel><href>http://www.openpr.de</href></links></links><listedCount>98</listedCount><id>id:twitter.com:42619961</id><languages><languages>de</languages></languages><utcOffset>3600</utcOffset><followersCount>1958</followersCount><preferredUsername>openpr</preferredUsername><displayName>openPR Redaktion</displayName><statusesCount>142302</statusesCount><objectType>person</objectType></actor><twitter_entities><hashtags/><user_mentions/><urls><urls><indices><indices>62</indices><indices>82</indices></indices><expanded_url>http://openpr.de/t620191</expanded_url><display_url>openpr.de/t620191</display_url><url>http://t.co/r2iCU7CR</url></urls></urls></twitter_entities><objectType>activity</objectType><platform>twitter</platform><posted_date>2012-03-28</posted_date><followers>1958</followers><statuses>142302</statuses><region>Berlin</region></marklogic>