<?xml version="1.0" encoding="UTF-8"?>
<marklogic><id>tag:search.twitter.com,2005:185076175176077312</id><type>P</type><type>P</type><body>6 days ago verna <adverse_event>Burns</adverse_event> <product_name company="Reckitt Benckiser">Vanish</product_name> the jogging. neutral ?</body><verb>post</verb><link>http://twitter.com/kiqakyhuqer/statuses/185076175176077312</link><generator><link>http://twitter.com</link><displayName>web</displayName></generator><postedTime>2012-03-28T18:49:33.000Z</postedTime><provider><link>http://www.twitter.com</link><displayName>Twitter</displayName><objectType>service</objectType></provider><object><summary>6 days ago verna burns vanish the jogging. neutral ?</summary><id>object:search.twitter.com,2005:185076175176077312</id><link>http://twitter.com/kiqakyhuqer/statuses/185076175176077312</link><postedTime>2012-03-28T18:49:33.000Z</postedTime><objectType>note</objectType></object><actor><summary>My favorite movies -  and . Describe myself - robbed,persistent and reiterated.&#13;</summary><twitterTimeZone/><friendsCount>34</friendsCount><location><displayName>GB&#13;</displayName><objectType>place</objectType></location><link>http://www.twitter.com/kiqakyhuqer</link><postedTime>2012-02-07T00:04:02.000Z</postedTime><image>http://a0.twimg.com/profile_images/1812770364/1771_normal.gif</image><links><links><rel>me</rel><href/></links></links><listedCount>0</listedCount><id>id:twitter.com:485231113</id><languages><languages>es</languages></languages><utcOffset/><followersCount>13</followersCount><preferredUsername>kiqakyhuqer</preferredUsername><displayName>cheramie</displayName><statusesCount>167</statusesCount><objectType>person</objectType></actor><twitter_entities><hashtags/><user_mentions/><urls/></twitter_entities><objectType>activity</objectType><platform>twitter</platform><posted_date>2012-03-28</posted_date><followers>13</followers><statuses>167</statuses><region>N.A.</region></marklogic>