<?xml version="1.0" encoding="UTF-8"?>
<marklogic><id>tag:search.twitter.com,2005:185076735761580032</id><type>P</type><type>P</type><body>the <product_name company="Novartis">Excedrin</product_name> isnt working. now what? bad #<adverse_event>Headache</adverse_event></body><verb>post</verb><link>http://twitter.com/vanizzle17/statuses/185076735761580032</link><generator><link>http://twitter.com</link><displayName>web</displayName></generator><postedTime>2012-03-28T18:51:47.000Z</postedTime><provider><link>http://www.twitter.com</link><displayName>Twitter</displayName><objectType>service</objectType></provider><object><summary>the excedrin isnt working. now what? bad #headache</summary><id>object:search.twitter.com,2005:185076735761580032</id><link>http://twitter.com/vanizzle17/statuses/185076735761580032</link><postedTime>2012-03-28T18:51:47.000Z</postedTime><objectType>note</objectType></object><actor><summary>interests include kittens. the color fuchsia. cultural psychology. looseleaf tea. and ice climbing. http://www.verticalflashpoint.wordpress.com</summary><twitterTimeZone>Eastern Time (US &amp; Canada)</twitterTimeZone><friendsCount>498</friendsCount><location><displayName>ann arbor, michigan</displayName><objectType>place</objectType></location><link>http://www.twitter.com/vanizzle17</link><postedTime>2010-01-19T20:23:26.000Z</postedTime><image>http://a0.twimg.com/profile_images/1597290784/222222_normal.jpg</image><links><links><rel>me</rel><href>http://www.verticalflashpoint.wordpress.com/</href></links></links><listedCount>9</listedCount><id>id:twitter.com:106513390</id><languages><languages>en</languages></languages><utcOffset>-18000</utcOffset><followersCount>174</followersCount><preferredUsername>vanizzle17</preferredUsername><displayName>Vanessa Fabian</displayName><statusesCount>517</statusesCount><objectType>person</objectType></actor><twitter_entities><hashtags><hashtags><text>headache</text><indices><indices>41</indices><indices>50</indices></indices></hashtags></hashtags><user_mentions/><urls/></twitter_entities><objectType>activity</objectType><platform>twitter</platform><posted_date>2012-03-28</posted_date><followers>174</followers><statuses>517</statuses><region>Eastern</region></marklogic>