<?xml version="1.0" encoding="UTF-8"?>
<marklogic><id>tag:search.twitter.com,2005:185053127664349185</id><type>P</type><type>P</type><body><product_name company="Johnson - Johnson">Benadryl</product_name> gel anti-<adverse_event>Itch</adverse_event> http://t.co/QHYszsoD</body><verb>post</verb><link>http://twitter.com/hotynuhukanif/statuses/185053127664349185</link><generator><link>http://twitter.com</link><displayName>web</displayName></generator><postedTime>2012-03-28T17:17:58.000Z</postedTime><provider><link>http://www.twitter.com</link><displayName>Twitter</displayName><objectType>service</objectType></provider><object><summary>benadryl gel anti-itch http://t.co/QHYszsoD</summary><id>object:search.twitter.com,2005:185053127664349185</id><link>http://twitter.com/hotynuhukanif/statuses/185053127664349185</link><postedTime>2012-03-28T17:17:58.000Z</postedTime><objectType>note</objectType></object><actor><summary>hard-working and sanguinary - true. tardy and belated - may be.&#13;</summary><twitterTimeZone/><friendsCount>23</friendsCount><location><displayName>VT&#13;</displayName><objectType>place</objectType></location><link>http://www.twitter.com/hotynuhukanif</link><postedTime>2012-02-09T18:25:58.000Z</postedTime><image>http://a0.twimg.com/profile_images/1818907060/302_normal.gif</image><links><links><rel>me</rel><href/></links></links><listedCount>0</listedCount><id>id:twitter.com:487764609</id><languages><languages>en</languages></languages><utcOffset/><followersCount>6</followersCount><preferredUsername>hotynuhukanif</preferredUsername><displayName>salvemini</displayName><statusesCount>75</statusesCount><objectType>person</objectType></actor><twitter_entities><hashtags/><urls><urls><indices><indices>23</indices><indices>43</indices></indices><expanded_url>http://benadryl-gel-anti-itch.cheapillsshop.com</expanded_url><display_url>…adryl-gel-anti-itch.cheapillsshop.com</display_url><url>http://t.co/QHYszsoD</url></urls></urls><user_mentions/></twitter_entities><objectType>activity</objectType><platform>twitter</platform><posted_date>2012-03-28</posted_date><followers>6</followers><statuses>75</statuses><region>N.A.</region></marklogic>