<?xml version="1.0" encoding="UTF-8"?>
<marklogic><id>tag:search.twitter.com,2005:185037923589173248</id><type>P</type><type>P</type><body>New #RECALL Poll: Dead <adverse_event>Heat</adverse_event>! Support #WI Gov <product_name company="Kimberly Clark">Scott</product_name> Walker http://t.co/KzhkKhsp #tcot #teaparty #unions #unionthugs #4jobs #right2work</body><verb>post</verb><link>http://twitter.com/jerrymeister69/statuses/185037923589173248</link><generator><link>http://twitter.com/tweetbutton</link><displayName>Tweet Button</displayName></generator><postedTime>2012-03-28T16:17:33.000Z</postedTime><provider><link>http://www.twitter.com</link><displayName>Twitter</displayName><objectType>service</objectType></provider><object><summary>New #RECALL Poll: Dead Heat! Support #WI Gov Scott Walker http://t.co/KzhkKhsp #tcot #teaparty #unions #unionthugs #4jobs #right2work</summary><id>object:search.twitter.com,2005:185037923589173248</id><link>http://twitter.com/jerrymeister69/statuses/185037923589173248</link><postedTime>2012-03-28T16:17:33.000Z</postedTime><objectType>note</objectType></object><actor><summary>Believer, husband, father and brother: I support and espouse conservative social and political principals. #tcot #teaparty</summary><twitterTimeZone>Eastern Time (US &amp; Canada)</twitterTimeZone><friendsCount>624</friendsCount><link>http://www.twitter.com/jerrymeister69</link><postedTime>2011-05-31T13:18:22.000Z</postedTime><image>http://a0.twimg.com/profile_images/1376217778/US_Flag_normal.jpg</image><links><links><rel>me</rel><href/></links></links><listedCount>6</listedCount><id>id:twitter.com:308464109</id><languages><languages>en</languages></languages><utcOffset>-18000</utcOffset><followersCount>394</followersCount><preferredUsername>jerrymeister69</preferredUsername><displayName>jerrymeister69</displayName><statusesCount>4688</statusesCount><objectType>person</objectType></actor><twitter_entities><hashtags><hashtags><text>RECALL</text><indices><indices>4</indices><indices>11</indices></indices></hashtags><hashtags><text>WI</text><indices><indices>37</indices><indices>40</indices></indices></hashtags><hashtags><text>tcot</text><indices><indices>79</indices><indices>84</indices></indices></hashtags><hashtags><text>teaparty</text><indices><indices>85</indices><indices>94</indices></indices></hashtags><hashtags><text>unions</text><indices><indices>95</indices><indices>102</indices></indices></hashtags><hashtags><text>unionthugs</text><indices><indices>103</indices><indices>114</indices></indices></hashtags><hashtags><text>4jobs</text><indices><indices>115</indices><indices>121</indices></indices></hashtags><hashtags><text>right2work</text><indices><indices>122</indices><indices>133</indices></indices></hashtags></hashtags><user_mentions/><urls><urls><indices><indices>58</indices><indices>78</indices></indices><expanded_url>http://shout.lt/aWG5</expanded_url><display_url>shout.lt/aWG5</display_url><url>http://t.co/KzhkKhsp</url></urls></urls></twitter_entities><objectType>activity</objectType><platform>twitter</platform><posted_date>2012-03-28</posted_date><followers>394</followers><statuses>4688</statuses><region>Eastern</region></marklogic>