<?xml version="1.0" encoding="UTF-8"?>
<marklogic><id>tag:search.twitter.com,2005:185056673478623232</id><type>P</type><type>P</type><inReplyTo><link>http://twitter.com/Scott_D_Owens/statuses/184990140907798528</link></inReplyTo><body>@<product_name company="Kimberly Clark">Scott</product_name>_D_Owens oh dear I would <adverse_event>Burn</adverse_event> it to the ground!</body><verb>post</verb><link>http://twitter.com/JordanPester/statuses/185056673478623232</link><generator><link>http://twitter.com/#!/download/iphone</link><displayName>Twitter for iPhone</displayName></generator><postedTime>2012-03-28T17:32:03.000Z</postedTime><provider><link>http://www.twitter.com</link><displayName>Twitter</displayName><objectType>service</objectType></provider><object><summary>@Scott_D_Owens oh dear I would burn it to the ground!</summary><id>object:search.twitter.com,2005:185056673478623232</id><link>http://twitter.com/JordanPester/statuses/185056673478623232</link><postedTime>2012-03-28T17:32:03.000Z</postedTime><objectType>note</objectType></object><actor><summary>Lady Gaga should be in my bed. </summary><twitterTimeZone/><friendsCount>149</friendsCount><location><displayName>England</displayName><objectType>place</objectType></location><link>http://www.twitter.com/JordanPester</link><postedTime>2011-10-20T21:38:42.000Z</postedTime><image>http://a0.twimg.com/profile_images/1598563922/Picture15_normal.png</image><links><links><rel>me</rel><href>http://facebook.com/jordanpester</href></links></links><listedCount>1</listedCount><id>id:twitter.com:394943370</id><languages><languages>en</languages></languages><utcOffset/><followersCount>122</followersCount><preferredUsername>JordanPester</preferredUsername><displayName>Jordan James</displayName><statusesCount>2127</statusesCount><objectType>person</objectType></actor><twitter_entities><hashtags/><urls/><user_mentions><user_mentions><indices><indices>0</indices><indices>14</indices></indices><id_str>22173360</id_str><name>Scott Owens ϟ</name><id>22173360</id><screen_name>Scott_D_Owens</screen_name></user_mentions></user_mentions></twitter_entities><objectType>activity</objectType><platform>twitter</platform><posted_date>2012-03-28</posted_date><followers>122</followers><statuses>2127</statuses><region>N.A.</region></marklogic>