<?xml version="1.0" encoding="UTF-8"?>
<marklogic><id>tag:search.twitter.com,2005:185040031101108225</id><type>P</type><type>P</type><body><product_name company="Johnson - Johnson">Benadryl</product_name> for <adverse_event>Coughing</adverse_event> for toddlers http://t.co/3nsHS56x</body><verb>post</verb><link>http://twitter.com/qupalovijufu/statuses/185040031101108225</link><generator><link>http://twitter.com</link><displayName>web</displayName></generator><postedTime>2012-03-28T16:25:55.000Z</postedTime><provider><link>http://www.twitter.com</link><displayName>Twitter</displayName><objectType>service</objectType></provider><object><summary>benadryl for coughing for toddlers http://t.co/3nsHS56x</summary><id>object:search.twitter.com,2005:185040031101108225</id><link>http://twitter.com/qupalovijufu/statuses/185040031101108225</link><postedTime>2012-03-28T16:25:55.000Z</postedTime><objectType>note</objectType></object><actor><summary>scathed and creative - true. astonished and curious - may be.&#13;</summary><twitterTimeZone/><friendsCount>36</friendsCount><location><displayName>IL&#13;</displayName><objectType>place</objectType></location><link>http://www.twitter.com/qupalovijufu</link><postedTime>2012-02-08T04:14:57.000Z</postedTime><image>http://a0.twimg.com/profile_images/1814553391/479_normal.gif</image><links><links><rel>me</rel><href/></links></links><listedCount>0</listedCount><id>id:twitter.com:486293476</id><languages><languages>es</languages></languages><utcOffset/><followersCount>7</followersCount><preferredUsername>qupalovijufu</preferredUsername><displayName>drawy</displayName><statusesCount>80</statusesCount><objectType>person</objectType></actor><twitter_entities><hashtags/><user_mentions/><urls><urls><indices><indices>35</indices><indices>55</indices></indices><expanded_url>http://benadryl-for-coughing-for-toddlers.cheapillsshop.com</expanded_url><display_url>…ughing-for-toddlers.cheapillsshop.com</display_url><url>http://t.co/3nsHS56x</url></urls></urls></twitter_entities><objectType>activity</objectType><platform>twitter</platform><posted_date>2012-03-28</posted_date><followers>7</followers><statuses>80</statuses><region>N.A.</region></marklogic>