<?xml version="1.0" encoding="UTF-8"?>
<marklogic><id>tag:search.twitter.com,2005:185080630286094337</id><type>P</type><type>P</type><inReplyTo><link>http://twitter.com/FuckYeahGlenn/statuses/185076630954315776</link></inReplyTo><body>@FuckYeahGlenn they do that at a lot of trendy "<product_name company="Unilever">Comfort</product_name> food" <adverse_event>Spots</adverse_event>, don't knock it till you try it</body><verb>post</verb><link>http://twitter.com/killaka5/statuses/185080630286094337</link><generator><link>http://www.echofon.com/</link><displayName>Echofon</displayName></generator><postedTime>2012-03-28T19:07:15.000Z</postedTime><provider><link>http://www.twitter.com</link><displayName>Twitter</displayName><objectType>service</objectType></provider><object><summary>@FuckYeahGlenn they do that at a lot of trendy "comfort food" spots, don't knock it till you try it</summary><id>object:search.twitter.com,2005:185080630286094337</id><link>http://twitter.com/killaka5/statuses/185080630286094337</link><postedTime>2012-03-28T19:07:15.000Z</postedTime><objectType>note</objectType></object><actor><summary>im a dj.&#13;
i live in miami. &#13;
nicaraguan.&#13;
#nt ca5perrr.&#13;
music consultant to the less enlighten. &#13;
&#13;
</summary><twitterTimeZone>Central Time (US &amp; Canada)</twitterTimeZone><friendsCount>516</friendsCount><location><displayName>miami. nicaragua. texas.</displayName><objectType>place</objectType></location><link>http://www.twitter.com/killaka5</link><postedTime>2009-03-23T22:36:04.000Z</postedTime><image>http://a0.twimg.com/profile_images/1839902816/90851File750_normal.jpg</image><links><links><rel>me</rel><href>http://www.facebook.com/djkillaka5</href></links></links><listedCount>17</listedCount><id>id:twitter.com:26108751</id><languages><languages>en</languages></languages><utcOffset>-21600</utcOffset><followersCount>741</followersCount><preferredUsername>killaka5</preferredUsername><displayName>killaka5 (killa-kas)</displayName><statusesCount>20717</statusesCount><objectType>person</objectType></actor><twitter_entities><hashtags/><urls/><user_mentions><user_mentions><indices><indices>0</indices><indices>14</indices></indices><id_str>33557132</id_str><name>Aldous Snow</name><id>33557132</id><screen_name>FuckYeahGlenn</screen_name></user_mentions></user_mentions></twitter_entities><objectType>activity</objectType><platform>twitter</platform><posted_date>2012-03-28</posted_date><followers>741</followers><statuses>20717</statuses><region>Central</region></marklogic>