<?xml version="1.0" encoding="UTF-8"?>
<marklogic><id>tag:search.twitter.com,2005:185032980186673152</id><type>P</type><type>P</type><body><product_name company="GlaxoSmithKline">Zovirax</product_name> <adverse_event>Cold</adverse_event> sore cream nz http://t.co/SesgAXkL</body><verb>post</verb><link>http://twitter.com/palacycagyj/statuses/185032980186673152</link><generator><link>http://twitter.com</link><displayName>web</displayName></generator><postedTime>2012-03-28T15:57:54.000Z</postedTime><provider><link>http://www.twitter.com</link><displayName>Twitter</displayName><objectType>service</objectType></provider><object><summary>zovirax cold sore cream nz http://t.co/SesgAXkL</summary><id>object:search.twitter.com,2005:185032980186673152</id><link>http://twitter.com/palacycagyj/statuses/185032980186673152</link><postedTime>2012-03-28T15:57:54.000Z</postedTime><objectType>note</objectType></object><actor><summary>My favorite artists - The Psychedelic Furs and Bob Dylan. About me:dissident, contrast and comparison.&#13;</summary><twitterTimeZone/><friendsCount>37</friendsCount><location><displayName>United States</displayName><objectType>place</objectType></location><link>http://www.twitter.com/palacycagyj</link><postedTime>2012-02-06T21:39:43.000Z</postedTime><image>http://a0.twimg.com/profile_images/1812653299/1442_normal.gif</image><links><links><rel>me</rel><href/></links></links><listedCount>0</listedCount><id>id:twitter.com:485137869</id><languages><languages>hi</languages></languages><utcOffset/><followersCount>11</followersCount><preferredUsername>palacycagyj</preferredUsername><displayName>helmbright</displayName><statusesCount>157</statusesCount><objectType>person</objectType></actor><twitter_entities><hashtags/><user_mentions/><urls><urls><indices><indices>27</indices><indices>47</indices></indices><expanded_url>http://zovirax-cold-sore-cream-nz.cheapillsshop.com</expanded_url><display_url>…-cold-sore-cream-nz.cheapillsshop.com</display_url><url>http://t.co/SesgAXkL</url></urls></urls></twitter_entities><objectType>activity</objectType><platform>twitter</platform><posted_date>2012-03-28</posted_date><followers>11</followers><statuses>157</statuses><region>N.A.</region></marklogic>