<?xml version="1.0" encoding="UTF-8"?>
<marklogic><id>tag:search.twitter.com,2005:185081523802882048</id><type>P</type><type>P</type><body><adverse_event>Headaches</adverse_event> fucking suck. Nothing helps for me except coffee or <product_name company="Coca Cola">Coke</product_name>. Fuck.</body><verb>post</verb><link>http://twitter.com/EvanCato/statuses/185081523802882048</link><generator><link>http://twitter.com/download/android</link><displayName>Twitter for Android</displayName></generator><postedTime>2012-03-28T19:10:48.000Z</postedTime><provider><link>http://www.twitter.com</link><displayName>Twitter</displayName><objectType>service</objectType></provider><object><summary>Headaches fucking suck. Nothing helps for me except coffee or coke. Fuck.</summary><id>object:search.twitter.com,2005:185081523802882048</id><link>http://twitter.com/EvanCato/statuses/185081523802882048</link><postedTime>2012-03-28T19:10:48.000Z</postedTime><objectType>note</objectType></object><actor><summary>Pothead. &#13;
Elaborate thoughts. &#13;
Fuck you.</summary><twitterTimeZone>Central Time (US &amp; Canada)</twitterTimeZone><friendsCount>171</friendsCount><location><displayName>Cloud 9.</displayName><objectType>place</objectType></location><link>http://www.twitter.com/EvanCato</link><postedTime>2010-07-11T18:11:32.000Z</postedTime><image>http://a0.twimg.com/profile_images/1891954477/4BDTugdI_normal</image><links><links><rel>me</rel><href>http://www.youtube.com/skuhnked</href></links></links><listedCount>1</listedCount><id>id:twitter.com:165484475</id><languages><languages>en</languages></languages><utcOffset>-21600</utcOffset><followersCount>70</followersCount><preferredUsername>EvanCato</preferredUsername><displayName>Evan Cato</displayName><statusesCount>4539</statusesCount><objectType>person</objectType></actor><twitter_entities><hashtags/><user_mentions/><urls/></twitter_entities><objectType>activity</objectType><platform>twitter</platform><posted_date>2012-03-28</posted_date><followers>70</followers><statuses>4539</statuses><region>Central</region></marklogic>