<?xml version="1.0" encoding="UTF-8"?>
<marklogic><id>tag:search.twitter.com,2005:185037336730550273</id><type>P</type><type>P</type><body><product_name company="Johnson - Johnson">Bebe</product_name> Heart has slight <adverse_event>Fever</adverse_event> because of her DPT shot. Get well soon my little human..♥</body><verb>post</verb><link>http://twitter.com/ohsheshot/statuses/185037336730550273</link><generator><link>http://ubersocial.com</link><displayName>UberSocial for BlackBerry</displayName></generator><postedTime>2012-03-28T16:15:13.000Z</postedTime><provider><link>http://www.twitter.com</link><displayName>Twitter</displayName><objectType>service</objectType></provider><object><summary>Bebe Heart has slight fever because of her DPT shot. Get well soon my little human..♥</summary><id>object:search.twitter.com,2005:185037336730550273</id><link>http://twitter.com/ohsheshot/statuses/185037336730550273</link><postedTime>2012-03-28T16:15:13.000Z</postedTime><objectType>note</objectType></object><actor><summary>Alpha female. Other woman. Believer. I bleed Blue.</summary><twitterTimeZone>Alaska</twitterTimeZone><friendsCount>197</friendsCount><location><displayName>Makati City, Philippines</displayName><objectType>place</objectType></location><link>http://www.twitter.com/ohsheshot</link><postedTime>2009-09-05T06:41:20.000Z</postedTime><image>http://a0.twimg.com/profile_images/1868384489/2ce6971028a811e1abb01231381b65e3_7_normal.jpg</image><links><links><rel>me</rel><href>http://www.facebook.com/wowsheshot</href></links></links><listedCount>11</listedCount><id>id:twitter.com:71745054</id><languages><languages>en</languages></languages><utcOffset>-32400</utcOffset><followersCount>271</followersCount><preferredUsername>ohsheshot</preferredUsername><displayName>Terryl Garcia</displayName><statusesCount>14080</statusesCount><objectType>person</objectType></actor><twitter_entities><hashtags/><user_mentions/><urls/></twitter_entities><objectType>activity</objectType><platform>twitter</platform><posted_date>2012-03-28</posted_date><followers>271</followers><statuses>14080</statuses><region>Alaska</region></marklogic>