<?xml version="1.0" encoding="UTF-8"?>
<marklogic><id>tag:search.twitter.com,2005:185062962258649088</id><type>P</type><type>P</type><inReplyTo><link>http://twitter.com/Neshiawatchme/statuses/185061579606335489</link></inReplyTo><body>@Neshiawatchme bring some soup, a hot tody, vix vapor rub, some movies, <adverse_event>Cough</adverse_event> drops, some <product_name company="Kimberly Clark">Kleenex</product_name>, a thermometer, &amp; tender love and care lol</body><verb>post</verb><link>http://twitter.com/YungBruceWayne/statuses/185062962258649088</link><generator><link>http://www.echofon.com/</link><displayName>Echofon</displayName></generator><postedTime>2012-03-28T17:57:03.000Z</postedTime><provider><link>http://www.twitter.com</link><displayName>Twitter</displayName><objectType>service</objectType></provider><object><summary>@Neshiawatchme bring some soup, a hot tody, vix vapor rub, some movies, cough drops, some kleenex, a thermometer, &amp; tender love and care lol</summary><id>object:search.twitter.com,2005:185062962258649088</id><link>http://twitter.com/YungBruceWayne/statuses/185062962258649088</link><postedTime>2012-03-28T17:57:03.000Z</postedTime><objectType>note</objectType></object><actor><summary>Many people think it, I just had the balls to say it! 
 ï¿½\_(ツ)_/ï¿½</summary><twitterTimeZone>Central Time (US &amp; Canada)</twitterTimeZone><friendsCount>435</friendsCount><location><displayName>#TeamEMU </displayName><objectType>place</objectType></location><link>http://www.twitter.com/YungBruceWayne</link><postedTime>2009-04-28T15:35:48.000Z</postedTime><image>http://a0.twimg.com/profile_images/1964497119/YungBruceWayne_normal.jpg</image><links><links><rel>me</rel><href>http://www.facebook.com/home.php?%25252523!/mike.jeff1</href></links></links><listedCount>6</listedCount><id>id:twitter.com:36095468</id><languages><languages>en</languages></languages><utcOffset>-21600</utcOffset><followersCount>612</followersCount><preferredUsername>YungBruceWayne</preferredUsername><displayName>Mike Jeff </displayName><statusesCount>30202</statusesCount><objectType>person</objectType></actor><twitter_entities><hashtags/><urls/><user_mentions><user_mentions><indices><indices>0</indices><indices>14</indices></indices><id_str>61280550</id_str><name>Nesh Nesh</name><id>61280550</id><screen_name>Neshiawatchme</screen_name></user_mentions></user_mentions></twitter_entities><objectType>activity</objectType><platform>twitter</platform><posted_date>2012-03-28</posted_date><followers>612</followers><statuses>30202</statuses><region>Central</region></marklogic>