<?xml version="1.0" encoding="UTF-8"?>
<marklogic><id>tag:search.twitter.com,2005:185057713150103554</id><type>P</type><type>P</type><body>No lie this <product_name company="Hersheys">Reese's</product_name> hit the <adverse_event>Spot</adverse_event></body><verb>post</verb><link>http://twitter.com/WE_MISS_U_TROY/statuses/185057713150103554</link><generator><link>http://twitter.com/#!/download/iphone</link><displayName>Twitter for iPhone</displayName></generator><postedTime>2012-03-28T17:36:11.000Z</postedTime><provider><link>http://www.twitter.com</link><displayName>Twitter</displayName><objectType>service</objectType></provider><object><summary>No lie this Reese's hit the spot</summary><id>object:search.twitter.com,2005:185057713150103554</id><link>http://twitter.com/WE_MISS_U_TROY/statuses/185057713150103554</link><postedTime>2012-03-28T17:36:11.000Z</postedTime><objectType>note</objectType></object><actor><summary>TEAM TROY WILDEND WE OUT HERE!?</summary><twitterTimeZone>Arizona</twitterTimeZone><friendsCount>79</friendsCount><location><displayName>Cabrini Green</displayName><objectType>place</objectType></location><link>http://www.twitter.com/WE_MISS_U_TROY</link><postedTime>2010-11-12T07:58:34.000Z</postedTime><image>http://a0.twimg.com/profile_images/1874106498/securedownload_normal.jpg</image><links><links><rel>me</rel><href/></links></links><listedCount>0</listedCount><id>id:twitter.com:214802315</id><languages><languages>en</languages></languages><utcOffset>-25200</utcOffset><followersCount>86</followersCount><preferredUsername>WE_MISS_U_TROY</preferredUsername><displayName>Kimaley Shed</displayName><statusesCount>508</statusesCount><objectType>person</objectType></actor><twitter_entities><hashtags/><urls/><user_mentions/></twitter_entities><objectType>activity</objectType><platform>twitter</platform><posted_date>2012-03-28</posted_date><followers>86</followers><statuses>508</statuses><region>Arizona</region></marklogic>