<?xml version="1.0" encoding="UTF-8"?>
<marklogic><id>tag:search.twitter.com,2005:185077135294210049</id><type>P</type><type>P</type><body>Lets talk about how that little can of <product_name company="P&amp;G">Pringles</product_name> hit the <adverse_event>Spot</adverse_event> like that</body><verb>post</verb><link>http://twitter.com/blackbeauty322/statuses/185077135294210049</link><generator><link>http://twitter.com/#!/download/iphone</link><displayName>Twitter for iPhone</displayName></generator><postedTime>2012-03-28T18:53:22.000Z</postedTime><provider><link>http://www.twitter.com</link><displayName>Twitter</displayName><objectType>service</objectType></provider><object><summary>Lets talk about how that little can of Pringles hit the spot like that</summary><id>object:search.twitter.com,2005:185077135294210049</id><link>http://twitter.com/blackbeauty322/statuses/185077135294210049</link><postedTime>2012-03-28T18:53:22.000Z</postedTime><objectType>note</objectType></object><actor><summary/><twitterTimeZone>Central Time (US &amp; Canada)</twitterTimeZone><friendsCount>184</friendsCount><location><displayName>in my world</displayName><objectType>place</objectType></location><link>http://www.twitter.com/blackbeauty322</link><postedTime>2009-11-18T19:11:54.000Z</postedTime><image>http://a0.twimg.com/profile_images/1864114363/image_normal.jpg</image><links><links><rel>me</rel><href/></links></links><listedCount>0</listedCount><id>id:twitter.com:90936401</id><languages><languages>en</languages></languages><utcOffset>-21600</utcOffset><followersCount>141</followersCount><preferredUsername>blackbeauty322</preferredUsername><displayName>Renata D</displayName><statusesCount>4689</statusesCount><objectType>person</objectType></actor><twitter_entities><hashtags/><user_mentions/><urls/></twitter_entities><objectType>activity</objectType><platform>twitter</platform><posted_date>2012-03-28</posted_date><followers>141</followers><statuses>4689</statuses><region>Central</region></marklogic>