<?xml version="1.0" encoding="UTF-8"?>
<marklogic><id>tag:search.twitter.com,2005:185054863703547904</id><type>P</type><type>P</type><inReplyTo><link>http://twitter.com/movementadams/statuses/185053564157173760</link></inReplyTo><body>@movementadams haha aww bless u dw  your <adverse_event>Burn</adverse_event> it <product_name company="SC Johnson">Off</product_name> chasing after them girls on Friday! Lol #wintercoat What pub u going to?</body><verb>post</verb><link>http://twitter.com/JodieJodiex/statuses/185054863703547904</link><generator><link>http://twitter.com/#!/download/iphone</link><displayName>Twitter for iPhone</displayName></generator><postedTime>2012-03-28T17:24:52.000Z</postedTime><provider><link>http://www.twitter.com</link><displayName>Twitter</displayName><objectType>service</objectType></provider><object><summary>@movementadams haha aww bless u dw Scott your burn it off chasing after them girls on Friday! Lol #wintercoat What pub u going to?</summary><id>object:search.twitter.com,2005:185054863703547904</id><link>http://twitter.com/JodieJodiex/statuses/185054863703547904</link><postedTime>2012-03-28T17:24:52.000Z</postedTime><objectType>note</objectType></object><actor><summary/><twitterTimeZone/><friendsCount>86</friendsCount><location><displayName>Ashford, Middlesex.</displayName><objectType>place</objectType></location><link>http://www.twitter.com/JodieJodiex</link><postedTime>2012-01-28T17:51:36.000Z</postedTime><image>http://a0.twimg.com/profile_images/1978387563/image_normal.jpg</image><links><links><rel>me</rel><href/></links></links><listedCount>0</listedCount><id>id:twitter.com:476965260</id><languages><languages>en</languages></languages><utcOffset/><followersCount>54</followersCount><preferredUsername>JodieJodiex</preferredUsername><displayName>Miss Jodie Nicholson</displayName><statusesCount>156</statusesCount><objectType>person</objectType></actor><twitter_entities><hashtags><hashtags><text>wintercoat</text><indices><indices>98</indices><indices>109</indices></indices></hashtags></hashtags><user_mentions><user_mentions><indices><indices>0</indices><indices>14</indices></indices><name>scott adams</name><id_str>321549192</id_str><id>321549192</id><screen_name>movementadams</screen_name></user_mentions></user_mentions><urls/></twitter_entities><objectType>activity</objectType><platform>twitter</platform><posted_date>2012-03-28</posted_date><followers>54</followers><statuses>156</statuses><region>N.A.</region></marklogic>