<?xml version="1.0" encoding="UTF-8"?>
<marklogic><id>tag:search.twitter.com,2005:185075426903855104</id><type>P</type><type>P</type><inReplyTo><link>http://twitter.com/Poison_Ivory/statuses/185073960969445376</link></inReplyTo><body>@Poison_<product_name company="P&amp;G">Ivory</product_name> ☺aww don't make me <adverse_event>Blush</adverse_event>! We're all beasts for real!</body><verb>post</verb><link>http://twitter.com/leilah_d/statuses/185075426903855104</link><generator><link>http://www.echofon.com/</link><displayName>Echofon</displayName></generator><postedTime>2012-03-28T18:46:34.000Z</postedTime><provider><link>http://www.twitter.com</link><displayName>Twitter</displayName><objectType>service</objectType></provider><object><summary>@Poison_Ivory ☺aww don't make me blush! We're all beasts for real!</summary><id>object:search.twitter.com,2005:185075426903855104</id><link>http://twitter.com/leilah_d/statuses/185075426903855104</link><postedTime>2012-03-28T18:46:34.000Z</postedTime><objectType>note</objectType></object><actor><summary>Blah, blah, blah. </summary><twitterTimeZone>Eastern Time (US &amp; Canada)</twitterTimeZone><friendsCount>340</friendsCount><location><displayName>Chicago/Atlanta</displayName><objectType>place</objectType></location><link>http://www.twitter.com/leilah_d</link><postedTime>2009-11-06T17:23:45.000Z</postedTime><image>http://a0.twimg.com/profile_images/1823117818/leilah_d_normal.jpg</image><links><links><rel>me</rel><href/></links></links><listedCount>4</listedCount><id>id:twitter.com:87987661</id><languages><languages>en</languages></languages><utcOffset>-18000</utcOffset><followersCount>377</followersCount><preferredUsername>leilah_d</preferredUsername><displayName>Leilah </displayName><statusesCount>11715</statusesCount><objectType>person</objectType></actor><twitter_entities><hashtags/><urls/><user_mentions><user_mentions><indices><indices>0</indices><indices>13</indices></indices><id_str>64439855</id_str><name>IM</name><id>64439855</id><screen_name>Poison_Ivory</screen_name></user_mentions></user_mentions></twitter_entities><objectType>activity</objectType><platform>twitter</platform><posted_date>2012-03-28</posted_date><followers>377</followers><statuses>11715</statuses><region>Eastern</region></marklogic>