<?xml version="1.0" encoding="UTF-8"?>
<marklogic><id>tag:search.twitter.com,2005:185064149842276352</id><type>P</type><type>P</type><body><adverse_event>Flu</adverse_event> <product_name company="Johnson - Johnson">Tylenol</product_name> children http://t.co/5fJ18NHg</body><verb>post</verb><link>http://twitter.com/kadodunuz/statuses/185064149842276352</link><generator><link>http://twitter.com</link><displayName>web</displayName></generator><postedTime>2012-03-28T18:01:46.000Z</postedTime><provider><link>http://www.twitter.com</link><displayName>Twitter</displayName><objectType>service</objectType></provider><object><summary>flu tylenol children http://t.co/5fJ18NHg</summary><id>object:search.twitter.com,2005:185064149842276352</id><link>http://twitter.com/kadodunuz/statuses/185064149842276352</link><postedTime>2012-03-28T18:01:46.000Z</postedTime><objectType>note</objectType></object><actor><summary/><twitterTimeZone/><friendsCount>115</friendsCount><link>http://www.twitter.com/kadodunuz</link><postedTime>2011-12-04T22:24:41.000Z</postedTime><image>http://a0.twimg.com/sticky/default_profile_images/default_profile_5_normal.png</image><links><links><rel>me</rel><href/></links></links><listedCount>0</listedCount><id>id:twitter.com:428556448</id><languages><languages>ja</languages></languages><utcOffset/><followersCount>29</followersCount><preferredUsername>kadodunuz</preferredUsername><displayName>Natyfy Recivy</displayName><statusesCount>453</statusesCount><objectType>person</objectType></actor><twitter_entities><hashtags/><user_mentions/><urls><urls><indices><indices>21</indices><indices>41</indices></indices><expanded_url>http://flu-tylenol-children.cheapillsshop.com</expanded_url><display_url>flu-tylenol-children.cheapillsshop.com</display_url><url>http://t.co/5fJ18NHg</url></urls></urls></twitter_entities><objectType>activity</objectType><platform>twitter</platform><posted_date>2012-03-28</posted_date><followers>29</followers><statuses>453</statuses><region>N.A.</region></marklogic>