<?xml version="1.0" encoding="UTF-8"?>
<marklogic><id>tag:search.twitter.com,2005:185080292787240961</id><type>P</type><type>P</type><body>Stuffed Bell Peppers with Quinoa: 
Rainy days encourages me to dine <product_name company="Unilever">Comfort</product_name> food. Usually, ramen hits the <adverse_event>Spot</adverse_event> b... http://t.co/NBBuxmIy</body><verb>post</verb><link>http://twitter.com/anewdoan/statuses/185080292787240961</link><generator><link>http://twitterfeed.com</link><displayName>twitterfeed</displayName></generator><postedTime>2012-03-28T19:05:55.000Z</postedTime><provider><link>http://www.twitter.com</link><displayName>Twitter</displayName><objectType>service</objectType></provider><object><summary>Stuffed Bell Peppers with Quinoa: 
Rainy days encourages me to dine comfort food. Usually, ramen hits the spot b... http://t.co/NBBuxmIy</summary><id>object:search.twitter.com,2005:185080292787240961</id><link>http://twitter.com/anewdoan/statuses/185080292787240961</link><postedTime>2012-03-28T19:05:55.000Z</postedTime><objectType>note</objectType></object><actor><summary/><twitterTimeZone>Pacific Time (US &amp; Canada)</twitterTimeZone><friendsCount>0</friendsCount><location><displayName>Los Angeles</displayName><objectType>place</objectType></location><link>http://www.twitter.com/anewdoan</link><postedTime>2011-11-09T06:42:08.000Z</postedTime><image>http://a0.twimg.com/profile_images/1641531434/101911d-1_normal.JPG</image><links><links><rel>me</rel><href>http://anewdoan.wordpress.com</href></links></links><listedCount>0</listedCount><id>id:twitter.com:408279701</id><languages><languages>en</languages></languages><utcOffset>-28800</utcOffset><followersCount>2</followersCount><preferredUsername>anewdoan</preferredUsername><displayName>Doan Duong</displayName><statusesCount>25</statusesCount><objectType>person</objectType></actor><twitter_entities><hashtags/><user_mentions/><urls><urls><indices><indices>116</indices><indices>136</indices></indices><expanded_url>http://bit.ly/Hey7NY</expanded_url><display_url>bit.ly/Hey7NY</display_url><url>http://t.co/NBBuxmIy</url></urls></urls></twitter_entities><objectType>activity</objectType><platform>twitter</platform><posted_date>2012-03-28</posted_date><followers>2</followers><statuses>25</statuses><region>Pacific</region></marklogic>