<?xml version="1.0" encoding="UTF-8"?>
<marklogic><id>tag:search.twitter.com,2005:185060496641232896</id><type>P</type><type>P</type><body>Gente, o <adverse_event>Blush</adverse_event> da <product_name company="L'Oreal">Maybelline</product_name> tá 3 dolares! Que isso...</body><verb>post</verb><link>http://twitter.com/HoroscopoVoraz/statuses/185060496641232896</link><generator><link>http://twitter.com</link><displayName>web</displayName></generator><postedTime>2012-03-28T17:47:15.000Z</postedTime><provider><link>http://www.twitter.com</link><displayName>Twitter</displayName><objectType>service</objectType></provider><object><summary>Gente, o blush da maybelline tá 3 dolares! Que isso...</summary><id>object:search.twitter.com,2005:185060496641232896</id><link>http://twitter.com/HoroscopoVoraz/statuses/185060496641232896</link><postedTime>2012-03-28T17:47:15.000Z</postedTime><objectType>note</objectType></object><actor><summary>Criado em 17/2 com a função de entreter os tributos com o Horoscopo Voraz!</summary><twitterTimeZone/><friendsCount>121</friendsCount><link>http://www.twitter.com/HoroscopoVoraz</link><postedTime>2012-02-17T14:12:22.000Z</postedTime><image>http://a0.twimg.com/profile_images/1956861666/cato1_normal.jpg</image><links><links><rel>me</rel><href>http://tribute-katniss.tumblr.com</href></links></links><listedCount>0</listedCount><id>id:twitter.com:495012981</id><languages><languages>pt</languages></languages><utcOffset/><followersCount>396</followersCount><preferredUsername>HoroscopoVoraz</preferredUsername><displayName>Horoscopo Voraz</displayName><statusesCount>1147</statusesCount><objectType>person</objectType></actor><twitter_entities><hashtags/><urls/><user_mentions/></twitter_entities><objectType>activity</objectType><platform>twitter</platform><posted_date>2012-03-28</posted_date><followers>396</followers><statuses>1147</statuses><region>N.A.</region></marklogic>