<?xml version="1.0" encoding="UTF-8"?>
<marklogic><id>tag:search.twitter.com,2005:185053428987346944</id><type>P</type><type>P</type><inReplyTo><link>http://twitter.com/spenserbalog/statuses/185052513593073664</link></inReplyTo><body>@spenserbalog dude, i dont know about that.... <product_name company="N.A.">PEPSI</product_name> COLA HITS THE <adverse_event>SPOT</adverse_event> http://t.co/OPKkgzbj</body><verb>post</verb><link>http://twitter.com/Bel_Air_Jeff/statuses/185053428987346944</link><generator><link>http://twitter.com</link><displayName>web</displayName></generator><postedTime>2012-03-28T17:19:10.000Z</postedTime><provider><link>http://www.twitter.com</link><displayName>Twitter</displayName><objectType>service</objectType></provider><object><summary>@spenserbalog dude, i dont know about that.... PEPSI COLA HITS THE SPOT http://t.co/OPKkgzbj</summary><id>object:search.twitter.com,2005:185053428987346944</id><link>http://twitter.com/Bel_Air_Jeff/statuses/185053428987346944</link><postedTime>2012-03-28T17:19:10.000Z</postedTime><objectType>note</objectType></object><actor><summary>DOGCORE // BATTLE ZONE // 2000 // BEL AIR // SNO-BALLZ // LOVE // DEATH // YOUTH // CHEMISTRY // THE END OF ME // EVERYTHING WILL BE OKAY</summary><twitterTimeZone>Eastern Time (US &amp; Canada)</twitterTimeZone><friendsCount>98</friendsCount><link>http://www.twitter.com/Bel_Air_Jeff</link><postedTime>2012-03-24T06:47:06.000Z</postedTime><image>http://a0.twimg.com/profile_images/1943537412/426873_10150612520892775_568012774_9460092_1420244608_n_normal.jpg</image><links><links><rel>me</rel><href/></links></links><listedCount>0</listedCount><id>id:twitter.com:535079495</id><languages><languages>en</languages></languages><utcOffset>-18000</utcOffset><followersCount>61</followersCount><preferredUsername>Bel_Air_Jeff</preferredUsername><displayName>Jeff Koplovitz</displayName><statusesCount>194</statusesCount><objectType>person</objectType></actor><twitter_entities><hashtags/><urls><urls><indices><indices>72</indices><indices>92</indices></indices><expanded_url>http://www.cardcow.com/images/set325/card00812_fr.jpg</expanded_url><display_url>cardcow.com/images/set325/…</display_url><url>http://t.co/OPKkgzbj</url></urls></urls><user_mentions><user_mentions><indices><indices>0</indices><indices>13</indices></indices><id_str>96376764</id_str><name>Spenser Balog</name><id>96376764</id><screen_name>spenserbalog</screen_name></user_mentions></user_mentions></twitter_entities><objectType>activity</objectType><platform>twitter</platform><posted_date>2012-03-28</posted_date><followers>61</followers><statuses>194</statuses><region>Eastern</region></marklogic>