<?xml version="1.0" encoding="UTF-8"?>
<marklogic><id>tag:search.twitter.com,2005:185056076775952384</id><type>P</type><type>P</type><body><adverse_event>Cold</adverse_event> medicine: $12. <product_name company="Kimberly Clark">Kleenex</product_name>: $3. Unsolicited kisses from <adverse_event>Runny-nosed</adverse_event> grandbabies? #priceless</body><verb>post</verb><link>http://twitter.com/RaiseHisPraise/statuses/185056076775952384</link><generator><link>http://twitter.com/devices</link><displayName>txt</displayName></generator><postedTime>2012-03-28T17:29:41.000Z</postedTime><provider><link>http://www.twitter.com</link><displayName>Twitter</displayName><objectType>service</objectType></provider><object><summary>Cold medicine: $12. Kleenex: $3. Unsolicited kisses from runny-nosed grandbabies? #priceless</summary><id>object:search.twitter.com,2005:185056076775952384</id><link>http://twitter.com/RaiseHisPraise/statuses/185056076775952384</link><postedTime>2012-03-28T17:29:41.000Z</postedTime><objectType>note</objectType></object><actor><summary/><twitterTimeZone>Eastern Time (US &amp; Canada)</twitterTimeZone><friendsCount>96</friendsCount><location><displayName>Apollo Beach, USA</displayName><objectType>place</objectType></location><link>http://www.twitter.com/RaiseHisPraise</link><postedTime>2009-03-29T21:53:25.000Z</postedTime><image>http://a0.twimg.com/profile_images/1771056081/Dana_Avatar_Thumbnail_normal.jpg</image><links><links><rel>me</rel><href/></links></links><listedCount>2</listedCount><id>id:twitter.com:27513580</id><languages><languages>en</languages></languages><utcOffset>-18000</utcOffset><followersCount>72</followersCount><preferredUsername>RaiseHisPraise</preferredUsername><displayName>Dana Louise</displayName><statusesCount>994</statusesCount><objectType>person</objectType></actor><twitter_entities><hashtags><hashtags><text>priceless</text><indices><indices>82</indices><indices>92</indices></indices></hashtags></hashtags><user_mentions/><urls/></twitter_entities><objectType>activity</objectType><platform>twitter</platform><posted_date>2012-03-28</posted_date><followers>72</followers><statuses>994</statuses><region>Eastern</region></marklogic>