<?xml version="1.0" encoding="UTF-8"?>
<marklogic><id>tag:search.twitter.com,2005:185041404702105601</id><type>P</type><type>P</type><body><product_name company="Johnson - Johnson">Tylenol</product_name> or ibuprofen for <adverse_event>Headache</adverse_event> http://t.co/5LAcLGyC</body><verb>post</verb><link>http://twitter.com/tilyjedakeb/statuses/185041404702105601</link><generator><link>http://twitter.com</link><displayName>web</displayName></generator><postedTime>2012-03-28T16:31:23.000Z</postedTime><provider><link>http://www.twitter.com</link><displayName>Twitter</displayName><objectType>service</objectType></provider><object><summary>tylenol or ibuprofen for headache http://t.co/5LAcLGyC</summary><id>object:search.twitter.com,2005:185041404702105601</id><link>http://twitter.com/tilyjedakeb/statuses/185041404702105601</link><postedTime>2012-03-28T16:31:23.000Z</postedTime><objectType>note</objectType></object><actor><summary>She think i'm connection and interdependence. But I'm persnickety and loath.&#13;</summary><twitterTimeZone/><friendsCount>24</friendsCount><location><displayName>WA&#13;</displayName><objectType>place</objectType></location><link>http://www.twitter.com/tilyjedakeb</link><postedTime>2012-02-11T12:10:23.000Z</postedTime><image>http://a0.twimg.com/profile_images/1821287770/775_normal.gif</image><links><links><rel>me</rel><href/></links></links><listedCount>0</listedCount><id>id:twitter.com:489319719</id><languages><languages>msa</languages></languages><utcOffset/><followersCount>8</followersCount><preferredUsername>tilyjedakeb</preferredUsername><displayName>huguet</displayName><statusesCount>80</statusesCount><objectType>person</objectType></actor><twitter_entities><hashtags/><user_mentions/><urls><urls><indices><indices>34</indices><indices>54</indices></indices><expanded_url>http://tylenol-or-ibuprofen-for-headache.cheapillsshop.com</expanded_url><display_url>…profen-for-headache.cheapillsshop.com</display_url><url>http://t.co/5LAcLGyC</url></urls></urls></twitter_entities><objectType>activity</objectType><platform>twitter</platform><posted_date>2012-03-28</posted_date><followers>8</followers><statuses>80</statuses><region>N.A.</region></marklogic>