<?xml version="1.0" encoding="UTF-8"?>
<marklogic><id>tag:search.twitter.com,2005:185042170032553984</id><type>P</type><type>P</type><body>See <adverse_event>Spot</adverse_event>  at National Dog  Competition #<product_name company="N.A.">Surfing</product_name> http://t.co/sNYFkQEO</body><verb>post</verb><link>http://twitter.com/Celenaujnwv/statuses/185042170032553984</link><generator><link>http://twitter.com</link><displayName>web</displayName></generator><postedTime>2012-03-28T16:34:25.000Z</postedTime><provider><link>http://www.twitter.com</link><displayName>Twitter</displayName><objectType>service</objectType></provider><object><summary>See Spot Surf at National Dog Surfing Competition #surfing http://t.co/sNYFkQEO</summary><id>object:search.twitter.com,2005:185042170032553984</id><link>http://twitter.com/Celenaujnwv/statuses/185042170032553984</link><postedTime>2012-03-28T16:34:25.000Z</postedTime><objectType>note</objectType></object><actor><summary>The Happiest People Don't Have the Best of Everything ............ They Just Make the Best of Everything they Have!!!</summary><twitterTimeZone/><friendsCount>20</friendsCount><location><displayName>Chicago</displayName><objectType>place</objectType></location><link>http://www.twitter.com/Celenaujnwv</link><postedTime>2011-05-20T07:15:02.000Z</postedTime><image>http://a0.twimg.com/profile_images/1361893051/pwjbdm55nu_133347322-2_normal.jpg</image><links><links><rel>me</rel><href/></links></links><listedCount>0</listedCount><id>id:twitter.com:301885641</id><languages><languages>en</languages></languages><utcOffset/><followersCount>25</followersCount><preferredUsername>Celenaujnwv</preferredUsername><displayName>Celena Fought</displayName><statusesCount>177</statusesCount><objectType>person</objectType></actor><twitter_entities><hashtags><hashtags><text>surfing</text><indices><indices>50</indices><indices>58</indices></indices></hashtags></hashtags><user_mentions/><urls><urls><indices><indices>59</indices><indices>79</indices></indices><expanded_url>http://tinyurl.com/cphktzh</expanded_url><display_url>tinyurl.com/cphktzh</display_url><url>http://t.co/sNYFkQEO</url></urls></urls></twitter_entities><objectType>activity</objectType><platform>twitter</platform><posted_date>2012-03-28</posted_date><followers>25</followers><statuses>177</statuses><region>N.A.</region></marklogic>