<?xml version="1.0" encoding="UTF-8"?>
<marklogic><id>tag:search.twitter.com,2005:185081304860209152</id><type>P</type><type>P</type><body><product_name company="P&amp;G">Ivory</product_name> gulley is incomplete. He sidestep the <adverse_event>Cold</adverse_event>.</body><verb>post</verb><link>http://twitter.com/rokylah/statuses/185081304860209152</link><generator><link>http://twitter.com</link><displayName>web</displayName></generator><postedTime>2012-03-28T19:09:56.000Z</postedTime><provider><link>http://www.twitter.com</link><displayName>Twitter</displayName><objectType>service</objectType></provider><object><summary>ivory gulley is incomplete. He sidestep the cold.</summary><id>object:search.twitter.com,2005:185081304860209152</id><link>http://twitter.com/rokylah/statuses/185081304860209152</link><postedTime>2012-03-28T19:09:56.000Z</postedTime><objectType>note</objectType></object><actor><summary>I like Billy Bragg to listen and Landscape in the Mist to watch. I'm hobbies and eccentricities.</summary><twitterTimeZone/><friendsCount>64</friendsCount><location><displayName>US</displayName><objectType>place</objectType></location><link>http://www.twitter.com/rokylah</link><postedTime>2012-01-19T12:00:19.000Z</postedTime><image>http://a0.twimg.com/profile_images/1772405288/1583_normal.gif</image><links><links><rel>me</rel><href/></links></links><listedCount>0</listedCount><id>id:twitter.com:468311128</id><languages><languages>es</languages></languages><utcOffset/><followersCount>32</followersCount><preferredUsername>rokylah</preferredUsername><displayName>Natha Goodisson</displayName><statusesCount>177</statusesCount><objectType>person</objectType></actor><twitter_entities><hashtags/><user_mentions/><urls/></twitter_entities><objectType>activity</objectType><platform>twitter</platform><posted_date>2012-03-28</posted_date><followers>32</followers><statuses>177</statuses><region>N.A.</region></marklogic>