<?xml version="1.0" encoding="UTF-8"?>
<marklogic><id>tag:search.twitter.com,2005:185059126114648065</id><type>P</type><type>P</type><inReplyTo><link>http://twitter.com/Medic_6801/statuses/185058891682418688</link></inReplyTo><body>@Medic_6801 Find relief for allergy-related <adverse_event>Cough</adverse_event>/<adverse_event>Sore throat</adverse_event> in the <adverse_event>Cough</adverse_event>/<adverse_event>Cold</adverse_event> aisle – with <product_name company="N.A.">HALLS</product_name> <adverse_event>Cough</adverse_event> drops: http://t.co/DBn83FV7</body><verb>post</verb><link>http://twitter.com/Walgreens/statuses/185059126114648065</link><generator><link>http://localresponse.com</link><displayName>LocalResponse for Walgreens</displayName></generator><postedTime>2012-03-28T17:41:48.000Z</postedTime><provider><link>http://www.twitter.com</link><displayName>Twitter</displayName><objectType>service</objectType></provider><object><summary>@Medic_6801 Find relief for allergy-related cough/sore throat in the cough/cold aisle – with HALLS cough drops: http://t.co/DBn83FV7</summary><id>object:search.twitter.com,2005:185059126114648065</id><link>http://twitter.com/Walgreens/statuses/185059126114648065</link><postedTime>2012-03-28T17:41:48.000Z</postedTime><objectType>note</objectType></object><actor><summary>Walgreens is the nation’s largest drugstore chain with more than 7,800 drugstores in all 50 states, the District of Columbia and Puerto Rico.</summary><twitterTimeZone>Central Time (US &amp; Canada)</twitterTimeZone><friendsCount>2383</friendsCount><location><displayName>Chicago, IL</displayName><objectType>place</objectType></location><link>http://www.twitter.com/Walgreens</link><postedTime>2009-06-10T17:56:29.000Z</postedTime><image>http://a0.twimg.com/profile_images/1565658805/Wag_W_Red_normal.png</image><links><links><rel>me</rel><href>http://www.walgreens.com</href></links></links><listedCount>1282</listedCount><id>id:twitter.com:46177695</id><languages><languages>en</languages></languages><utcOffset>-21600</utcOffset><followersCount>90695</followersCount><preferredUsername>Walgreens</preferredUsername><displayName>Walgreens</displayName><statusesCount>14588</statusesCount><objectType>person</objectType></actor><twitter_entities><hashtags/><user_mentions><user_mentions><indices><indices>0</indices><indices>11</indices></indices><id_str>37270695</id_str><name>Jason J Schwartz</name><id>37270695</id><screen_name>Medic_6801</screen_name></user_mentions></user_mentions><urls><urls><indices><indices>112</indices><indices>132</indices></indices><expanded_url>http://bz.lo.cr/PBC</expanded_url><display_url>bz.lo.cr/PBC</display_url><url>http://t.co/DBn83FV7</url></urls></urls></twitter_entities><objectType>activity</objectType><platform>twitter</platform><posted_date>2012-03-28</posted_date><followers>90695</followers><statuses>14588</statuses><region>Central</region></marklogic>