<?xml version="1.0" encoding="UTF-8"?>
<marklogic><id>tag:search.twitter.com,2005:185035564481921026</id><type>P</type><type>P</type><body>Rid yourself of <adverse_event>Dry skin</adverse_event> problems! #Win <product_name company="Beiersdorf">Eucerin</product_name> Professional Repair + $125 Visa GC #giveaway Ends 4/16 http://t.co/9NIi2rel</body><verb>post</verb><link>http://twitter.com/jerseygirl137/statuses/185035564481921026</link><generator><link>http://twitter.com/tweetbutton</link><displayName>Tweet Button</displayName></generator><postedTime>2012-03-28T16:08:11.000Z</postedTime><provider><link>http://www.twitter.com</link><displayName>Twitter</displayName><objectType>service</objectType></provider><object><summary>Rid yourself of dry skin problems! #Win Eucerin Professional Repair + $125 Visa GC #giveaway Ends 4/16 http://t.co/9NIi2rel</summary><id>object:search.twitter.com,2005:185035564481921026</id><link>http://twitter.com/jerseygirl137/statuses/185035564481921026</link><postedTime>2012-03-28T16:08:11.000Z</postedTime><objectType>note</objectType></object><actor><summary/><twitterTimeZone>Eastern Time (US &amp; Canada)</twitterTimeZone><friendsCount>1885</friendsCount><link>http://www.twitter.com/jerseygirl137</link><postedTime>2009-04-22T20:50:05.000Z</postedTime><image>http://a0.twimg.com/profile_images/1612092654/407092_A511_FF_BLA_normal.jpg</image><links><links><rel>me</rel><href/></links></links><listedCount>34</listedCount><id>id:twitter.com:34393261</id><languages><languages>en</languages></languages><utcOffset>-18000</utcOffset><followersCount>1359</followersCount><preferredUsername>jerseygirl137</preferredUsername><displayName>Sharon R</displayName><statusesCount>37203</statusesCount><objectType>person</objectType></actor><twitter_entities><hashtags><hashtags><text>Win</text><indices><indices>35</indices><indices>39</indices></indices></hashtags><hashtags><text>giveaway</text><indices><indices>83</indices><indices>92</indices></indices></hashtags></hashtags><user_mentions/><urls><urls><indices><indices>103</indices><indices>123</indices></indices><expanded_url>http://www.anutinanutshell.com/2012/03/eucerin-professional-repair/comment-page-5/</expanded_url><display_url>anutinanutshell.com/2012/03/euceri…</display_url><url>http://t.co/9NIi2rel</url></urls></urls></twitter_entities><objectType>activity</objectType><platform>twitter</platform><posted_date>2012-03-28</posted_date><followers>1359</followers><statuses>37203</statuses><region>Eastern</region></marklogic>