<?xml version="1.0" encoding="UTF-8"?>
<marklogic><id>tag:search.twitter.com,2005:185056871089061888</id><type>P</type><type>P</type><body>Ugh. The <product_name company="Unilever">Comfort</product_name> teh tarik I had gave me both insomnia AND <adverse_event>Indigestion</adverse_event>. I need to be up in a few hours &amp;gt;:c</body><verb>post</verb><link>http://twitter.com/B_doggio/statuses/185056871089061888</link><generator><link>http://twitter.com</link><displayName>web</displayName></generator><postedTime>2012-03-28T17:32:50.000Z</postedTime><provider><link>http://www.twitter.com</link><displayName>Twitter</displayName><objectType>service</objectType></provider><object><summary>Ugh. The comfort teh tarik I had gave me both insomnia AND indigestion. I need to be up in a few hours &amp;gt;:c</summary><id>object:search.twitter.com,2005:185056871089061888</id><link>http://twitter.com/B_doggio/statuses/185056871089061888</link><postedTime>2012-03-28T17:32:50.000Z</postedTime><objectType>note</objectType></object><actor><summary>Pretends to draw, likes to cook, wishes for time to play video games (but at least gets to make video games) and is often alarmed by what comes out of cats.</summary><twitterTimeZone/><friendsCount>103</friendsCount><location><displayName>Perth, Australia</displayName><objectType>place</objectType></location><link>http://www.twitter.com/B_doggio</link><postedTime>2009-10-11T10:53:59.000Z</postedTime><image>http://a0.twimg.com/profile_images/1550180701/korbwip_normal.jpg</image><links><links><rel>me</rel><href/></links></links><listedCount>8</listedCount><id>id:twitter.com:81570087</id><languages><languages>en</languages></languages><utcOffset/><followersCount>124</followersCount><preferredUsername>B_doggio</preferredUsername><displayName>Derpaderp</displayName><statusesCount>4395</statusesCount><objectType>person</objectType></actor><twitter_entities><hashtags/><urls/><user_mentions/></twitter_entities><objectType>activity</objectType><platform>twitter</platform><posted_date>2012-03-28</posted_date><followers>124</followers><statuses>4395</statuses><region>N.A.</region></marklogic>