<?xml version="1.0" encoding="UTF-8"?>
<marklogic><id>tag:search.twitter.com,2005:185060179816095744</id><type>P</type><type>P</type><body>Why am I  ill when the weathers nice? Proper fancy an ice <adverse_event>Cold</adverse_event> pint. Or Malibu and orange. Or JD and <product_name company="Coca Cola">Coke</product_name> :(</body><verb>post</verb><link>http://twitter.com/Amy_Jadee/statuses/185060179816095744</link><generator><link>http://blackberry.com/twitter</link><displayName>Twitter for BlackBerry®</displayName></generator><postedTime>2012-03-28T17:45:59.000Z</postedTime><provider><link>http://www.twitter.com</link><displayName>Twitter</displayName><objectType>service</objectType></provider><object><summary>Why am I always ill when the weathers nice? Proper fancy an ice cold pint. Or Malibu and orange. Or JD and coke :(</summary><id>object:search.twitter.com,2005:185060179816095744</id><link>http://twitter.com/Amy_Jadee/statuses/185060179816095744</link><postedTime>2012-03-28T17:45:59.000Z</postedTime><objectType>note</objectType></object><actor><summary>Amy, 17, Sheffield. I tweet excessive amounts, you've been warned. I wish i was Irish but my life isn't as great as that. I can lick my elbow though. </summary><twitterTimeZone>London</twitterTimeZone><friendsCount>2938</friendsCount><location><displayName>The 'alright' wall of China</displayName><objectType>place</objectType></location><link>http://www.twitter.com/Amy_Jadee</link><postedTime>2009-11-11T21:40:14.000Z</postedTime><image>http://a0.twimg.com/profile_images/1963065099/http-__makeagif.com_media_3-25-2012_fG8Q3u_normal.gif</image><links><links><rel>me</rel><href/></links></links><listedCount>20</listedCount><id>id:twitter.com:89289819</id><languages><languages>en</languages></languages><utcOffset>0</utcOffset><followersCount>3153</followersCount><preferredUsername>Amy_Jadee</preferredUsername><displayName>Miss Chanandler Bong</displayName><statusesCount>26438</statusesCount><objectType>person</objectType></actor><twitter_entities><hashtags/><user_mentions/><urls/></twitter_entities><objectType>activity</objectType><platform>twitter</platform><posted_date>2012-03-28</posted_date><followers>3153</followers><statuses>26438</statuses><region>London</region></marklogic>