<?xml version="1.0" encoding="UTF-8"?>
<marklogic><id>tag:search.twitter.com,2005:185039494330851329</id><type>P</type><type>P</type><body>… <product_name company="Reckitt Benckiser">Clearasil</product_name>, for example, will leave you <adverse_event>Spot</adverse_event> free…</body><verb>post</verb><link>http://twitter.com/OthaMoscarGBb/statuses/185039494330851329</link><generator><link>http://twitter.com</link><displayName>web</displayName></generator><postedTime>2012-03-28T16:23:47.000Z</postedTime><provider><link>http://www.twitter.com</link><displayName>Twitter</displayName><objectType>service</objectType></provider><object><summary>… Clearasil, for example, will leave you spot free…</summary><id>object:search.twitter.com,2005:185039494330851329</id><link>http://twitter.com/OthaMoscarGBb/statuses/185039494330851329</link><postedTime>2012-03-28T16:23:47.000Z</postedTime><objectType>note</objectType></object><actor><summary>Anything to please.</summary><twitterTimeZone/><friendsCount>7</friendsCount><location><displayName>Baltimore, MD, United States</displayName><objectType>place</objectType></location><link>http://www.twitter.com/OthaMoscarGBb</link><postedTime>2012-03-19T22:24:22.000Z</postedTime><image>http://a0.twimg.com/profile_images/1912084524/526564241h8p_normal.jpg</image><links><links><rel>me</rel><href/></links></links><listedCount>1</listedCount><id>id:twitter.com:529782908</id><languages><languages>en</languages></languages><utcOffset/><followersCount>46</followersCount><preferredUsername>OthaMoscarGBb</preferredUsername><displayName>Otha Mosca</displayName><statusesCount>757</statusesCount><objectType>person</objectType></actor><twitter_entities><hashtags/><user_mentions/><urls/></twitter_entities><objectType>activity</objectType><platform>twitter</platform><posted_date>2012-03-28</posted_date><followers>46</followers><statuses>757</statuses><region>N.A.</region></marklogic>