<?xml version="1.0" encoding="UTF-8"?>
<marklogic><id>tag:search.twitter.com,2005:185033725560635392</id><type>P</type><type>P</type><body>Super <adverse_event>Cold</adverse_event> <product_name company="PepsiCo-Gatorade">Gatorade</product_name> &amp;gt;</body><verb>post</verb><link>http://twitter.com/danielleromero_/statuses/185033725560635392</link><generator><link>http://blackberry.com/twitter</link><displayName>Twitter for BlackBerry®</displayName></generator><postedTime>2012-03-28T16:00:52.000Z</postedTime><provider><link>http://www.twitter.com</link><displayName>Twitter</displayName><objectType>service</objectType></provider><object><summary>Super cold gatorade &amp;gt;</summary><id>object:search.twitter.com,2005:185033725560635392</id><link>http://twitter.com/danielleromero_/statuses/185033725560635392</link><postedTime>2012-03-28T16:00:52.000Z</postedTime><objectType>note</objectType></object><actor><summary>Living my life to the utmost extent... &#13;
You act like i care what you think. </summary><twitterTimeZone>Pacific Time (US &amp; Canada)</twitterTimeZone><friendsCount>144</friendsCount><location><displayName>Los Angeles </displayName><objectType>place</objectType></location><link>http://www.twitter.com/danielleromero_</link><postedTime>2010-07-07T23:34:53.000Z</postedTime><image>http://a0.twimg.com/profile_images/1866544202/fbp_normal.jpg</image><links><links><rel>me</rel><href/></links></links><listedCount>0</listedCount><id>id:twitter.com:164063262</id><languages><languages>en</languages></languages><utcOffset>-28800</utcOffset><followersCount>269</followersCount><preferredUsername>danielleromero_</preferredUsername><displayName>Danielle Romero</displayName><statusesCount>14624</statusesCount><objectType>person</objectType></actor><twitter_entities><hashtags/><user_mentions/><urls/></twitter_entities><objectType>activity</objectType><platform>twitter</platform><posted_date>2012-03-28</posted_date><followers>269</followers><statuses>14624</statuses><region>Pacific</region></marklogic>