<?xml version="1.0" encoding="UTF-8"?>
<marklogic><id>tag:search.twitter.com,2005:185080714339958784</id><type>P</type><type>P</type><inReplyTo><link>http://twitter.com/melissawz/statuses/185080557108080640</link></inReplyTo><body>@melissawz Wag-Ed obviously has a soft <adverse_event>Spot</adverse_event> for agencies called <product_name company="SC Johnson">Shout</product_name>? :)</body><verb>post</verb><link>http://twitter.com/ArunSudhaman/statuses/185080714339958784</link><generator><link>http://www.tweetdeck.com</link><displayName>TweetDeck</displayName></generator><postedTime>2012-03-28T19:07:35.000Z</postedTime><provider><link>http://www.twitter.com</link><displayName>Twitter</displayName><objectType>service</objectType></provider><object><summary>@melissawz Wag-Ed obviously has a soft spot for agencies called Shout? :)</summary><id>object:search.twitter.com,2005:185080714339958784</id><link>http://twitter.com/ArunSudhaman/statuses/185080714339958784</link><postedTime>2012-03-28T19:07:35.000Z</postedTime><objectType>note</objectType></object><actor><summary>Journalist. Holmes Report managing editor. Indian, born in Africa, raised in HK, living in UK. Cricket and rap music.</summary><twitterTimeZone>London</twitterTimeZone><friendsCount>912</friendsCount><location><displayName>London</displayName><objectType>place</objectType></location><link>http://www.twitter.com/ArunSudhaman</link><postedTime>2009-01-20T13:34:53.000Z</postedTime><image>http://a0.twimg.com/profile_images/1146511921/Social_normal.jpg</image><links><links><rel>me</rel><href>http://www.holmesreport.com</href></links></links><listedCount>126</listedCount><id>id:twitter.com:19236210</id><languages><languages>en</languages></languages><utcOffset>0</utcOffset><followersCount>2378</followersCount><preferredUsername>ArunSudhaman</preferredUsername><displayName>Arun Sudhaman</displayName><statusesCount>4583</statusesCount><objectType>person</objectType></actor><twitter_entities><hashtags/><urls/><user_mentions><user_mentions><indices><indices>0</indices><indices>10</indices></indices><id_str>17445261</id_str><name>Melissa Waggener </name><id>17445261</id><screen_name>melissawz</screen_name></user_mentions></user_mentions></twitter_entities><objectType>activity</objectType><platform>twitter</platform><posted_date>2012-03-28</posted_date><followers>2378</followers><statuses>4583</statuses><region>London</region></marklogic>