<?xml version="1.0" encoding="UTF-8"?>
<marklogic><id>tag:search.twitter.com,2005:185033618991742977</id><type>P</type><type>P</type><body><product_name company="Johnson - Johnson">Tylenol</product_name> for <adverse_event>Back pain</adverse_event> coupon http://t.co/4fPdLvih</body><verb>post</verb><link>http://twitter.com/zawehomanego/statuses/185033618991742977</link><generator><link>http://twitter.com</link><displayName>web</displayName></generator><postedTime>2012-03-28T16:00:27.000Z</postedTime><provider><link>http://www.twitter.com</link><displayName>Twitter</displayName><objectType>service</objectType></provider><object><summary>tylenol for back pain coupon http://t.co/4fPdLvih</summary><id>object:search.twitter.com,2005:185033618991742977</id><link>http://twitter.com/zawehomanego/statuses/185033618991742977</link><postedTime>2012-03-28T16:00:27.000Z</postedTime><objectType>note</objectType></object><actor><summary>I think I'm flabbergasted, puerile and sickly, because of Living Colour.&#13;</summary><twitterTimeZone/><friendsCount>30</friendsCount><location><displayName>United States</displayName><objectType>place</objectType></location><link>http://www.twitter.com/zawehomanego</link><postedTime>2012-02-06T22:20:01.000Z</postedTime><image>http://a0.twimg.com/profile_images/1812686001/16_normal.gif</image><links><links><rel>me</rel><href/></links></links><listedCount>0</listedCount><id>id:twitter.com:485165634</id><languages><languages>pt</languages></languages><utcOffset/><followersCount>14</followersCount><preferredUsername>zawehomanego</preferredUsername><displayName>kilcrest</displayName><statusesCount>162</statusesCount><objectType>person</objectType></actor><twitter_entities><hashtags/><user_mentions/><urls><urls><indices><indices>29</indices><indices>49</indices></indices><expanded_url>http://tylenol-for-back-pain-coupon.cheapillsshop.com</expanded_url><display_url>…or-back-pain-coupon.cheapillsshop.com</display_url><url>http://t.co/4fPdLvih</url></urls></urls></twitter_entities><objectType>activity</objectType><platform>twitter</platform><posted_date>2012-03-28</posted_date><followers>14</followers><statuses>162</statuses><region>N.A.</region></marklogic>