<?xml version="1.0" encoding="UTF-8"?>
<marklogic><id>tag:search.twitter.com,2005:187066650015698945</id><type>P</type><type>P</type><body>I need <product_name company="N.A.">NyQuil</product_name> pronto. I can't even breathe or stop <adverse_event>Coughing</adverse_event>. &#x01f632;</body><verb>post</verb><link>http://twitter.com/kelseybuggg/statuses/187066650015698945</link><generator><link>http://twitter.com/#!/download/iphone</link><displayName>Twitter for iPhone</displayName></generator><postedTime>2012-04-03T06:38:59.000Z</postedTime><provider><link>http://www.twitter.com</link><displayName>Twitter</displayName><objectType>service</objectType></provider><object><summary>I need NyQuil pronto. I can't even breathe or stop coughing. &#x01f632;</summary><id>object:search.twitter.com,2005:187066650015698945</id><link>http://twitter.com/kelseybuggg/statuses/187066650015698945</link><postedTime>2012-04-03T06:38:59.000Z</postedTime><objectType>note</objectType></object><actor><summary>people seem to like me because i'm polite and i am rarely late. i like to eat ice cream and i really enjoy a nice pair of slacks..</summary><twitterTimeZone>Pacific Time (US &amp; Canada)</twitterTimeZone><friendsCount>83</friendsCount><link>http://www.twitter.com/kelseybuggg</link><postedTime>2011-08-23T17:34:07.000Z</postedTime><image>http://a0.twimg.com/profile_images/1934784852/IMG_0842_normal.JPG</image><links><links><rel>me</rel><href>http://kelseyyygiraffe.tumblr.com</href></links></links><listedCount>1</listedCount><id>id:twitter.com:360729195</id><languages><languages>en</languages></languages><utcOffset>-28800</utcOffset><followersCount>103</followersCount><preferredUsername>kelseybuggg</preferredUsername><displayName>Kelsey Mersey </displayName><statusesCount>3374</statusesCount><objectType>person</objectType></actor><twitter_entities><hashtags/><urls/><user_mentions/></twitter_entities><objectType>activity</objectType><platform>twitter</platform><posted_date>2012-04-03</posted_date><followers>103</followers><statuses>3374</statuses><region>Pacific</region></marklogic>