<?xml version="1.0" encoding="UTF-8"?>
<marklogic><id>tag:search.twitter.com,2005:185042736334909441</id><type>P</type><type>P</type><inReplyTo><link>http://twitter.com/UnD9ablyPretty/statuses/185042361183776768</link></inReplyTo><body>RT @UnD9ablyPretty My phrats are the smartest, craziest, <adverse_event>Coldest</adverse_event>, &amp; flyest brothers on Earth! <product_name company="SC Johnson">Shout</product_name> out to MY PHRAT! #APhiA</body><verb>post</verb><link>http://twitter.com/aPhrozenDeuce/statuses/185042736334909441</link><generator><link>http://www.echofon.com/</link><displayName>Echofon</displayName></generator><postedTime>2012-03-28T16:36:40.000Z</postedTime><provider><link>http://www.twitter.com</link><displayName>Twitter</displayName><objectType>service</objectType></provider><object><summary>RT @UnD9ablyPretty My phrats are the smartest, craziest, coldest, &amp; flyest brothers on Earth! Shout out to MY PHRAT! #APhiA</summary><id>object:search.twitter.com,2005:185042736334909441</id><link>http://twitter.com/aPhrozenDeuce/statuses/185042736334909441</link><postedTime>2012-03-28T16:36:40.000Z</postedTime><objectType>note</objectType></object><actor><summary>A Phi A Fall 11&#13;
O Psi&#13;
Suave House&#13;
&#13;
Its Jeff dats all u need fuck a introduction....!!..just click follow....!!..</summary><twitterTimeZone>Central Time (US &amp; Canada)</twitterTimeZone><friendsCount>595</friendsCount><location><displayName>On Da Moon</displayName><objectType>place</objectType></location><link>http://www.twitter.com/aPhrozenDeuce</link><postedTime>2010-12-17T00:53:23.000Z</postedTime><image>http://a0.twimg.com/profile_images/1954523004/aPhrozenDeuce_normal.jpg</image><links><links><rel>me</rel><href/></links></links><listedCount>1</listedCount><id>id:twitter.com:227505760</id><languages><languages>en</languages></languages><utcOffset>-21600</utcOffset><followersCount>527</followersCount><preferredUsername>aPhrozenDeuce</preferredUsername><displayName>I'm just Jeff</displayName><statusesCount>11536</statusesCount><objectType>person</objectType></actor><twitter_entities><hashtags><hashtags><text>APhiA</text><indices><indices>117</indices><indices>123</indices></indices></hashtags></hashtags><urls/><user_mentions><user_mentions><indices><indices>3</indices><indices>18</indices></indices><id_str>283590299</id_str><name>StellaBella</name><id>283590299</id><screen_name>UnD9ablyPretty</screen_name></user_mentions></user_mentions></twitter_entities><objectType>activity</objectType><platform>twitter</platform><posted_date>2012-03-28</posted_date><followers>527</followers><statuses>11536</statuses><region>Central</region></marklogic>