<?xml version="1.0" encoding="UTF-8"?>
<marklogic><id>tag:search.twitter.com,2005:187070255783350272</id><type>P</type><type>P</type><body>I listened to the <product_name company="GlaxoSmithKline">Panadol</product_name> Extra advertisement and got a <adverse_event>Headache</adverse_event>.</body><geo><type>Point</type><coordinates><coordinates>9.0143573</coordinates><coordinates>7.4227648</coordinates></coordinates></geo><verb>post</verb><link>http://twitter.com/KatorAbaagu/statuses/187070255783350272</link><generator><link>http://twitter.com/download/android</link><displayName>Twitter for Android</displayName></generator><postedTime>2012-04-03T06:53:19.000Z</postedTime><provider><link>http://www.twitter.com</link><displayName>Twitter</displayName><objectType>service</objectType></provider><object><summary>I listened to the Panadol Extra advertisement and got a headache.</summary><id>object:search.twitter.com,2005:187070255783350272</id><link>http://twitter.com/KatorAbaagu/statuses/187070255783350272</link><postedTime>2012-04-03T06:53:19.000Z</postedTime><objectType>note</objectType></object><actor><summary>Tiv dad, Urhobo mum, Warri born, Lagos bred, Ota schooled, Ikare Served, Leeds reoriented, Abuja hustling annotator.The intersection of a Polymath &amp; a Philomath</summary><twitterTimeZone>West Central Africa</twitterTimeZone><friendsCount>154</friendsCount><location><displayName>Abuja</displayName><objectType>place</objectType></location><link>http://www.twitter.com/KatorAbaagu</link><postedTime>2010-02-08T20:30:31.000Z</postedTime><image>http://a0.twimg.com/profile_images/1541279214/Snapshot_20110912_4_normal.JPG</image><links><links><rel>me</rel><href/></links></links><listedCount>0</listedCount><id>id:twitter.com:112524573</id><languages><languages>en</languages></languages><utcOffset>3600</utcOffset><followersCount>113</followersCount><preferredUsername>KatorAbaagu</preferredUsername><displayName>KATOR ABAAGU</displayName><statusesCount>1857</statusesCount><objectType>person</objectType></actor><twitter_entities><hashtags/><urls/><user_mentions/></twitter_entities><objectType>activity</objectType><platform>twitter</platform><posted_date>2012-04-03</posted_date><followers>113</followers><statuses>1857</statuses><region>West</region></marklogic>