<?xml version="1.0" encoding="UTF-8"?>
<marklogic><id>tag:search.twitter.com,2005:185074476080312320</id><type>P</type><type>P</type><inReplyTo><link>http://twitter.com/TheShaneHarper/statuses/185055444929224705</link></inReplyTo><body>@TheShaneHarper I drank <product_name company="N.A.">NyQuil</product_name> this morning by accident and I wasn't ready for school. #teenproblems 
#<adverse_event>Tiredness</adverse_event></body><verb>post</verb><link>http://twitter.com/Sweetrubees/statuses/185074476080312320</link><generator><link>http://twitter.com/#!/download/iphone</link><displayName>Twitter for iPhone</displayName></generator><postedTime>2012-03-28T18:42:48.000Z</postedTime><provider><link>http://www.twitter.com</link><displayName>Twitter</displayName><objectType>service</objectType></provider><object><summary>@TheShaneHarper I drank NyQuil this morning by accident and I wasn't ready for school. #teenproblems 
#tiredness</summary><id>object:search.twitter.com,2005:185074476080312320</id><link>http://twitter.com/Sweetrubees/statuses/185074476080312320</link><postedTime>2012-03-28T18:42:48.000Z</postedTime><objectType>note</objectType></object><actor><summary>I am a model,a big dreamer, biggest simpsonizer there is, and I love to play pranks. follow me and i will follow you back.</summary><twitterTimeZone>Quito</twitterTimeZone><friendsCount>130</friendsCount><location><displayName>Florida</displayName><objectType>place</objectType></location><link>http://www.twitter.com/Sweetrubees</link><postedTime>2011-02-11T23:26:24.000Z</postedTime><image>http://a0.twimg.com/profile_images/1940601528/image_normal.jpg</image><links><links><rel>me</rel><href/></links></links><listedCount>0</listedCount><id>id:twitter.com:250858073</id><languages><languages>en</languages></languages><utcOffset>-18000</utcOffset><followersCount>24</followersCount><preferredUsername>Sweetrubees</preferredUsername><displayName>Liyah Khan</displayName><statusesCount>757</statusesCount><objectType>person</objectType></actor><twitter_entities><hashtags><hashtags><text>teenproblems</text><indices><indices>87</indices><indices>100</indices></indices></hashtags><hashtags><text>tiredness</text><indices><indices>102</indices><indices>112</indices></indices></hashtags></hashtags><user_mentions><user_mentions><indices><indices>0</indices><indices>15</indices></indices><id_str>114669777</id_str><name>Shane Harper</name><id>114669777</id><screen_name>TheShaneHarper</screen_name></user_mentions></user_mentions><urls/></twitter_entities><objectType>activity</objectType><platform>twitter</platform><posted_date>2012-03-28</posted_date><followers>24</followers><statuses>757</statuses><region>Quito</region></marklogic>