<?xml version="1.0" encoding="UTF-8"?>
<marklogic><id>tag:search.twitter.com,2005:185064498841915392</id><type>P</type><type>P</type><body>Jals ashr7 l,sh3'altna <product_name company="GlaxoSmithKline">Eno</product_name> our cat is in <adverse_event>Heat</adverse_event> cause she wants to get fucked w tgooli laaa hya ma ree9'! -_-"</body><verb>post</verb><link>http://twitter.com/Sul6an64/statuses/185064498841915392</link><generator><link>http://ubersocial.com</link><displayName>UberSocial for BlackBerry</displayName></generator><postedTime>2012-03-28T18:03:09.000Z</postedTime><provider><link>http://www.twitter.com</link><displayName>Twitter</displayName><objectType>service</objectType></provider><object><summary>Jals ashr7 l,sh3'altna eno our cat is in heat cause she wants to get fucked w tgooli laaa hya ma ree9'! -_-"</summary><id>object:search.twitter.com,2005:185064498841915392</id><link>http://twitter.com/Sul6an64/statuses/185064498841915392</link><postedTime>2012-03-28T18:03:09.000Z</postedTime><objectType>note</objectType></object><actor><summary>I'm just a dude with good intentions. Mountain dew, Manchester united and Music are my thing. - http://ask.fm/SuL6aN64</summary><twitterTimeZone>Riyadh</twitterTimeZone><friendsCount>218</friendsCount><location><displayName>Riyadh</displayName><objectType>place</objectType></location><link>http://www.twitter.com/Sul6an64</link><postedTime>2009-09-03T22:06:09.000Z</postedTime><image>http://a0.twimg.com/profile_images/1937555718/IMG_2595_copy_normal.jpg</image><links><links><rel>me</rel><href>http://sultan64.tumblr.com/</href></links></links><listedCount>4</listedCount><id>id:twitter.com:71372768</id><languages><languages>en</languages></languages><utcOffset>10800</utcOffset><followersCount>342</followersCount><preferredUsername>Sul6an64</preferredUsername><displayName>Sultan Al-Shareef</displayName><statusesCount>18573</statusesCount><objectType>person</objectType></actor><twitter_entities><hashtags/><user_mentions/><urls/></twitter_entities><objectType>activity</objectType><platform>twitter</platform><posted_date>2012-03-28</posted_date><followers>342</followers><statuses>18573</statuses><region>Riyadh</region></marklogic>