<?xml version="1.0" encoding="UTF-8"?>
<marklogic><body>First rescue session of the year, blue sea, 1-2ft clean <product_name company="Unilever">Surf</product_name> and only a moderate amount of <adverse_event>Wheezing</adverse_event>!</body><geo><type>Point</type><coordinates><coordinates>50.34565438</coordinates><coordinates>-4.75569594</coordinates></coordinates></geo><location><geo><type>Polygon</type><coordinates><coordinates><coordinates><coordinates>-5.747269</coordinates><coordinates>49.9536734</coordinates></coordinates><coordinates><coordinates>-4.1638348</coordinates><coordinates>49.9536734</coordinates></coordinates><coordinates><coordinates>-4.1638348</coordinates><coordinates>50.931266</coordinates></coordinates><coordinates><coordinates>-5.747269</coordinates><coordinates>50.931266</coordinates></coordinates></coordinates></coordinates></geo><link>http://api.twitter.com/1/geo/id/6f99f41fe415c1e6.json</link><name>Cornwall</name><displayName>Cornwall, Cornwall</displayName><country_code>United Kingdom</country_code><objectType>place</objectType></location><link>http://twitter.com/68wil/statuses/185070051848757249</link><postedTime>2012-03-28T18:25:13.000Z</postedTime><provider><link>http://www.twitter.com</link><displayName>Twitter</displayName><objectType>service</objectType></provider><actor><summary>rebel without a clue</summary><twitterTimeZone/><friendsCount>15</friendsCount><location><displayName>cornwall uk</displayName><objectType>place</objectType></location><link>http://www.twitter.com/68wil</link><postedTime>2012-03-17T19:36:22.000Z</postedTime><image>http://a0.twimg.com/profile_images/1905563126/image_normal.jpg</image><links><links><rel>me</rel><href/></links></links><listedCount>0</listedCount><id>id:twitter.com:527769718</id><languages><languages>en</languages></languages><utcOffset/><followersCount>6</followersCount><preferredUsername>68wil</preferredUsername><displayName>Dave whelan</displayName><statusesCount>20</statusesCount><objectType>person</objectType></actor><object><summary>First rescue session of the year, blue sea, 1-2ft clean surf and only a moderate amount of wheezing!</summary><id>object:search.twitter.com,2005:185070051848757249</id><link>http://twitter.com/68wil/statuses/185070051848757249</link><postedTime>2012-03-28T18:25:13.000Z</postedTime><objectType>note</objectType></object><twitter_entities><hashtags/><user_mentions/><urls/></twitter_entities><id>tag:search.twitter.com,2005:185070051848757249</id><type>P</type><type>P</type><verb>post</verb><generator><link>http://twitter.com/#!/download/iphone</link><displayName>Twitter for iPhone</displayName></generator><objectType>activity</objectType><platform>twitter</platform><posted_date>2012-03-28</posted_date><followers>6</followers><statuses>20</statuses><region>N.A.</region></marklogic>