<?xml version="1.0" encoding="UTF-8"?>
<marklogic><id>tag:search.twitter.com,2005:185048888925884417</id><type>P</type><type>P</type><body>I cnt <product_name company="SC Johnson">Shout</product_name>.. “@StBalo: Pure water in hand - lyk olwez RT @switambaby: Mine 2!  “@ZahirAli: this phone too dey take <adverse_event>Heat</adverse_event> -_____-””</body><verb>post</verb><link>http://twitter.com/switambaby/statuses/185048888925884417</link><generator><link>http://twitter.com/#!/download/iphone</link><displayName>Twitter for iPhone</displayName></generator><postedTime>2012-03-28T17:01:07.000Z</postedTime><provider><link>http://www.twitter.com</link><displayName>Twitter</displayName><objectType>service</objectType></provider><object><summary>I cnt shout.. “@StBalo: Pure water in hand - lyk olwez RT @switambaby: Mine 2!  “@ZahirAli: this phone too dey take heat -_____-””</summary><id>object:search.twitter.com,2005:185048888925884417</id><link>http://twitter.com/switambaby/statuses/185048888925884417</link><postedTime>2012-03-28T17:01:07.000Z</postedTime><objectType>note</objectType></object><actor><summary>( ˘̶̀ ̯˘̶́) uhun!!! DON'T DM me! </summary><twitterTimeZone/><friendsCount>855</friendsCount><location><displayName>Utopia...</displayName><objectType>place</objectType></location><link>http://www.twitter.com/switambaby</link><postedTime>2010-10-07T07:44:52.000Z</postedTime><image>http://a0.twimg.com/profile_images/1904115179/image_normal.jpg</image><links><links><rel>me</rel><href/></links></links><listedCount>13</listedCount><id>id:twitter.com:199590486</id><languages><languages>en</languages></languages><utcOffset/><followersCount>1723</followersCount><preferredUsername>switambaby</preferredUsername><displayName>Ambes</displayName><statusesCount>41883</statusesCount><objectType>person</objectType></actor><twitter_entities><hashtags/><user_mentions><user_mentions><indices><indices>15</indices><indices>22</indices></indices><name>St. Balo</name><id_str>229843034</id_str><id>229843034</id><screen_name>StBalo</screen_name></user_mentions><user_mentions><indices><indices>58</indices><indices>69</indices></indices><name>Ambes</name><id_str>199590486</id_str><id>199590486</id><screen_name>switambaby</screen_name></user_mentions><user_mentions><indices><indices>82</indices><indices>91</indices></indices><name>Ali Zahir Hussein</name><id_str>28439408</id_str><id>28439408</id><screen_name>ZahirAli</screen_name></user_mentions></user_mentions><urls/></twitter_entities><objectType>activity</objectType><platform>twitter</platform><posted_date>2012-03-28</posted_date><followers>1723</followers><statuses>41883</statuses><region>N.A.</region></marklogic>