<?xml version="1.0" encoding="UTF-8"?>
<marklogic><id>tag:search.twitter.com,2005:185039171444940803</id><type>P</type><type>P</type><body>I hate sleeping in late but this <adverse_event>Cold</adverse_event> got me going thru it! More <product_name company="P&amp;G">Nyquil</product_name> then back to bed. Ugh</body><verb>post</verb><link>http://twitter.com/BritFM_/statuses/185039171444940803</link><generator><link>http://twitter.com/download/android</link><displayName>Twitter for Android</displayName></generator><postedTime>2012-03-28T16:22:30.000Z</postedTime><provider><link>http://www.twitter.com</link><displayName>Twitter</displayName><objectType>service</objectType></provider><object><summary>I hate sleeping in late but this cold got me going thru it! More Nyquil then back to bed. Ugh</summary><id>object:search.twitter.com,2005:185039171444940803</id><link>http://twitter.com/BritFM_/statuses/185039171444940803</link><postedTime>2012-03-28T16:22:30.000Z</postedTime><objectType>note</objectType></object><actor><summary/><twitterTimeZone>Mid-Atlantic</twitterTimeZone><friendsCount>105</friendsCount><location><displayName>houstatlantavegas</displayName><objectType>place</objectType></location><link>http://www.twitter.com/BritFM_</link><postedTime>2011-10-30T22:56:40.000Z</postedTime><image>http://a0.twimg.com/profile_images/1906167433/CW6J0S3o_normal</image><links><links><rel>me</rel><href/></links></links><listedCount>0</listedCount><id>id:twitter.com:401688606</id><languages><languages>en</languages></languages><utcOffset>-7200</utcOffset><followersCount>25</followersCount><preferredUsername>BritFM_</preferredUsername><displayName>brie .¤	</displayName><statusesCount>612</statusesCount><objectType>person</objectType></actor><twitter_entities><hashtags/><user_mentions/><urls/></twitter_entities><objectType>activity</objectType><platform>twitter</platform><posted_date>2012-03-28</posted_date><followers>25</followers><statuses>612</statuses><region>Mid-Atlantic</region></marklogic>