<?xml version="1.0" encoding="UTF-8"?>
<marklogic><id>tag:search.twitter.com,2005:185057678698102786</id><type>P</type><type>P</type><body>“@Spicypandy: eeiissh am <adverse_event>Blushing</adverse_event>....see am RT @Ga_nyo_koborlor: i miss Spicypandy” awww ma <product_name company="Johnson - Johnson">Bebe</product_name> :)</body><verb>post</verb><link>http://twitter.com/Ga_nyo_koborlor/statuses/185057678698102786</link><generator><link>http://www.tweetdeck.com</link><displayName>TweetDeck</displayName></generator><postedTime>2012-03-28T17:36:03.000Z</postedTime><provider><link>http://www.twitter.com</link><displayName>Twitter</displayName><objectType>service</objectType></provider><object><summary>“@Spicypandy: eeiissh am blushing....see am RT @Ga_nyo_koborlor: i miss Spicypandy” awww ma bebe :)</summary><id>object:search.twitter.com,2005:185057678698102786</id><link>http://twitter.com/Ga_nyo_koborlor/statuses/185057678698102786</link><postedTime>2012-03-28T17:36:03.000Z</postedTime><objectType>note</objectType></object><actor><summary>im so cool i make the ice cubes shiver! Brrrrrrr!!! &#13;
#teamfollowback  &#13;
#teamUCC&#13;
 #teamgraphicdesigners&#13;
#teamphotoshop</summary><twitterTimeZone>Casablanca</twitterTimeZone><friendsCount>139</friendsCount><location><displayName>in my lapaz toyota!</displayName><objectType>place</objectType></location><link>http://www.twitter.com/Ga_nyo_koborlor</link><postedTime>2010-03-18T19:18:47.000Z</postedTime><image>http://a0.twimg.com/profile_images/1976980251/Ga_nyo_koborlor_1235051288865341470_normal.jpg</image><links><links><rel>me</rel><href>http://Ganyokobolor.tumblr.com</href></links></links><listedCount>1</listedCount><id>id:twitter.com:124247149</id><languages><languages>en</languages></languages><utcOffset>0</utcOffset><followersCount>137</followersCount><preferredUsername>Ga_nyo_koborlor</preferredUsername><displayName>Nii Annertey Abbey-T</displayName><statusesCount>7958</statusesCount><objectType>person</objectType></actor><twitter_entities><hashtags/><user_mentions><user_mentions><indices><indices>1</indices><indices>12</indices></indices><id_str>285711285</id_str><name>pandita kemevor</name><id>285711285</id><screen_name>Spicypandy</screen_name></user_mentions><user_mentions><indices><indices>47</indices><indices>63</indices></indices><id_str>124247149</id_str><name>Nii Annertey Abbey-T</name><id>124247149</id><screen_name>Ga_nyo_koborlor</screen_name></user_mentions></user_mentions><urls/></twitter_entities><objectType>activity</objectType><platform>twitter</platform><posted_date>2012-03-28</posted_date><followers>137</followers><statuses>7958</statuses><region>Casablanca</region></marklogic>