<?xml version="1.0" encoding="UTF-8"?>
<marklogic><id>tag:search.twitter.com,2005:185060904713461760</id><type>P</type><type>P</type><body>She's like <adverse_event>Cold</adverse_event> coffee in the morning, I'm drunk  last nights whisky and <product_name company="Coca Cola">Coke</product_name></body><verb>post</verb><link>http://twitter.com/lauraarigby/statuses/185060904713461760</link><generator><link>http://blackberry.com/twitter</link><displayName>Twitter for BlackBerry®</displayName></generator><postedTime>2012-03-28T17:48:52.000Z</postedTime><provider><link>http://www.twitter.com</link><displayName>Twitter</displayName><objectType>service</objectType></provider><object><summary>She's like cold coffee in the morning, I'm drunk off last nights whisky and coke</summary><id>object:search.twitter.com,2005:185060904713461760</id><link>http://twitter.com/lauraarigby/statuses/185060904713461760</link><postedTime>2012-03-28T17:48:52.000Z</postedTime><objectType>note</objectType></object><actor><summary>Snow Patrol, Ed Sheeran and The Kooks #lovelovelove. Obsessed with extra milky tea and 1 sugar</summary><twitterTimeZone>London</twitterTimeZone><friendsCount>462</friendsCount><location><displayName>Tobys Cupboard</displayName><objectType>place</objectType></location><link>http://www.twitter.com/lauraarigby</link><postedTime>2009-08-29T13:46:30.000Z</postedTime><image>http://a0.twimg.com/profile_images/1965120789/522296_3691711850696_1212250903_33745825_152801496_n_normal.jpg</image><links><links><rel>me</rel><href/></links></links><listedCount>0</listedCount><id>id:twitter.com:69870258</id><languages><languages>en</languages></languages><utcOffset>0</utcOffset><followersCount>465</followersCount><preferredUsername>lauraarigby</preferredUsername><displayName>Laura Rigby</displayName><statusesCount>2220</statusesCount><objectType>person</objectType></actor><twitter_entities><hashtags/><urls/><user_mentions/></twitter_entities><objectType>activity</objectType><platform>twitter</platform><posted_date>2012-03-28</posted_date><followers>465</followers><statuses>2220</statuses><region>London</region></marklogic>