<?xml version="1.0" encoding="UTF-8"?>
<marklogic><id>tag:search.twitter.com,2005:185044517223800832</id><type>P</type><type>P</type><body>Why must the <product_name company="N.A.">Chapstick</product_name> <adverse_event>Burn</adverse_event>? &amp;gt;.&amp;lt;</body><verb>post</verb><link>http://twitter.com/Finlandia513/statuses/185044517223800832</link><generator><link>http://twitter.com/#!/download/iphone</link><displayName>Twitter for iPhone</displayName></generator><postedTime>2012-03-28T16:43:45.000Z</postedTime><provider><link>http://www.twitter.com</link><displayName>Twitter</displayName><objectType>service</objectType></provider><object><summary>Why must the chapstick burn? &amp;gt;.&amp;lt;</summary><id>object:search.twitter.com,2005:185044517223800832</id><link>http://twitter.com/Finlandia513/statuses/185044517223800832</link><postedTime>2012-03-28T16:43:45.000Z</postedTime><objectType>note</objectType></object><actor><summary>Italian. Irish. College student. Chemistry major. Lover not a fighter. One of a kind. Always smiling and laughing.</summary><twitterTimeZone>Eastern Time (US &amp; Canada)</twitterTimeZone><friendsCount>686</friendsCount><location><displayName>Hasbrouck Heights, NJ</displayName><objectType>place</objectType></location><link>http://www.twitter.com/Finlandia513</link><postedTime>2010-12-01T03:44:04.000Z</postedTime><image>http://a0.twimg.com/profile_images/1799752111/MeXmAS_eve2011_normal.png</image><links><links><rel>me</rel><href>http://www.facebook.com/nicole.k.iappelli</href></links></links><listedCount>1</listedCount><id>id:twitter.com:221615194</id><languages><languages>en</languages></languages><utcOffset>-18000</utcOffset><followersCount>220</followersCount><preferredUsername>Finlandia513</preferredUsername><displayName>Nicole K. Iappelli</displayName><statusesCount>2360</statusesCount><objectType>person</objectType></actor><twitter_entities><hashtags/><user_mentions/><urls/></twitter_entities><objectType>activity</objectType><platform>twitter</platform><posted_date>2012-03-28</posted_date><followers>220</followers><statuses>2360</statuses><region>Eastern</region></marklogic>