<?xml version="1.0" encoding="UTF-8"?>
<marklogic><id>tag:search.twitter.com,2005:185055786450419713</id><type>P</type><type>P</type><body>i feel like i shoud take this <product_name company="Johnson - Johnson">Motrin</product_name> cause this fake me out <adverse_event>Headache</adverse_event> turned migrane ion want that joint to come back</body><verb>post</verb><link>http://twitter.com/sexxdatesbrova/statuses/185055786450419713</link><generator><link>http://www.tweetdeck.com</link><displayName>TweetDeck</displayName></generator><postedTime>2012-03-28T17:28:32.000Z</postedTime><provider><link>http://www.twitter.com</link><displayName>Twitter</displayName><objectType>service</objectType></provider><object><summary>i feel like i shoud take this Motrin cause this fake me out headache turned migrane ion want that joint to come back</summary><id>object:search.twitter.com,2005:185055786450419713</id><link>http://twitter.com/sexxdatesbrova/statuses/185055786450419713</link><postedTime>2012-03-28T17:28:32.000Z</postedTime><objectType>note</objectType></object><actor><summary>High To The Max In My Zone On My Cloud.Eccentric xx Eclectic Hippie Who Loves All The Colors of The Rainbow &amp;&amp; Those Not Seen;; Rip Tay &amp;&amp; Zoe 1000 EveryDay .!</summary><twitterTimeZone>Eastern Time (US &amp; Canada)</twitterTimeZone><friendsCount>936</friendsCount><location><displayName>Uptown DC - Landova MD</displayName><objectType>place</objectType></location><link>http://www.twitter.com/sexxdatesbrova</link><postedTime>2009-10-06T12:43:49.000Z</postedTime><image>http://a0.twimg.com/profile_images/1911951690/IMG_0689_normal.JPG</image><links><links><rel>me</rel><href/></links></links><listedCount>46</listedCount><id>id:twitter.com:80292189</id><languages><languages>en</languages></languages><utcOffset>-18000</utcOffset><followersCount>1194</followersCount><preferredUsername>sexxdatesbrova</preferredUsername><displayName>Be.Be. Cullen</displayName><statusesCount>122999</statusesCount><objectType>person</objectType></actor><twitter_entities><hashtags/><urls/><user_mentions/></twitter_entities><objectType>activity</objectType><platform>twitter</platform><posted_date>2012-03-28</posted_date><followers>1194</followers><statuses>122999</statuses><region>Eastern</region></marklogic>