<?xml version="1.0" encoding="UTF-8"?>
<marklogic><id>tag:search.twitter.com,2005:185038621584265216</id><type>P</type><type>P</type><body>These <adverse_event>Cough</adverse_event> drops make me feel like I'm eating <product_name company="P&amp;G">Vicks</product_name> Vaporub.</body><verb>post</verb><link>http://twitter.com/avocadoqveen/statuses/185038621584265216</link><generator><link>http://twitter.com/#!/download/iphone</link><displayName>Twitter for iPhone</displayName></generator><postedTime>2012-03-28T16:20:19.000Z</postedTime><provider><link>http://www.twitter.com</link><displayName>Twitter</displayName><objectType>service</objectType></provider><object><summary>These cough drops make me feel like I'm eating Vicks Vaporub.</summary><id>object:search.twitter.com,2005:185038621584265216</id><link>http://twitter.com/avocadoqveen/statuses/185038621584265216</link><postedTime>2012-03-28T16:20:19.000Z</postedTime><objectType>note</objectType></object><actor><summary>Hi.</summary><twitterTimeZone>Atlantic Time (Canada)</twitterTimeZone><friendsCount>153</friendsCount><link>http://www.twitter.com/avocadoqveen</link><postedTime>2012-02-21T07:00:02.000Z</postedTime><image>http://a0.twimg.com/profile_images/1951725063/image_normal.jpg</image><links><links><rel>me</rel><href/></links></links><listedCount>0</listedCount><id>id:twitter.com:498602218</id><languages><languages>en</languages></languages><utcOffset>-14400</utcOffset><followersCount>145</followersCount><preferredUsername>avocadoqveen</preferredUsername><displayName>Stephanie Marie.</displayName><statusesCount>603</statusesCount><objectType>person</objectType></actor><twitter_entities><hashtags/><user_mentions/><urls/></twitter_entities><objectType>activity</objectType><platform>twitter</platform><posted_date>2012-03-28</posted_date><followers>145</followers><statuses>603</statuses><region>Atlantic</region></marklogic>