<?xml version="1.0" encoding="UTF-8"?>
<marklogic><id>tag:search.twitter.com,2005:185065002414243840</id><type>P</type><type>P</type><body><product_name company="Johnson - Johnson">Benadryl</product_name> when you have a <adverse_event>Cold</adverse_event> http://t.co/v7EV2UFR</body><verb>post</verb><link>http://twitter.com/pocejixyb/statuses/185065002414243840</link><generator><link>http://twitter.com</link><displayName>web</displayName></generator><postedTime>2012-03-28T18:05:09.000Z</postedTime><provider><link>http://www.twitter.com</link><displayName>Twitter</displayName><objectType>service</objectType></provider><object><summary>benadryl when you have a cold http://t.co/v7EV2UFR</summary><id>object:search.twitter.com,2005:185065002414243840</id><link>http://twitter.com/pocejixyb/statuses/185065002414243840</link><postedTime>2012-03-28T18:05:09.000Z</postedTime><objectType>note</objectType></object><actor><summary/><twitterTimeZone/><friendsCount>52</friendsCount><link>http://www.twitter.com/pocejixyb</link><postedTime>2011-12-17T04:57:39.000Z</postedTime><image>http://a0.twimg.com/sticky/default_profile_images/default_profile_4_normal.png</image><links><links><rel>me</rel><href/></links></links><listedCount>0</listedCount><id>id:twitter.com:438913892</id><languages><languages>en</languages></languages><utcOffset/><followersCount>11</followersCount><preferredUsername>pocejixyb</preferredUsername><displayName>Pukoja Xabe</displayName><statusesCount>546</statusesCount><objectType>person</objectType></actor><twitter_entities><hashtags/><user_mentions/><urls><urls><indices><indices>30</indices><indices>50</indices></indices><expanded_url>http://benadryl-when-you-have-a-cold.cheapillsshop.com</expanded_url><display_url>…hen-you-have-a-cold.cheapillsshop.com</display_url><url>http://t.co/v7EV2UFR</url></urls></urls></twitter_entities><objectType>activity</objectType><platform>twitter</platform><posted_date>2012-03-28</posted_date><followers>11</followers><statuses>546</statuses><region>N.A.</region></marklogic>