<?xml version="1.0" encoding="UTF-8"?>
<marklogic><id>tag:search.twitter.com,2005:185045911821492225</id><type>P</type><type>P</type><body>Can u read my hips? Read between the lines?...#<adverse_event>Cold</adverse_event> lyrics <product_name company="Novartis">Keri</product_name>!</body><verb>post</verb><link>http://twitter.com/CarmenSand/statuses/185045911821492225</link><generator><link>http://www.tweetdeck.com</link><displayName>TweetDeck</displayName></generator><postedTime>2012-03-28T16:49:18.000Z</postedTime><provider><link>http://www.twitter.com</link><displayName>Twitter</displayName><objectType>service</objectType></provider><object><summary>Can u read my hips? Read between the lines?...#cold lyrics Keri!</summary><id>object:search.twitter.com,2005:185045911821492225</id><link>http://twitter.com/CarmenSand/statuses/185045911821492225</link><postedTime>2012-03-28T16:49:18.000Z</postedTime><objectType>note</objectType></object><actor><summary> Singer/Songwriter HOUSTON LEGEND/ BALLWITHME!  featured wit Big Pokey, Lil O, ESG, Hawk, Cnote, Lil Flip, Beanie Siegal, 8Ball, Papa Reu, Lil Rob, Gemini n mo!</summary><twitterTimeZone>Central Time (US &amp; Canada)</twitterTimeZone><friendsCount>837</friendsCount><location><displayName>Musical Paradise.... join me?</displayName><objectType>place</objectType></location><link>http://www.twitter.com/CarmenSand</link><postedTime>2009-07-23T17:51:28.000Z</postedTime><image>http://a0.twimg.com/profile_images/1767816546/profile_image_1327034138973_normal.jpg</image><links><links><rel>me</rel><href>http://www.facebook.com/csandiegohouston</href></links></links><listedCount>56</listedCount><id>id:twitter.com:59536050</id><languages><languages>en</languages></languages><utcOffset>-21600</utcOffset><followersCount>2036</followersCount><preferredUsername>CarmenSand</preferredUsername><displayName>Carmen Sandiego HTX</displayName><statusesCount>13856</statusesCount><objectType>person</objectType></actor><twitter_entities><hashtags><hashtags><text>cold</text><indices><indices>46</indices><indices>51</indices></indices></hashtags></hashtags><urls/><user_mentions/></twitter_entities><objectType>activity</objectType><platform>twitter</platform><posted_date>2012-03-28</posted_date><followers>2036</followers><statuses>13856</statuses><region>Central</region></marklogic>