<?xml version="1.0" encoding="UTF-8"?>
<marklogic><id>tag:search.twitter.com,2005:185060058089000960</id><type>P</type><type>P</type><inReplyTo><link>http://twitter.com/scott_rennie/statuses/185056130039418882</link></inReplyTo><body>@<product_name company="Kimberly Clark">Scott</product_name>_rennie with a 5-0 lead I think they could afford to roll all four lines, but <adverse_event>Spotting</adverse_event> guys in has been working, so why change?</body><verb>post</verb><link>http://twitter.com/MattGourlie/statuses/185060058089000960</link><generator><link>http://twitter.com</link><displayName>web</displayName></generator><postedTime>2012-03-28T17:45:30.000Z</postedTime><provider><link>http://www.twitter.com</link><displayName>Twitter</displayName><objectType>service</objectType></provider><object><summary>@scott_rennie with a 5-0 lead I think they could afford to roll all four lines, but spotting guys in has been working, so why change?</summary><id>object:search.twitter.com,2005:185060058089000960</id><link>http://twitter.com/MattGourlie/statuses/185060058089000960</link><postedTime>2012-03-28T17:45:30.000Z</postedTime><objectType>note</objectType></object><actor><summary>Sportswriter for the Moose Jaw Times-Herald.</summary><twitterTimeZone/><friendsCount>80</friendsCount><location><displayName>Moose Jaw</displayName><objectType>place</objectType></location><link>http://www.twitter.com/MattGourlie</link><postedTime>2012-01-31T00:28:57.000Z</postedTime><image>http://a0.twimg.com/profile_images/1973290194/twitter-minorhockeycrop_normal.jpg</image><links><links><rel>me</rel><href/></links></links><listedCount>1</listedCount><id>id:twitter.com:479084093</id><languages><languages>en</languages></languages><utcOffset/><followersCount>49</followersCount><preferredUsername>MattGourlie</preferredUsername><displayName>Matthew Gourlie</displayName><statusesCount>63</statusesCount><objectType>person</objectType></actor><twitter_entities><hashtags/><user_mentions><user_mentions><indices><indices>0</indices><indices>13</indices></indices><id_str>123148446</id_str><name>Scott Rennie</name><id>123148446</id><screen_name>scott_rennie</screen_name></user_mentions></user_mentions><urls/></twitter_entities><objectType>activity</objectType><platform>twitter</platform><posted_date>2012-03-28</posted_date><followers>49</followers><statuses>63</statuses><region>N.A.</region></marklogic>