<?xml version="1.0" encoding="UTF-8"?>
<marklogic><id>tag:search.twitter.com,2005:185056555874529280</id><type>P</type><type>P</type><body>I have an allergy <adverse_event>Headache</adverse_event> im bout to take some <product_name company="Johnson - Johnson">Benadryl</product_name> and sleep!</body><verb>post</verb><link>http://twitter.com/Jovohnny23/statuses/185056555874529280</link><generator><link>http://twitter.com/#!/download/iphone</link><displayName>Twitter for iPhone</displayName></generator><postedTime>2012-03-28T17:31:35.000Z</postedTime><provider><link>http://www.twitter.com</link><displayName>Twitter</displayName><objectType>service</objectType></provider><object><summary>I have an allergy headache im bout to take some benadryl and sleep!</summary><id>object:search.twitter.com,2005:185056555874529280</id><link>http://twitter.com/Jovohnny23/statuses/185056555874529280</link><postedTime>2012-03-28T17:31:35.000Z</postedTime><objectType>note</objectType></object><actor><summary>#teamfollowback #teamsingle #teamdmv #TEAMVOHNNY </summary><twitterTimeZone/><friendsCount>180</friendsCount><link>http://www.twitter.com/Jovohnny23</link><postedTime>2010-08-24T19:04:51.000Z</postedTime><image>http://a0.twimg.com/profile_images/1659336663/image_normal.jpg</image><links><links><rel>me</rel><href/></links></links><listedCount>0</listedCount><id>id:twitter.com:182501382</id><languages><languages>en</languages></languages><utcOffset/><followersCount>183</followersCount><preferredUsername>Jovohnny23</preferredUsername><displayName>Vohnny</displayName><statusesCount>5437</statusesCount><objectType>person</objectType></actor><twitter_entities><hashtags/><urls/><user_mentions/></twitter_entities><objectType>activity</objectType><platform>twitter</platform><posted_date>2012-03-28</posted_date><followers>183</followers><statuses>5437</statuses><region>N.A.</region></marklogic>