<?xml version="1.0" encoding="UTF-8"?>
<marklogic><id>tag:search.twitter.com,2005:185066771911413760</id><type>P</type><type>P</type><inReplyTo><link>http://twitter.com/FrannyyJay/statuses/185066453945430016</link></inReplyTo><body>@FrannyyJay I hurt my back a couple months ago, those <adverse_event>Heat</adverse_event> patches or the <product_name company="N.A.">Icy hot</product_name> patches worked great!!</body><verb>post</verb><link>http://twitter.com/glaesser8/statuses/185066771911413760</link><generator><link>http://twitter.com/#!/download/iphone</link><displayName>Twitter for iPhone</displayName></generator><postedTime>2012-03-28T18:12:11.000Z</postedTime><provider><link>http://www.twitter.com</link><displayName>Twitter</displayName><objectType>service</objectType></provider><object><summary>@FrannyyJay I hurt my back a couple months ago, those heat patches or the icy hot patches worked great!!</summary><id>object:search.twitter.com,2005:185066771911413760</id><link>http://twitter.com/glaesser8/statuses/185066771911413760</link><postedTime>2012-03-28T18:12:11.000Z</postedTime><objectType>note</objectType></object><actor><summary/><twitterTimeZone/><friendsCount>63</friendsCount><link>http://www.twitter.com/glaesser8</link><postedTime>2012-02-18T18:23:08.000Z</postedTime><image>http://a0.twimg.com/profile_images/1900242994/image_normal.jpg</image><links><links><rel>me</rel><href/></links></links><listedCount>0</listedCount><id>id:twitter.com:496200407</id><languages><languages>en</languages></languages><utcOffset/><followersCount>23</followersCount><preferredUsername>glaesser8</preferredUsername><displayName>James Glaesser</displayName><statusesCount>93</statusesCount><objectType>person</objectType></actor><twitter_entities><hashtags/><user_mentions><user_mentions><indices><indices>0</indices><indices>11</indices></indices><id_str>339500872</id_str><name>Jazzy Camacho</name><id>339500872</id><screen_name>FrannyyJay</screen_name></user_mentions></user_mentions><urls/></twitter_entities><objectType>activity</objectType><platform>twitter</platform><posted_date>2012-03-28</posted_date><followers>23</followers><statuses>93</statuses><region>N.A.</region></marklogic>