<?xml version="1.0" encoding="UTF-8"?>
<marklogic><id>tag:search.twitter.com,2005:185072045103652864</id><type>P</type><type>P</type><body>Got some <adverse_event>Red eyes</adverse_event> on this paper, <product_name company="Johnson - Johnson">Visine</product_name> couldn't make it clearer...</body><verb>post</verb><link>http://twitter.com/JohnnyBdmnd/statuses/185072045103652864</link><generator><link>http://blackberry.com/twitter</link><displayName>Twitter for BlackBerry®</displayName></generator><postedTime>2012-03-28T18:33:08.000Z</postedTime><provider><link>http://www.twitter.com</link><displayName>Twitter</displayName><objectType>service</objectType></provider><object><summary>Got some red eyes on this paper, visine couldn't make it clearer...</summary><id>object:search.twitter.com,2005:185072045103652864</id><link>http://twitter.com/JohnnyBdmnd/statuses/185072045103652864</link><postedTime>2012-03-28T18:33:08.000Z</postedTime><objectType>note</objectType></object><actor><summary>Bank Robbers, Schemers, Hustlas and Villain$&#13;
#DMNDgang</summary><twitterTimeZone>Quito</twitterTimeZone><friendsCount>44</friendsCount><location><displayName>Posted wit some #Villain$</displayName><objectType>place</objectType></location><link>http://www.twitter.com/JohnnyBdmnd</link><postedTime>2011-09-11T04:28:36.000Z</postedTime><image>http://a0.twimg.com/profile_images/1963841610/260213_10150206211228538_658518537_7054242_2535754_n_normal.jpg</image><links><links><rel>me</rel><href/></links></links><listedCount>0</listedCount><id>id:twitter.com:371592229</id><languages><languages>en</languages></languages><utcOffset>-18000</utcOffset><followersCount>98</followersCount><preferredUsername>JohnnyBdmnd</preferredUsername><displayName>D.M.N.D.$</displayName><statusesCount>4017</statusesCount><objectType>person</objectType></actor><twitter_entities><hashtags/><urls/><user_mentions/></twitter_entities><objectType>activity</objectType><platform>twitter</platform><posted_date>2012-03-28</posted_date><followers>98</followers><statuses>4017</statuses><region>Quito</region></marklogic>