<?xml version="1.0" encoding="UTF-8"?>
<marklogic><id>tag:search.twitter.com,2005:185036399974690817</id><type>P</type><type>P</type><body>"lets go  OUTSIDE :D" 
"but the <product_name company="Unilever">Sunlight</product_name>, IT <adverse_event>BURNS</adverse_event>!"
"well then you shouldnt play so many video games in a dark room should you"</body><verb>post</verb><link>http://twitter.com/TopHatTeaParty/statuses/185036399974690817</link><generator><link>http://twitter.com</link><displayName>web</displayName></generator><postedTime>2012-03-28T16:11:30.000Z</postedTime><provider><link>http://www.twitter.com</link><displayName>Twitter</displayName><objectType>service</objectType></provider><object><summary>"lets go  OUTSIDE :D" 
"but the sunlight, IT BURNS!"
"well then you shouldnt play so many video games in a dark room should you"</summary><id>object:search.twitter.com,2005:185036399974690817</id><link>http://twitter.com/TopHatTeaParty/statuses/185036399974690817</link><postedTime>2012-03-28T16:11:30.000Z</postedTime><objectType>note</objectType></object><actor><summary>aristotle vs MASHY SPIKE PLATE&#13;
i'm a gamer yes, i also love films, books, and most of all MUSIC XD&#13;
&#13;
i belong in hyrule&#13;
saving princess before it was cool</summary><twitterTimeZone>London</twitterTimeZone><friendsCount>71</friendsCount><location><displayName>behind you :D</displayName><objectType>place</objectType></location><link>http://www.twitter.com/TopHatTeaParty</link><postedTime>2011-03-15T18:46:54.000Z</postedTime><image>http://a0.twimg.com/profile_images/1838627340/Photo-0247_normal.jpg</image><links><links><rel>me</rel><href>http://www.isthatangelalansbury.com/</href></links></links><listedCount>0</listedCount><id>id:twitter.com:266742998</id><languages><languages>en</languages></languages><utcOffset>0</utcOffset><followersCount>35</followersCount><preferredUsername>TopHatTeaParty</preferredUsername><displayName>Mad hatter! =|:D</displayName><statusesCount>1015</statusesCount><objectType>person</objectType></actor><twitter_entities><hashtags/><user_mentions/><urls/></twitter_entities><objectType>activity</objectType><platform>twitter</platform><posted_date>2012-03-28</posted_date><followers>35</followers><statuses>1015</statuses><region>London</region></marklogic>