<?xml version="1.0" encoding="UTF-8"?>
<marklogic><id>tag:search.twitter.com,2005:185077512144027649</id><type>P</type><type>P</type><body><product_name company="Johnson - Johnson">Zyrtec</product_name> <adverse_event>Nausea</adverse_event> a comprehensive view http://t.co/X4F8ZpjJ</body><verb>post</verb><link>http://twitter.com/nicafadokoc/statuses/185077512144027649</link><generator><link>http://twitter.com</link><displayName>web</displayName></generator><postedTime>2012-03-28T18:54:52.000Z</postedTime><provider><link>http://www.twitter.com</link><displayName>Twitter</displayName><objectType>service</objectType></provider><object><summary>zyrtec nausea a comprehensive view http://t.co/X4F8ZpjJ</summary><id>object:search.twitter.com,2005:185077512144027649</id><link>http://twitter.com/nicafadokoc/statuses/185077512144027649</link><postedTime>2012-03-28T18:54:52.000Z</postedTime><objectType>note</objectType></object><actor><summary>This is me: disalike, bantered, brag and chatter.&#13;</summary><twitterTimeZone/><friendsCount>24</friendsCount><location><displayName>WV&#13;</displayName><objectType>place</objectType></location><link>http://www.twitter.com/nicafadokoc</link><postedTime>2012-02-10T22:24:31.000Z</postedTime><image>http://a0.twimg.com/profile_images/1820388858/695_normal.gif</image><links><links><rel>me</rel><href/></links></links><listedCount>0</listedCount><id>id:twitter.com:488846534</id><languages><languages>en</languages></languages><utcOffset/><followersCount>7</followersCount><preferredUsername>nicafadokoc</preferredUsername><displayName>laubersheimer</displayName><statusesCount>75</statusesCount><objectType>person</objectType></actor><twitter_entities><hashtags/><user_mentions/><urls><urls><indices><indices>35</indices><indices>55</indices></indices><expanded_url>http://zyrtec-nausea-a-comprehensive-view.cheapillsshop.com</expanded_url><display_url>…-comprehensive-view.cheapillsshop.com</display_url><url>http://t.co/X4F8ZpjJ</url></urls></urls></twitter_entities><objectType>activity</objectType><platform>twitter</platform><posted_date>2012-03-28</posted_date><followers>7</followers><statuses>75</statuses><region>N.A.</region></marklogic>