<?xml version="1.0" encoding="UTF-8"?>
<marklogic><id>tag:search.twitter.com,2005:185078858226221056</id><type>P</type><type>P</type><body><product_name company="Kao Brands">Curel</product_name> Ultra Healing 24-Hour Daily Moisturizing Lotion for Extra-<adverse_event>Dry Skin</adverse_event>, 13-Ounce Dispenser:  http://t.co/2NJaavaZ</body><verb>post</verb><link>http://twitter.com/tudfwlchteer/statuses/185078858226221056</link><generator><link>http://twitterfeed.com</link><displayName>twitterfeed</displayName></generator><postedTime>2012-03-28T19:00:13.000Z</postedTime><provider><link>http://www.twitter.com</link><displayName>Twitter</displayName><objectType>service</objectType></provider><object><summary>Curel Ultra Healing 24-Hour Daily Moisturizing Lotion for Extra-Dry Skin, 13-Ounce Dispenser:  http://t.co/2NJaavaZ</summary><id>object:search.twitter.com,2005:185078858226221056</id><link>http://twitter.com/tudfwlchteer/statuses/185078858226221056</link><postedTime>2012-03-28T19:00:13.000Z</postedTime><objectType>note</objectType></object><actor><summary/><twitterTimeZone/><friendsCount>0</friendsCount><link>http://www.twitter.com/tudfwlchteer</link><postedTime>2011-11-21T08:01:11.000Z</postedTime><image>http://a0.twimg.com/sticky/default_profile_images/default_profile_4_normal.png</image><links><links><rel>me</rel><href/></links></links><listedCount>0</listedCount><id>id:twitter.com:417692027</id><languages><languages>en</languages></languages><utcOffset/><followersCount>7</followersCount><preferredUsername>tudfwlchteer</preferredUsername><displayName>tudfwlchteer</displayName><statusesCount>827</statusesCount><objectType>person</objectType></actor><twitter_entities><hashtags/><user_mentions/><urls><urls><indices><indices>95</indices><indices>115</indices></indices><expanded_url>http://bit.ly/Hk8VCj</expanded_url><display_url>bit.ly/Hk8VCj</display_url><url>http://t.co/2NJaavaZ</url></urls></urls></twitter_entities><objectType>activity</objectType><platform>twitter</platform><posted_date>2012-03-28</posted_date><followers>7</followers><statuses>827</statuses><region>N.A.</region></marklogic>