<?xml version="1.0" encoding="UTF-8"?>
<marklogic><id>tag:search.twitter.com,2005:185052503354769410</id><type>P</type><type>P</type><body>@brianpaddick can you make it a mayoral <product_name company="SC Johnson">Pledge</product_name> to get more barclays hire <adverse_event>Spots</adverse_event> please, pref around Parliament!</body><verb>post</verb><link>http://twitter.com/PoliticalParry/statuses/185052503354769410</link><generator><link>http://blackberry.com/twitter</link><displayName>Twitter for BlackBerry®</displayName></generator><postedTime>2012-03-28T17:15:29.000Z</postedTime><provider><link>http://www.twitter.com</link><displayName>Twitter</displayName><objectType>service</objectType></provider><object><summary>@brianpaddick can you make it a mayoral pledge to get more barclays hire spots please, pref around Parliament!</summary><id>object:search.twitter.com,2005:185052503354769410</id><link>http://twitter.com/PoliticalParry/statuses/185052503354769410</link><postedTime>2012-03-28T17:15:29.000Z</postedTime><objectType>note</objectType></object><actor><summary>Active. Feminist. Liberal. Political. Aware. AKA KMB or @Kelbelle_LD&#13;
</summary><twitterTimeZone>London</twitterTimeZone><friendsCount>1576</friendsCount><location><displayName>Ashford, Kent, UK </displayName><objectType>place</objectType></location><link>http://www.twitter.com/PoliticalParry</link><postedTime>2009-11-28T12:51:12.000Z</postedTime><image>http://a0.twimg.com/profile_images/1870256626/tv_sq_normal.png</image><links><links><rel>me</rel><href>http://www.politicalparry.co.uk</href></links></links><listedCount>82</listedCount><id>id:twitter.com:93178604</id><languages><languages>en</languages></languages><utcOffset>0</utcOffset><followersCount>1349</followersCount><preferredUsername>PoliticalParry</preferredUsername><displayName>Political Parry</displayName><statusesCount>18600</statusesCount><objectType>person</objectType></actor><twitter_entities><hashtags/><user_mentions><user_mentions><indices><indices>0</indices><indices>13</indices></indices><id_str>11801292</id_str><name>Brian Paddick</name><id>11801292</id><screen_name>brianpaddick</screen_name></user_mentions></user_mentions><urls/></twitter_entities><objectType>activity</objectType><platform>twitter</platform><posted_date>2012-03-28</posted_date><followers>1349</followers><statuses>18600</statuses><region>London</region></marklogic>