<?xml version="1.0" encoding="UTF-8"?>
<marklogic><id>tag:search.twitter.com,2005:185068833478946817</id><type>P</type><type>P</type><body>I liked a @YouTube video http://t.co/KDihpuRy <adverse_event>Spot</adverse_event> <product_name company="Kimberly Clark">Huggies</product_name> - Huellitas</body><verb>post</verb><link>http://twitter.com/RuizRuizdiaz/statuses/185068833478946817</link><generator><link>http://www.google.com/</link><displayName>Google</displayName></generator><postedTime>2012-03-28T18:20:22.000Z</postedTime><provider><link>http://www.twitter.com</link><displayName>Twitter</displayName><objectType>service</objectType></provider><object><summary>I liked a @YouTube video http://t.co/KDihpuRy Spot Huggies - Huellitas</summary><id>object:search.twitter.com,2005:185068833478946817</id><link>http://twitter.com/RuizRuizdiaz/statuses/185068833478946817</link><postedTime>2012-03-28T18:20:22.000Z</postedTime><objectType>note</objectType></object><actor><summary>naci el 3 de octubre de 2001</summary><twitterTimeZone/><friendsCount>41</friendsCount><location><displayName>general paz 11510</displayName><objectType>place</objectType></location><link>http://www.twitter.com/RuizRuizdiaz</link><postedTime>2011-12-13T21:14:47.000Z</postedTime><image>http://a0.twimg.com/profile_images/1691624732/alexander_ruiz_normal.jpg</image><links><links><rel>me</rel><href/></links></links><listedCount>0</listedCount><id>id:twitter.com:436152334</id><languages><languages>es</languages></languages><utcOffset/><followersCount>3</followersCount><preferredUsername>RuizRuizdiaz</preferredUsername><displayName>alexander ruiz diaz</displayName><statusesCount>161</statusesCount><objectType>person</objectType></actor><twitter_entities><hashtags/><user_mentions><user_mentions><indices><indices>10</indices><indices>18</indices></indices><id_str>10228272</id_str><name>YouTube</name><id>10228272</id><screen_name>YouTube</screen_name></user_mentions></user_mentions><urls><urls><indices><indices>25</indices><indices>45</indices></indices><expanded_url>http://youtu.be/qcIfWCFiDqk?a</expanded_url><display_url>youtu.be/qcIfWCFiDqk?a</display_url><url>http://t.co/KDihpuRy</url></urls></urls></twitter_entities><objectType>activity</objectType><platform>twitter</platform><posted_date>2012-03-28</posted_date><followers>3</followers><statuses>161</statuses><region>N.A.</region></marklogic>