<?xml version="1.0" encoding="UTF-8"?>
<marklogic><id>tag:search.twitter.com,2005:187077981636792320</id><type>P</type><type>P</type><body><product_name company="Apple">IPad3</product_name> <adverse_event>Overheating</adverse_event></body><verb>post</verb><location><geo><type>Polygon</type><coordinates><coordinates><coordinates><coordinates>-74.117057</coordinates><coordinates>40.661622</coordinates></coordinates><coordinates><coordinates>-74.020405</coordinates><coordinates>40.661622</coordinates></coordinates><coordinates><coordinates>-74.020405</coordinates><coordinates>40.768867</coordinates></coordinates><coordinates><coordinates>-74.117057</coordinates><coordinates>40.768867</coordinates></coordinates></coordinates></coordinates></geo><link>http://api.twitter.com/1/geo/id/b046074b1030a44d.json</link><name>Jersey City</name><displayName>Jersey City, NJ</displayName><country_code>United States</country_code><objectType>place</objectType></location><link>http://twitter.com/ameydhavle/statuses/187077981636792320</link><generator><link>http://twitter.com</link><displayName>web</displayName></generator><postedTime>2012-04-03T07:24:01.000Z</postedTime><provider><link>http://www.twitter.com</link><displayName>Twitter</displayName><objectType>service</objectType></provider><object><summary>iPad3 overheating</summary><id>object:search.twitter.com,2005:187077981636792320</id><link>http://twitter.com/ameydhavle/statuses/187077981636792320</link><postedTime>2012-04-03T07:24:01.000Z</postedTime><objectType>note</objectType></object><actor><summary/><twitterTimeZone>Eastern Time (US &amp; Canada)</twitterTimeZone><friendsCount>5</friendsCount><link>http://www.twitter.com/ameydhavle</link><postedTime>2010-11-13T08:53:16.000Z</postedTime><image>http://a0.twimg.com/profile_images/1166058546/Photo_166_normal.jpg</image><links><links><rel>me</rel><href/></links></links><listedCount>0</listedCount><id>id:twitter.com:215211430</id><languages><languages>en</languages></languages><utcOffset>-18000</utcOffset><followersCount>4</followersCount><preferredUsername>ameydhavle</preferredUsername><displayName>ameydhavle</displayName><statusesCount>2</statusesCount><objectType>person</objectType></actor><twitter_entities><hashtags/><urls/><user_mentions/></twitter_entities><objectType>activity</objectType><platform>twitter</platform><posted_date>2012-04-03</posted_date><followers>4</followers><statuses>2</statuses><region>Eastern</region></marklogic>