<?xml version="1.0" encoding="UTF-8"?>
<marklogic><id>tag:search.twitter.com,2005:185074370752937984</id><type>P</type><type>P</type><body><product_name company="Johnson - Johnson">Benadryl</product_name> <adverse_event>Cold</adverse_event> dogs http://t.co/CunC594k</body><verb>post</verb><link>http://twitter.com/becuqilycona/statuses/185074370752937984</link><generator><link>http://twitter.com</link><displayName>web</displayName></generator><postedTime>2012-03-28T18:42:23.000Z</postedTime><provider><link>http://www.twitter.com</link><displayName>Twitter</displayName><objectType>service</objectType></provider><object><summary>benadryl cold dogs http://t.co/CunC594k</summary><id>object:search.twitter.com,2005:185074370752937984</id><link>http://twitter.com/becuqilycona/statuses/185074370752937984</link><postedTime>2012-03-28T18:42:23.000Z</postedTime><objectType>note</objectType></object><actor><summary>I'm 62. Cataloged, off and distracted. Also vast and superlative. Favorite movie - Asphalt Jungle, The.&#13;</summary><twitterTimeZone/><friendsCount>37</friendsCount><location><displayName>United States</displayName><objectType>place</objectType></location><link>http://www.twitter.com/becuqilycona</link><postedTime>2012-02-06T18:19:15.000Z</postedTime><image>http://a0.twimg.com/profile_images/1812438158/1439_normal.gif</image><links><links><rel>me</rel><href/></links></links><listedCount>0</listedCount><id>id:twitter.com:484988882</id><languages><languages>pt</languages></languages><utcOffset/><followersCount>18</followersCount><preferredUsername>becuqilycona</preferredUsername><displayName>byczek</displayName><statusesCount>152</statusesCount><objectType>person</objectType></actor><twitter_entities><hashtags/><user_mentions/><urls><urls><indices><indices>19</indices><indices>39</indices></indices><expanded_url>http://benadryl-cold-dogs.cheapillsshop.com</expanded_url><display_url>benadryl-cold-dogs.cheapillsshop.com</display_url><url>http://t.co/CunC594k</url></urls></urls></twitter_entities><objectType>activity</objectType><platform>twitter</platform><posted_date>2012-03-28</posted_date><followers>18</followers><statuses>152</statuses><region>N.A.</region></marklogic>