<?xml version="1.0" encoding="UTF-8"?>
<marklogic><id>tag:search.twitter.com,2005:185070589717921792</id><type>P</type><type>P</type><body>got back to flat and realised im red raw! hi <adverse_event>Cold</adverse_event> shower! #hydeparkhype time to finish the term <product_name company="SC Johnson">Off</product_name> in style! #onelastnight @db_92</body><verb>post</verb><link>http://twitter.com/ChressyP/statuses/185070589717921792</link><generator><link>http://twitter.com/#!/download/iphone</link><displayName>Twitter for iPhone</displayName></generator><postedTime>2012-03-28T18:27:21.000Z</postedTime><provider><link>http://www.twitter.com</link><displayName>Twitter</displayName><objectType>service</objectType></provider><object><summary>got back to flat and realised im red raw! hi cold shower! #hydeparkhype time to finish the term off in style! #onelastnight @db_92</summary><id>object:search.twitter.com,2005:185070589717921792</id><link>http://twitter.com/ChressyP/statuses/185070589717921792</link><postedTime>2012-03-28T18:27:21.000Z</postedTime><objectType>note</objectType></object><actor><summary>You only live once, but if you do it right, once is enough!!</summary><twitterTimeZone>London</twitterTimeZone><friendsCount>300</friendsCount><location><displayName>Bolton</displayName><objectType>place</objectType></location><link>http://www.twitter.com/ChressyP</link><postedTime>2010-10-18T19:24:35.000Z</postedTime><image>http://a0.twimg.com/profile_images/1646603162/image_normal.jpg</image><links><links><rel>me</rel><href/></links></links><listedCount>0</listedCount><id>id:twitter.com:204468532</id><languages><languages>en</languages></languages><utcOffset>0</utcOffset><followersCount>185</followersCount><preferredUsername>ChressyP</preferredUsername><displayName>Chris</displayName><statusesCount>1056</statusesCount><objectType>person</objectType></actor><twitter_entities><hashtags><hashtags><text>hydeparkhype</text><indices><indices>58</indices><indices>71</indices></indices></hashtags><hashtags><text>onelastnight</text><indices><indices>110</indices><indices>123</indices></indices></hashtags></hashtags><user_mentions><user_mentions><indices><indices>124</indices><indices>130</indices></indices><id_str>89264770</id_str><name>Danny Bale</name><id>89264770</id><screen_name>db_92</screen_name></user_mentions></user_mentions><urls/></twitter_entities><objectType>activity</objectType><platform>twitter</platform><posted_date>2012-03-28</posted_date><followers>185</followers><statuses>1056</statuses><region>London</region></marklogic>