<?xml version="1.0" encoding="UTF-8"?>
<marklogic><id>tag:search.twitter.com,2005:185034199303077891</id><type>P</type><type>P</type><body><adverse_event>Sneezing</adverse_event> while driving can be dangerous #caution #<product_name company="Kimberly Clark">Kleenex</product_name></body><verb>post</verb><link>http://twitter.com/desireehobbins/statuses/185034199303077891</link><generator><link>http://blackberry.com/twitter</link><displayName>Twitter for BlackBerry®</displayName></generator><postedTime>2012-03-28T16:02:45.000Z</postedTime><provider><link>http://www.twitter.com</link><displayName>Twitter</displayName><objectType>service</objectType></provider><object><summary>Sneezing while driving can be dangerous #caution #kleenex</summary><id>object:search.twitter.com,2005:185034199303077891</id><link>http://twitter.com/desireehobbins/statuses/185034199303077891</link><postedTime>2012-03-28T16:02:45.000Z</postedTime><objectType>note</objectType></object><actor><summary>Butter chicken &amp; kittenz is all I need in my life.</summary><twitterTimeZone/><friendsCount>155</friendsCount><location><displayName>yo a$$</displayName><objectType>place</objectType></location><link>http://www.twitter.com/desireehobbins</link><postedTime>2011-07-30T02:01:29.000Z</postedTime><image>http://a0.twimg.com/profile_images/1551079108/IMG_6032_1_normal.jpg</image><links><links><rel>me</rel><href/></links></links><listedCount>0</listedCount><id>id:twitter.com:345095984</id><languages><languages>en</languages></languages><utcOffset/><followersCount>154</followersCount><preferredUsername>desireehobbins</preferredUsername><displayName>Desiree Hobbins</displayName><statusesCount>649</statusesCount><objectType>person</objectType></actor><twitter_entities><hashtags><hashtags><text>caution</text><indices><indices>40</indices><indices>48</indices></indices></hashtags><hashtags><text>kleenex</text><indices><indices>49</indices><indices>57</indices></indices></hashtags></hashtags><user_mentions/><urls/></twitter_entities><objectType>activity</objectType><platform>twitter</platform><posted_date>2012-03-28</posted_date><followers>154</followers><statuses>649</statuses><region>N.A.</region></marklogic>