<?xml version="1.0" encoding="UTF-8"?>
<marklogic><id>tag:search.twitter.com,2005:185049235052445697</id><type>P</type><type>P</type><body> and <product_name company="Johnson - Johnson">Tylenol</product_name> alternating for <adverse_event>Fever</adverse_event> http://t.co/cHruOjkD</body><verb>post</verb><link>http://twitter.com/covaqifiga/statuses/185049235052445697</link><generator><link>http://twitter.com</link><displayName>web</displayName></generator><postedTime>2012-03-28T17:02:30.000Z</postedTime><provider><link>http://www.twitter.com</link><displayName>Twitter</displayName><objectType>service</objectType></provider><object><summary>motrin and tylenol alternating for fever http://t.co/cHruOjkD</summary><id>object:search.twitter.com,2005:185049235052445697</id><link>http://twitter.com/covaqifiga/statuses/185049235052445697</link><postedTime>2012-03-28T17:02:30.000Z</postedTime><objectType>note</objectType></object><actor><summary>Clockwork Orange, A to watch, Badly Drawn Boy to listen. About me: rhapsodies and panegyrics</summary><twitterTimeZone/><friendsCount>104</friendsCount><location><displayName>US</displayName><objectType>place</objectType></location><link>http://www.twitter.com/covaqifiga</link><postedTime>2011-12-10T18:52:46.000Z</postedTime><image>http://a0.twimg.com/profile_images/1685582227/558_normal.gif</image><links><links><rel>me</rel><href/></links></links><listedCount>0</listedCount><id>id:twitter.com:433574962</id><languages><languages>en</languages></languages><utcOffset/><followersCount>36</followersCount><preferredUsername>covaqifiga</preferredUsername><displayName>Raffaello Insko</displayName><statusesCount>367</statusesCount><objectType>person</objectType></actor><twitter_entities><hashtags/><urls><urls><indices><indices>41</indices><indices>61</indices></indices><expanded_url>http://motrin-and-tylenol-alternating-for-fever.cheapillsshop.com</expanded_url><display_url>…ternating-for-fever.cheapillsshop.com</display_url><url>http://t.co/cHruOjkD</url></urls></urls><user_mentions/></twitter_entities><objectType>activity</objectType><platform>twitter</platform><posted_date>2012-03-28</posted_date><followers>36</followers><statuses>367</statuses><region>N.A.</region></marklogic>