<?xml version="1.0" encoding="UTF-8"?>
<marklogic><id>tag:search.twitter.com,2005:185037414098677760</id><type>P</type><type>P</type><body>@ofmiceandreg took my <product_name company="Coca Cola">Fanta</product_name> fruit twist (a.k.a. My third favourite drink ever) and now I am dying of <adverse_event>Thirst</adverse_event></body><verb>post</verb><link>http://twitter.com/_elle0elle/statuses/185037414098677760</link><generator><link>http://twitter.com/download/android</link><displayName>Twitter for Android</displayName></generator><postedTime>2012-03-28T16:15:32.000Z</postedTime><provider><link>http://www.twitter.com</link><displayName>Twitter</displayName><objectType>service</objectType></provider><object><summary>@ofmiceandreg took my fanta fruit twist (a.k.a. My third favourite drink ever) and now I am dying of thirst</summary><id>object:search.twitter.com,2005:185037414098677760</id><link>http://twitter.com/_elle0elle/statuses/185037414098677760</link><postedTime>2012-03-28T16:15:32.000Z</postedTime><objectType>note</objectType></object><actor><summary>I have braces and that makes me better than you x</summary><twitterTimeZone>London</twitterTimeZone><friendsCount>494</friendsCount><location><displayName>Regan's bed.</displayName><objectType>place</objectType></location><link>http://www.twitter.com/_elle0elle</link><postedTime>2010-07-02T20:41:28.000Z</postedTime><image>http://a0.twimg.com/profile_images/1902318279/sdowsan_normal.jpg</image><links><links><rel>me</rel><href>http://shattered-conscience.tumblr.com</href></links></links><listedCount>1</listedCount><id>id:twitter.com:162141475</id><languages><languages>en</languages></languages><utcOffset>0</utcOffset><followersCount>373</followersCount><preferredUsername>_elle0elle</preferredUsername><displayName>Ellenarrr x </displayName><statusesCount>11509</statusesCount><objectType>person</objectType></actor><twitter_entities><hashtags/><user_mentions><user_mentions><indices><indices>0</indices><indices>13</indices></indices><name>reg</name><id_str>187489891</id_str><id>187489891</id><screen_name>ofmiceandreg</screen_name></user_mentions></user_mentions><urls/></twitter_entities><objectType>activity</objectType><platform>twitter</platform><posted_date>2012-03-28</posted_date><followers>373</followers><statuses>11509</statuses><region>London</region></marklogic>