<?xml version="1.0" encoding="UTF-8"?>
<marklogic><id>tag:search.twitter.com,2005:185070327490031617</id><type>P</type><type>P</type><inReplyTo><link>http://twitter.com/livvfd/statuses/185069704061272067</link></inReplyTo><body>@livvfd you alwaaaayyys and forever have tmr, since you have major <adverse_event>Headache</adverse_event>, tekan tu bijik <product_name company="GlaxoSmithKline">Panadol</product_name> and tido~</body><verb>post</verb><link>http://twitter.com/haidermiller/statuses/185070327490031617</link><generator><link>http://twitter.com/#!/download/iphone</link><displayName>Twitter for iPhone</displayName></generator><postedTime>2012-03-28T18:26:19.000Z</postedTime><provider><link>http://www.twitter.com</link><displayName>Twitter</displayName><objectType>service</objectType></provider><object><summary>@livvfd you alwaaaayyys and forever have tmr, since you have major headache, tekan tu bijik panadol and tido~</summary><id>object:search.twitter.com,2005:185070327490031617</id><link>http://twitter.com/haidermiller/statuses/185070327490031617</link><postedTime>2012-03-28T18:26:19.000Z</postedTime><objectType>note</objectType></object><actor><summary/><twitterTimeZone/><friendsCount>112</friendsCount><link>http://www.twitter.com/haidermiller</link><postedTime>2011-03-17T10:05:21.000Z</postedTime><image>http://a0.twimg.com/profile_images/1943514981/image_normal.jpg</image><links><links><rel>me</rel><href/></links></links><listedCount>0</listedCount><id>id:twitter.com:267668816</id><languages><languages>en</languages></languages><utcOffset/><followersCount>94</followersCount><preferredUsername>haidermiller</preferredUsername><displayName>haidermiller</displayName><statusesCount>360</statusesCount><objectType>person</objectType></actor><twitter_entities><hashtags/><user_mentions><user_mentions><indices><indices>0</indices><indices>7</indices></indices><id_str>331157336</id_str><name>L I A • A F D</name><id>331157336</id><screen_name>livvfd</screen_name></user_mentions></user_mentions><urls/></twitter_entities><objectType>activity</objectType><platform>twitter</platform><posted_date>2012-03-28</posted_date><followers>94</followers><statuses>360</statuses><region>N.A.</region></marklogic>