<?xml version="1.0" encoding="UTF-8"?>
<marklogic><id>tag:search.twitter.com,2005:185042560530661376</id><type>P</type><type>P</type><body><adverse_event>Fever</adverse_event> reducer  or <product_name company="Wyeth">Advil</product_name> http://t.co/ELiYbfUP</body><verb>post</verb><link>http://twitter.com/qasawugyjex/statuses/185042560530661376</link><generator><link>http://twitter.com</link><displayName>web</displayName></generator><postedTime>2012-03-28T16:35:59.000Z</postedTime><provider><link>http://www.twitter.com</link><displayName>Twitter</displayName><objectType>service</objectType></provider><object><summary>fever reducer tylenol or advil http://t.co/ELiYbfUP</summary><id>object:search.twitter.com,2005:185042560530661376</id><link>http://twitter.com/qasawugyjex/statuses/185042560530661376</link><postedTime>2012-03-28T16:35:59.000Z</postedTime><objectType>note</objectType></object><actor><summary>I'm decisive, stupefied and crumpled. Also flare and flicker. Listen to Joe Henderson.&#13;</summary><twitterTimeZone/><friendsCount>22</friendsCount><location><displayName>WI&#13;</displayName><objectType>place</objectType></location><link>http://www.twitter.com/qasawugyjex</link><postedTime>2012-02-11T08:34:44.000Z</postedTime><image>http://a0.twimg.com/profile_images/1821053359/1102_normal.gif</image><links><links><rel>me</rel><href/></links></links><listedCount>0</listedCount><id>id:twitter.com:489193198</id><languages><languages>en</languages></languages><utcOffset/><followersCount>6</followersCount><preferredUsername>qasawugyjex</preferredUsername><displayName>pickard</displayName><statusesCount>77</statusesCount><objectType>person</objectType></actor><twitter_entities><hashtags/><urls><urls><indices><indices>31</indices><indices>51</indices></indices><expanded_url>http://fever-reducer-tylenol-or-advil.cheapillsshop.com</expanded_url><display_url>…er-tylenol-or-advil.cheapillsshop.com</display_url><url>http://t.co/ELiYbfUP</url></urls></urls><user_mentions/></twitter_entities><objectType>activity</objectType><platform>twitter</platform><posted_date>2012-03-28</posted_date><followers>6</followers><statuses>77</statuses><region>N.A.</region></marklogic>