<?xml version="1.0" encoding="UTF-8"?>
<marklogic><id>tag:search.twitter.com,2005:185035229180870657</id><type>P</type><type>P</type><inReplyTo><link>http://twitter.com/markchisnell/statuses/185032949404663809</link></inReplyTo><body>@markchisnell you wont need your Aga stove if you get an HP laptop, maybe not all models <adverse_event>Burn</adverse_event> so hot, his eats <product_name company="Energizer">Batteries</product_name></body><verb>post</verb><link>http://twitter.com/saltspringRE/statuses/185035229180870657</link><generator><link>http://www.hootsuite.com</link><displayName>HootSuite</displayName></generator><postedTime>2012-03-28T16:06:51.000Z</postedTime><provider><link>http://www.twitter.com</link><displayName>Twitter</displayName><objectType>service</objectType></provider><object><summary>@markchisnell you wont need your Aga stove if you get an HP laptop, maybe not all models burn so hot, his eats batteries</summary><id>object:search.twitter.com,2005:185035229180870657</id><link>http://twitter.com/saltspringRE/statuses/185035229180870657</link><postedTime>2012-03-28T16:06:51.000Z</postedTime><objectType>note</objectType></object><actor><summary>Scott lives full time on Salt Spring Island BC; CFSI Radio host, Sailor, Videographer and Real Estate Agent</summary><twitterTimeZone>Pacific Time (US &amp; Canada)</twitterTimeZone><friendsCount>1771</friendsCount><location><displayName>Salt Spring Island BC</displayName><objectType>place</objectType></location><link>http://www.twitter.com/saltspringRE</link><postedTime>2009-09-14T21:52:03.000Z</postedTime><image>http://a0.twimg.com/profile_images/1247808987/scotts_B_Wlow_normal.jpg</image><links><links><rel>me</rel><href>http://saltspringrealestateagent.com</href></links></links><listedCount>34</listedCount><id>id:twitter.com:74275733</id><languages><languages>en</languages></languages><utcOffset>-28800</utcOffset><followersCount>1024</followersCount><preferredUsername>saltspringRE</preferredUsername><displayName>Scott Simmons</displayName><statusesCount>2946</statusesCount><objectType>person</objectType></actor><twitter_entities><hashtags/><user_mentions><user_mentions><indices><indices>0</indices><indices>13</indices></indices><name>Mark Chisnell</name><id_str>79416971</id_str><id>79416971</id><screen_name>markchisnell</screen_name></user_mentions></user_mentions><urls/></twitter_entities><objectType>activity</objectType><platform>twitter</platform><posted_date>2012-03-28</posted_date><followers>1024</followers><statuses>2946</statuses><region>Pacific</region></marklogic>