<?xml version="1.0" encoding="UTF-8"?>
<marklogic><id>tag:search.twitter.com,2005:185043318919532544</id><type>P</type><type>P</type><body>@REALSHEEKLOUCH sick in the head but ain't mother fuckin <product_name company="Wyeth">Advil</product_name> can fix this <adverse_event>Headache</adverse_event></body><verb>post</verb><link>http://twitter.com/Tharootofevil/statuses/185043318919532544</link><generator><link>http://twitter.com/#!/download/iphone</link><displayName>Twitter for iPhone</displayName></generator><postedTime>2012-03-28T16:38:59.000Z</postedTime><provider><link>http://www.twitter.com</link><displayName>Twitter</displayName><objectType>service</objectType></provider><object><summary>@REALSHEEKLOUCH sick in the head but ain't mother fuckin Advil can fix this headache</summary><id>object:search.twitter.com,2005:185043318919532544</id><link>http://twitter.com/Tharootofevil/statuses/185043318919532544</link><postedTime>2012-03-28T16:38:59.000Z</postedTime><objectType>note</objectType></object><actor><summary>more money,more problems,is worst when you broke!#doingme!</summary><twitterTimeZone/><friendsCount>123</friendsCount><location><displayName>trenton,nj</displayName><objectType>place</objectType></location><link>http://www.twitter.com/Tharootofevil</link><postedTime>2012-03-04T21:09:03.000Z</postedTime><image>http://a0.twimg.com/profile_images/1931310525/image_normal.jpg</image><links><links><rel>me</rel><href/></links></links><listedCount>0</listedCount><id>id:twitter.com:514769424</id><languages><languages>en</languages></languages><utcOffset/><followersCount>81</followersCount><preferredUsername>Tharootofevil</preferredUsername><displayName>loso</displayName><statusesCount>283</statusesCount><objectType>person</objectType></actor><twitter_entities><hashtags/><user_mentions><user_mentions><indices><indices>0</indices><indices>15</indices></indices><name>SHEEK LOUCH</name><id_str>135364233</id_str><id>135364233</id><screen_name>REALSHEEKLOUCH</screen_name></user_mentions></user_mentions><urls/></twitter_entities><objectType>activity</objectType><platform>twitter</platform><posted_date>2012-03-28</posted_date><followers>81</followers><statuses>283</statuses><region>N.A.</region></marklogic>