<?xml version="1.0" encoding="UTF-8"?>
<marklogic><id>tag:search.twitter.com,2005:179767366291431424</id><type>P</type><type>P</type><inReplyTo><link>http://twitter.com/DLee876/statuses/179767172124508161</link></inReplyTo><body>@DLee876 Girl, this ain't the Caribbean Sea. This water is <adverse_event>COLD</adverse_event>! I would get there &amp;amp; *I'd* need the <product_name company="P&amp;G">Vicks</product_name> VapoRub! LOL</body><verb>post</verb><link>http://twitter.com/ChelaBK/statuses/179767366291431424</link><generator><link>http://www.tweetdeck.com</link><displayName>TweetDeck</displayName></generator><postedTime>2012-03-14T03:14:14.000Z</postedTime><provider><link>http://www.twitter.com</link><displayName>Twitter</displayName><objectType>service</objectType></provider><object><summary>@DLee876 Girl, this ain't the Caribbean Sea. This water is COLD! I would get there &amp;amp; *I'd* need the Vicks VapoRub! LOL</summary><id>object:search.twitter.com,2005:179767366291431424</id><link>http://twitter.com/ChelaBK/statuses/179767366291431424</link><postedTime>2012-03-14T03:14:14.000Z</postedTime><objectType>note</objectType></object><actor><summary>Attorney ‚àô Caribe√±a ‚àô Globe trotter ‚àô Writer ‚àô Belly dancer ‚àô Social justice supporter ‚àô Luchadora ‚àô Living life on purpose</summary><twitterTimeZone>Eastern Time (US &amp; Canada)</twitterTimeZone><friendsCount>406</friendsCount><location><displayName>Taking over the Northeast</displayName><objectType>place</objectType></location><link>http://www.twitter.com/ChelaBK</link><postedTime>2009-04-26T23:08:35.000Z</postedTime><image>http://a0.twimg.com/profile_images/1707438640/IMAG097442_normal.jpg</image><links><links><rel>me</rel><href>http://www.coconutchica.com</href></links></links><listedCount>96</listedCount><id>id:twitter.com:35594266</id><languages><languages>en</languages></languages><utcOffset>-18000</utcOffset><followersCount>1308</followersCount><preferredUsername>ChelaBK</preferredUsername><displayName>Chela</displayName><statusesCount>57580</statusesCount><objectType>person</objectType></actor><twitter_entities><hashtags/><urls/><user_mentions><user_mentions><indices><indices>0</indices><indices>8</indices></indices><name>Donnalee</name><screen_name>DLee876</screen_name><id>40183439</id><id_str>40183439</id_str></user_mentions></user_mentions></twitter_entities><objectType>activity</objectType><platform>twitter</platform><posted_date>2012-03-14</posted_date><statuses>1308</statuses><followers>57580</followers><region>Eastern</region></marklogic>