<?xml version="1.0" encoding="UTF-8"?>
<marklogic><id>tag:search.twitter.com,2005:185076075024486400</id><type>P</type><type>P</type><inReplyTo><link>http://twitter.com/LoveBugx345/statuses/185075235232563201</link></inReplyTo><body>@LoveBugx345 <adverse_event>Heartburn</adverse_event> sucks too! #<product_name company="GlaxoSmithKline">Tums</product_name></body><verb>post</verb><link>http://twitter.com/smdpf/statuses/185076075024486400</link><generator><link>http://twitter.com</link><displayName>web</displayName></generator><postedTime>2012-03-28T18:49:09.000Z</postedTime><provider><link>http://www.twitter.com</link><displayName>Twitter</displayName><objectType>service</objectType></provider><object><summary>@LoveBugx345 heartburn sucks too! #tums</summary><id>object:search.twitter.com,2005:185076075024486400</id><link>http://twitter.com/smdpf/statuses/185076075024486400</link><postedTime>2012-03-28T18:49:09.000Z</postedTime><objectType>note</objectType></object><actor><summary/><twitterTimeZone/><friendsCount>68</friendsCount><location><displayName>Cayman Islands</displayName><objectType>place</objectType></location><link>http://www.twitter.com/smdpf</link><postedTime>2011-06-26T23:19:29.000Z</postedTime><image>http://a0.twimg.com/profile_images/1939242045/chicano_normal.jpg</image><links><links><rel>me</rel><href/></links></links><listedCount>0</listedCount><id>id:twitter.com:324620247</id><languages><languages>en</languages></languages><utcOffset/><followersCount>59</followersCount><preferredUsername>smdpf</preferredUsername><displayName>Kris Gomez</displayName><statusesCount>818</statusesCount><objectType>person</objectType></actor><twitter_entities><hashtags><hashtags><text>tums</text><indices><indices>34</indices><indices>39</indices></indices></hashtags></hashtags><user_mentions><user_mentions><indices><indices>0</indices><indices>12</indices></indices><id_str>274325104</id_str><name>Karysa Ebanks</name><id>274325104</id><screen_name>LoveBugx345</screen_name></user_mentions></user_mentions><urls/></twitter_entities><objectType>activity</objectType><platform>twitter</platform><posted_date>2012-03-28</posted_date><followers>59</followers><statuses>818</statuses><region>N.A.</region></marklogic>