<?xml version="1.0" encoding="UTF-8"?>
<marklogic><id>tag:search.twitter.com,2005:185038800534241284</id><type>P</type><type>P</type><body>i know i'm de-hydrated when i crave a nice <adverse_event>Cold</adverse_event> glass of <product_name company="Coca Cola">Coke</product_name> with condensation dripping down the glass... #DryMouth</body><verb>post</verb><link>http://twitter.com/joesmith678/statuses/185038800534241284</link><generator><link>http://mobile.twitter.com</link><displayName>Mobile Web</displayName></generator><postedTime>2012-03-28T16:21:02.000Z</postedTime><provider><link>http://www.twitter.com</link><displayName>Twitter</displayName><objectType>service</objectType></provider><object><summary>i know i'm de-hydrated when i crave a nice cold glass of coke with condensation dripping down the glass... #DryMouth</summary><id>object:search.twitter.com,2005:185038800534241284</id><link>http://twitter.com/joesmith678/statuses/185038800534241284</link><postedTime>2012-03-28T16:21:02.000Z</postedTime><objectType>note</objectType></object><actor><summary/><twitterTimeZone/><friendsCount>99</friendsCount><link>http://www.twitter.com/joesmith678</link><postedTime>2011-09-28T20:33:11.000Z</postedTime><image>http://a0.twimg.com/sticky/default_profile_images/default_profile_3_normal.png</image><links><links><rel>me</rel><href/></links></links><listedCount>0</listedCount><id>id:twitter.com:381721518</id><languages><languages>en</languages></languages><utcOffset/><followersCount>17</followersCount><preferredUsername>joesmith678</preferredUsername><displayName>Joseph Smith</displayName><statusesCount>537</statusesCount><objectType>person</objectType></actor><twitter_entities><hashtags><hashtags><text>DryMouth</text><indices><indices>107</indices><indices>116</indices></indices></hashtags></hashtags><user_mentions/><urls/></twitter_entities><objectType>activity</objectType><platform>twitter</platform><posted_date>2012-03-28</posted_date><followers>17</followers><statuses>537</statuses><region>N.A.</region></marklogic>