<?xml version="1.0" encoding="UTF-8"?>
<marklogic><id>tag:search.twitter.com,2005:185058342945816576</id><type>P</type><type>P</type><body>does <product_name company="Johnson - Johnson">Motrin</product_name> cause <adverse_event>Constipation</adverse_event> http://t.co/4u3k6WU9</body><verb>post</verb><link>http://twitter.com/kyziqecifavu/statuses/185058342945816576</link><generator><link>http://twitter.com</link><displayName>web</displayName></generator><postedTime>2012-03-28T17:38:41.000Z</postedTime><provider><link>http://www.twitter.com</link><displayName>Twitter</displayName><objectType>service</objectType></provider><object><summary>does motrin cause constipation http://t.co/4u3k6WU9</summary><id>object:search.twitter.com,2005:185058342945816576</id><link>http://twitter.com/kyziqecifavu/statuses/185058342945816576</link><postedTime>2012-03-28T17:38:41.000Z</postedTime><objectType>note</objectType></object><actor><summary>fortitude and perseverance, causes and circumstances . Really contemptible, little - write now.&#13;</summary><twitterTimeZone/><friendsCount>32</friendsCount><location><displayName>US&#13;</displayName><objectType>place</objectType></location><link>http://www.twitter.com/kyziqecifavu</link><postedTime>2012-02-07T19:37:34.000Z</postedTime><image>http://a0.twimg.com/profile_images/1811844240/1659_normal.gif</image><links><links><rel>me</rel><href/></links></links><listedCount>0</listedCount><id>id:twitter.com:485969171</id><languages><languages>ja</languages></languages><utcOffset/><followersCount>6</followersCount><preferredUsername>kyziqecifavu</preferredUsername><displayName>mcguinness</displayName><statusesCount>166</statusesCount><objectType>person</objectType></actor><twitter_entities><hashtags/><user_mentions/><urls><urls><indices><indices>31</indices><indices>51</indices></indices><expanded_url>http://does-motrin-cause-constipation.cheapillsshop.com</expanded_url><display_url>…-cause-constipation.cheapillsshop.com</display_url><url>http://t.co/4u3k6WU9</url></urls></urls></twitter_entities><objectType>activity</objectType><platform>twitter</platform><posted_date>2012-03-28</posted_date><followers>6</followers><statuses>166</statuses><region>N.A.</region></marklogic>