<?xml version="1.0" encoding="UTF-8"?>
<marklogic><id>tag:search.twitter.com,2005:185073181177032704</id><type>P</type><type>P</type><body>Yo solo tendré un <adverse_event>Spot</adverse_event>. “¡<product_name company="GlaxoSmithKline">Viva</product_name> la equidad!”: @lopezobrador_ http://t.co/gzkAhN3R</body><verb>post</verb><link>http://twitter.com/votoxvoto2012/statuses/185073181177032704</link><generator><link>http://www.tweetdeck.com</link><displayName>TweetDeck</displayName></generator><postedTime>2012-03-28T18:37:39.000Z</postedTime><provider><link>http://www.twitter.com</link><displayName>Twitter</displayName><objectType>service</objectType></provider><object><summary>Yo solo tendré un spot. “¡Viva la equidad!”: @lopezobrador_ http://t.co/gzkAhN3R</summary><id>object:search.twitter.com,2005:185073181177032704</id><link>http://twitter.com/votoxvoto2012/statuses/185073181177032704</link><postedTime>2012-03-28T18:37:39.000Z</postedTime><objectType>note</objectType></object><actor><summary>En esta cuenta MILENIO te presenta toda la información relacionada con las #Elecciones2012 minuto a minuto. </summary><twitterTimeZone/><friendsCount>54</friendsCount><link>http://www.twitter.com/votoxvoto2012</link><postedTime>2011-11-23T18:21:04.000Z</postedTime><image>http://a0.twimg.com/profile_images/1674519061/VOTOxVOTO_normal.jpg</image><links><links><rel>me</rel><href>http://mile.io/uVwUow</href></links></links><listedCount>143</listedCount><id>id:twitter.com:419726797</id><languages><languages>es</languages></languages><utcOffset/><followersCount>9124</followersCount><preferredUsername>votoxvoto2012</preferredUsername><displayName>MILENIO votoxvoto</displayName><statusesCount>3147</statusesCount><objectType>person</objectType></actor><twitter_entities><user_mentions><user_mentions><indices><indices>45</indices><indices>59</indices></indices><screen_name>lopezobrador_</screen_name><name>Andrés Manuel</name><id>82119937</id><id_str>82119937</id_str></user_mentions></user_mentions><urls><urls><indices><indices>60</indices><indices>80</indices></indices><display_url>mile.io/HiwQ7O</display_url><url>http://t.co/gzkAhN3R</url><expanded_url>http://mile.io/HiwQ7O</expanded_url></urls></urls><hashtags/></twitter_entities><objectType>activity</objectType><platform>twitter</platform><posted_date>2012-03-28</posted_date><followers>9124</followers><statuses>3147</statuses><region>N.A.</region></marklogic>