<?xml version="1.0" encoding="UTF-8"?>
<marklogic><id>tag:search.twitter.com,2005:185069815403249664</id><type>P</type><type>P</type><body><adverse_event>Spot</adverse_event> a random girl in public. Approach her, kneel to one knee and <product_name company="SC Johnson">Shout</product_name>, "She said yes!"</body><verb>post</verb><link>http://twitter.com/MrGrigsby1906/statuses/185069815403249664</link><generator><link>http://www.tweetdeck.com</link><displayName>TweetDeck</displayName></generator><postedTime>2012-03-28T18:24:17.000Z</postedTime><provider><link>http://www.twitter.com</link><displayName>Twitter</displayName><objectType>service</objectType></provider><object><summary>Spot a random girl in public. Approach her, kneel to one knee and shout, "She said yes!"</summary><id>object:search.twitter.com,2005:185069815403249664</id><link>http://twitter.com/MrGrigsby1906/statuses/185069815403249664</link><postedTime>2012-03-28T18:24:17.000Z</postedTime><objectType>note</objectType></object><actor><summary>Admin. Assistant to the General President of Alpha Phi Alpha Fraternity, Inc; from ATL; Graduate of Bethune-Cookman University; Keller Graduate Student: MBA</summary><twitterTimeZone>Quito</twitterTimeZone><friendsCount>1035</friendsCount><location><displayName>Atlanta, Georgia</displayName><objectType>place</objectType></location><link>http://www.twitter.com/MrGrigsby1906</link><postedTime>2011-06-27T14:15:34.000Z</postedTime><image>http://a0.twimg.com/profile_images/1892105407/MrGrigsby1906_normal.jpg</image><links><links><rel>me</rel><href>http://mrgrigsby.tumblr.com/</href></links></links><listedCount>5</listedCount><id>id:twitter.com:324960968</id><languages><languages>en</languages></languages><utcOffset>-18000</utcOffset><followersCount>1290</followersCount><preferredUsername>MrGrigsby1906</preferredUsername><displayName>Dasmyn A. Grigsby™</displayName><statusesCount>41006</statusesCount><objectType>person</objectType></actor><twitter_entities><hashtags/><user_mentions/><urls/></twitter_entities><objectType>activity</objectType><platform>twitter</platform><posted_date>2012-03-28</posted_date><followers>1290</followers><statuses>41006</statuses><region>Quito</region></marklogic>