<?xml version="1.0" encoding="UTF-8"?>
<marklogic><id>tag:search.twitter.com,2005:185054517757349889</id><type>P</type><type>P</type><body>Ppl who take <product_name company="Wyeth">Advil</product_name> don't have jobs.... Advils work for watching tv too long <adverse_event>Headaches</adverse_event>...or woke up too fast <adverse_event>Headaches</adverse_event></body><verb>post</verb><link>http://twitter.com/NikitaTyree/statuses/185054517757349889</link><generator><link>http://twitter.com/#!/download/iphone</link><displayName>Twitter for iPhone</displayName></generator><postedTime>2012-03-28T17:23:29.000Z</postedTime><provider><link>http://www.twitter.com</link><displayName>Twitter</displayName><objectType>service</objectType></provider><object><summary>Ppl who take Advil don't have jobs.... Advils work for watching tv too long headaches...or woke up too fast headaches</summary><id>object:search.twitter.com,2005:185054517757349889</id><link>http://twitter.com/NikitaTyree/statuses/185054517757349889</link><postedTime>2012-03-28T17:23:29.000Z</postedTime><objectType>note</objectType></object><actor><summary> He gave me the gift so im waiting on him to make it known to the world&#13;  Singer/Songwriter</summary><twitterTimeZone>Eastern Time (US &amp; Canada)</twitterTimeZone><friendsCount>490</friendsCount><location><displayName>In my Zone... #SUR Boss Lady </displayName><objectType>place</objectType></location><link>http://www.twitter.com/NikitaTyree</link><postedTime>2009-03-10T15:03:40.000Z</postedTime><image>http://a0.twimg.com/profile_images/1965220320/image_normal.jpg</image><links><links><rel>me</rel><href>http://www.ReverbNation.com/NikitaTyree</href></links></links><listedCount>22</listedCount><id>id:twitter.com:23602115</id><languages><languages>en</languages></languages><utcOffset>-18000</utcOffset><followersCount>943</followersCount><preferredUsername>NikitaTyree</preferredUsername><displayName>Nikita Tyree</displayName><statusesCount>107534</statusesCount><objectType>person</objectType></actor><twitter_entities><hashtags/><user_mentions/><urls/></twitter_entities><objectType>activity</objectType><platform>twitter</platform><posted_date>2012-03-28</posted_date><followers>943</followers><statuses>107534</statuses><region>Eastern</region></marklogic>