<?xml version="1.0" encoding="UTF-8"?>
<marklogic><id>tag:search.twitter.com,2005:185051876184702976</id><type>P</type><type>P</type><body>All I want right now is a huge glass of ice <adverse_event>Cold</adverse_event> <product_name company="Coca Cola">Coke</product_name>.</body><verb>post</verb><link>http://twitter.com/sssssSiobhan/statuses/185051876184702976</link><generator><link>http://twitter.com</link><displayName>web</displayName></generator><postedTime>2012-03-28T17:13:00.000Z</postedTime><provider><link>http://www.twitter.com</link><displayName>Twitter</displayName><objectType>service</objectType></provider><object><summary>All I want right now is a huge glass of ice cold coke.</summary><id>object:search.twitter.com,2005:185051876184702976</id><link>http://twitter.com/sssssSiobhan/statuses/185051876184702976</link><postedTime>2012-03-28T17:13:00.000Z</postedTime><objectType>note</objectType></object><actor><summary>Light Up The Darkness.</summary><twitterTimeZone>Dublin</twitterTimeZone><friendsCount>111</friendsCount><location><displayName>Meath</displayName><objectType>place</objectType></location><link>http://www.twitter.com/sssssSiobhan</link><postedTime>2011-07-12T22:34:45.000Z</postedTime><image>http://a0.twimg.com/profile_images/1486581112/199959_202012936487120_100000352444299_641085_3398691_n_normal.jpg</image><links><links><rel>me</rel><href/></links></links><listedCount>0</listedCount><id>id:twitter.com:334323435</id><languages><languages>en</languages></languages><utcOffset>0</utcOffset><followersCount>43</followersCount><preferredUsername>sssssSiobhan</preferredUsername><displayName>Siobhan Scurry</displayName><statusesCount>1107</statusesCount><objectType>person</objectType></actor><twitter_entities><hashtags/><urls/><user_mentions/></twitter_entities><objectType>activity</objectType><platform>twitter</platform><posted_date>2012-03-28</posted_date><followers>43</followers><statuses>1107</statuses><region>Dublin</region></marklogic>