<?xml version="1.0" encoding="UTF-8"?>
<marklogic><id>tag:search.twitter.com,2005:185040548661428227</id><type>P</type><type>P</type><inReplyTo><link>http://twitter.com/TillyWikeley/statuses/185021280850952192</link></inReplyTo><body>@TillyWikeley living it up with <adverse_event>Cold</adverse_event> <product_name company="GlaxoSmithKline">Ribena</product_name>! Already maxed out on coffee today so wouldn't be fair to inflict that on @hannahcfrench xx</body><verb>post</verb><link>http://twitter.com/aknotay/statuses/185040548661428227</link><generator><link>http://twitter.com/#!/download/ipad</link><displayName>Twitter for iPad</displayName></generator><postedTime>2012-03-28T16:27:59.000Z</postedTime><provider><link>http://www.twitter.com</link><displayName>Twitter</displayName><objectType>service</objectType></provider><object><summary>@TillyWikeley living it up with cold ribena! Already maxed out on coffee today so wouldn't be fair to inflict that on @hannahcfrench xx</summary><id>object:search.twitter.com,2005:185040548661428227</id><link>http://twitter.com/aknotay/statuses/185040548661428227</link><postedTime>2012-03-28T16:27:59.000Z</postedTime><objectType>note</objectType></object><actor><summary>Global strategist, advisor, speaker &amp; author on real estate, cities &amp;sustainability. Singer, excitable dancer, foodie, feminist, explorer, rugby fan. My views! </summary><twitterTimeZone>London</twitterTimeZone><friendsCount>1442</friendsCount><location><displayName>Bristol </displayName><objectType>place</objectType></location><link>http://www.twitter.com/aknotay</link><postedTime>2010-08-18T09:06:53.000Z</postedTime><image>http://a0.twimg.com/profile_images/1736902071/111124_Summit_-_420kb_normal.jpg</image><links><links><rel>me</rel><href>http://www.alexnotay.com</href></links></links><listedCount>16</listedCount><id>id:twitter.com:179875562</id><languages><languages>en</languages></languages><utcOffset>0</utcOffset><followersCount>542</followersCount><preferredUsername>aknotay</preferredUsername><displayName>Alexandra Notay</displayName><statusesCount>2668</statusesCount><objectType>person</objectType></actor><twitter_entities><hashtags/><user_mentions><user_mentions><indices><indices>0</indices><indices>13</indices></indices><name>Tilly Wikeley</name><id_str>41108274</id_str><id>41108274</id><screen_name>TillyWikeley</screen_name></user_mentions><user_mentions><indices><indices>118</indices><indices>132</indices></indices><name>Hannah French</name><id_str>156420562</id_str><id>156420562</id><screen_name>hannahcfrench</screen_name></user_mentions></user_mentions><urls/></twitter_entities><objectType>activity</objectType><platform>twitter</platform><posted_date>2012-03-28</posted_date><followers>542</followers><statuses>2668</statuses><region>London</region></marklogic>