<?xml version="1.0" encoding="UTF-8"?>
<marklogic><id>tag:search.twitter.com,2005:185040031029805057</id><type>P</type><type>P</type><inReplyTo><link>http://twitter.com/chevystuntin/statuses/185039351628050435</link></inReplyTo><body>dat nigga @chevystuntin cant sell <product_name company="Wyeth">Advil</product_name> to a <adverse_event>Headache</adverse_event>.. aka sir flexalot..</body><verb>post</verb><link>http://twitter.com/IAMYUNGNICO/statuses/185040031029805057</link><generator><link>http://twitter.com</link><displayName>web</displayName></generator><postedTime>2012-03-28T16:25:55.000Z</postedTime><provider><link>http://www.twitter.com</link><displayName>Twitter</displayName><objectType>service</objectType></provider><object><summary>dat nigga @chevystuntin cant sell advil to a headache.. aka sir flexalot..</summary><id>object:search.twitter.com,2005:185040031029805057</id><link>http://twitter.com/IAMYUNGNICO/statuses/185040031029805057</link><postedTime>2012-03-28T16:25:55.000Z</postedTime><objectType>note</objectType></object><actor><summary>THIS IS AS REAL AS IT GETS</summary><twitterTimeZone>Quito</twitterTimeZone><friendsCount>344</friendsCount><location><displayName>EAST ATLANTA ZONE VI</displayName><objectType>place</objectType></location><link>http://www.twitter.com/IAMYUNGNICO</link><postedTime>2010-04-21T15:09:56.000Z</postedTime><image>http://a0.twimg.com/profile_images/1889873505/yung1_normal.jpg</image><links><links><rel>me</rel><href>http://facebook.com/iamyungnico</href></links></links><listedCount>1</listedCount><id>id:twitter.com:135527766</id><languages><languages>en</languages></languages><utcOffset>-18000</utcOffset><followersCount>308</followersCount><preferredUsername>IAMYUNGNICO</preferredUsername><displayName>The Bad Guy</displayName><statusesCount>4885</statusesCount><objectType>person</objectType></actor><twitter_entities><hashtags/><user_mentions><user_mentions><indices><indices>10</indices><indices>23</indices></indices><name>CHEVYBOI HICKS </name><id_str>262332426</id_str><id>262332426</id><screen_name>chevystuntin</screen_name></user_mentions></user_mentions><urls/></twitter_entities><objectType>activity</objectType><platform>twitter</platform><posted_date>2012-03-28</posted_date><followers>308</followers><statuses>4885</statuses><region>Quito</region></marklogic>