<?xml version="1.0" encoding="UTF-8"?>
<marklogic><id>tag:search.twitter.com,2005:185038699866759168</id><type>P</type><type>P</type><body>Damn <adverse_event>Fever</adverse_event> is going up up up...antibiotic <product_name company="GlaxoSmithKline">Panadol</product_name> y u no cure me?&#x01f630;</body><verb>post</verb><link>http://twitter.com/HEYITSZAHIDAH/statuses/185038699866759168</link><generator><link>http://twitter.com/#!/download/iphone</link><displayName>Twitter for iPhone</displayName></generator><postedTime>2012-03-28T16:20:38.000Z</postedTime><provider><link>http://www.twitter.com</link><displayName>Twitter</displayName><objectType>service</objectType></provider><object><summary>Damn fever is going up up up...antibiotic panadol y u no cure me?&#x01f630;</summary><id>object:search.twitter.com,2005:185038699866759168</id><link>http://twitter.com/HEYITSZAHIDAH/statuses/185038699866759168</link><postedTime>2012-03-28T16:20:38.000Z</postedTime><objectType>note</objectType></object><actor><summary>dream big.love without holding back.smile and laugh.</summary><twitterTimeZone>Alaska</twitterTimeZone><friendsCount>60</friendsCount><location><displayName>Singapore</displayName><objectType>place</objectType></location><link>http://www.twitter.com/HEYITSZAHIDAH</link><postedTime>2010-08-11T17:26:29.000Z</postedTime><image>http://a0.twimg.com/profile_images/1973587893/image_normal.jpg</image><links><links><rel>me</rel><href/></links></links><listedCount>0</listedCount><id>id:twitter.com:177256597</id><languages><languages>en</languages></languages><utcOffset>-32400</utcOffset><followersCount>40</followersCount><preferredUsername>HEYITSZAHIDAH</preferredUsername><displayName>Zahidah </displayName><statusesCount>2371</statusesCount><objectType>person</objectType></actor><twitter_entities><hashtags/><user_mentions/><urls/></twitter_entities><objectType>activity</objectType><platform>twitter</platform><posted_date>2012-03-28</posted_date><followers>40</followers><statuses>2371</statuses><region>Alaska</region></marklogic>