<?xml version="1.0" encoding="UTF-8"?>
<marklogic><id>tag:search.twitter.com,2005:185042986911023105</id><type>P</type><type>P</type><body>is <product_name company="Johnson - Johnson">Tylenol</product_name> good for a <adverse_event>Cold</adverse_event> http://t.co/EiDkT98n</body><verb>post</verb><link>http://twitter.com/dyjisosajine/statuses/185042986911023105</link><generator><link>http://twitter.com</link><displayName>web</displayName></generator><postedTime>2012-03-28T16:37:40.000Z</postedTime><provider><link>http://www.twitter.com</link><displayName>Twitter</displayName><objectType>service</objectType></provider><object><summary>is tylenol good for a cold http://t.co/EiDkT98n</summary><id>object:search.twitter.com,2005:185042986911023105</id><link>http://twitter.com/dyjisosajine/statuses/185042986911023105</link><postedTime>2012-03-28T16:37:40.000Z</postedTime><objectType>note</objectType></object><actor><summary>unforced and unchecked. 317. Played, atrophied and feminine. Thats me.&#13;</summary><twitterTimeZone/><friendsCount>27</friendsCount><location><displayName>NV&#13;</displayName><objectType>place</objectType></location><link>http://www.twitter.com/dyjisosajine</link><postedTime>2012-02-11T07:02:27.000Z</postedTime><image>http://a0.twimg.com/profile_images/1820959902/1624_normal.gif</image><links><links><rel>me</rel><href/></links></links><listedCount>0</listedCount><id>id:twitter.com:489145521</id><languages><languages>en</languages></languages><utcOffset/><followersCount>9</followersCount><preferredUsername>dyjisosajine</preferredUsername><displayName>frick</displayName><statusesCount>77</statusesCount><objectType>person</objectType></actor><twitter_entities><hashtags/><user_mentions/><urls><urls><indices><indices>27</indices><indices>47</indices></indices><expanded_url>http://is-tylenol-good-for-a-cold.cheapillsshop.com</expanded_url><display_url>…nol-good-for-a-cold.cheapillsshop.com</display_url><url>http://t.co/EiDkT98n</url></urls></urls></twitter_entities><objectType>activity</objectType><platform>twitter</platform><posted_date>2012-03-28</posted_date><followers>9</followers><statuses>77</statuses><region>N.A.</region></marklogic>