<?xml version="1.0" encoding="UTF-8"?>
<marklogic><id>tag:search.twitter.com,2005:185042577605668864</id><type>P</type><type>P</type><body>Man, this <product_name company="Coca Cola">Coke</product_name> is hitting the <adverse_event>Spot</adverse_event> right now.</body><verb>post</verb><link>http://twitter.com/PrettyLittlePet/statuses/185042577605668864</link><generator><link>http://twitter.com</link><displayName>web</displayName></generator><postedTime>2012-03-28T16:36:03.000Z</postedTime><provider><link>http://www.twitter.com</link><displayName>Twitter</displayName><objectType>service</objectType></provider><object><summary>Man, this coke is hitting the spot right now.</summary><id>object:search.twitter.com,2005:185042577605668864</id><link>http://twitter.com/PrettyLittlePet/statuses/185042577605668864</link><postedTime>2012-03-28T16:36:03.000Z</postedTime><objectType>note</objectType></object><actor><summary>I'm an Artist.</summary><twitterTimeZone>Eastern Time (US &amp; Canada)</twitterTimeZone><friendsCount>437</friendsCount><location><displayName>QUEENS, NY</displayName><objectType>place</objectType></location><link>http://www.twitter.com/PrettyLittlePet</link><postedTime>2009-01-30T03:58:04.000Z</postedTime><image>http://a0.twimg.com/profile_images/1962452877/icon2_normal.jpg</image><links><links><rel>me</rel><href>http://www.prettylittlepet.net</href></links></links><listedCount>4</listedCount><id>id:twitter.com:19753066</id><languages><languages>en</languages></languages><utcOffset>-18000</utcOffset><followersCount>458</followersCount><preferredUsername>PrettyLittlePet</preferredUsername><displayName>Claudette</displayName><statusesCount>11310</statusesCount><objectType>person</objectType></actor><twitter_entities><hashtags/><user_mentions/><urls/></twitter_entities><objectType>activity</objectType><platform>twitter</platform><posted_date>2012-03-28</posted_date><followers>458</followers><statuses>11310</statuses><region>Eastern</region></marklogic>