<?xml version="1.0" encoding="UTF-8"?>
<marklogic><id>tag:search.twitter.com,2005:185038571533631488</id><type>P</type><type>P</type><body>This weather is bananas its POURING!!!! I'm ready for some <adverse_event>Heat</adverse_event> an <product_name company="Unilever">Sunlight</product_name>!!!!</body><verb>post</verb><link>http://twitter.com/mixed_hazel/statuses/185038571533631488</link><generator><link>http://twitter.com/download/android</link><displayName>Twitter for Android</displayName></generator><postedTime>2012-03-28T16:20:07.000Z</postedTime><provider><link>http://www.twitter.com</link><displayName>Twitter</displayName><objectType>service</objectType></provider><object><summary>This weather is bananas its POURING!!!! I'm ready for some heat an sunlight!!!!</summary><id>object:search.twitter.com,2005:185038571533631488</id><link>http://twitter.com/mixed_hazel/statuses/185038571533631488</link><postedTime>2012-03-28T16:20:07.000Z</postedTime><objectType>note</objectType></object><actor><summary>I'm a daughter, sister, granddaughter, niece, cousin, friend! but before all that I'm a MOTHER!!!  Love my LADYBUG! </summary><twitterTimeZone>Quito</twitterTimeZone><friendsCount>113</friendsCount><location><displayName>Connecticut</displayName><objectType>place</objectType></location><link>http://www.twitter.com/mixed_hazel</link><postedTime>2009-09-18T00:44:54.000Z</postedTime><image>http://a0.twimg.com/profile_images/1908165120/ou61C3C6_normal</image><links><links><rel>me</rel><href/></links></links><listedCount>0</listedCount><id>id:twitter.com:75159539</id><languages><languages>en</languages></languages><utcOffset>-18000</utcOffset><followersCount>37</followersCount><preferredUsername>mixed_hazel</preferredUsername><displayName>Frances Marino</displayName><statusesCount>219</statusesCount><objectType>person</objectType></actor><twitter_entities><hashtags/><user_mentions/><urls/></twitter_entities><objectType>activity</objectType><platform>twitter</platform><posted_date>2012-03-28</posted_date><followers>37</followers><statuses>219</statuses><region>Quito</region></marklogic>