<?xml version="1.0" encoding="UTF-8"?>
<marklogic><id>tag:search.twitter.com,2005:185082902994886656</id><type>P</type><type>P</type><body>she beg for my cum like everyday so i quench her <adverse_event>Thirst</adverse_event> like <product_name company="PepsiCo-Gatorade">Gatorade</product_name> http://t.co/o5CGOUuU</body><verb>post</verb><link>http://twitter.com/KLVNMikeDece/statuses/185082902994886656</link><generator><link>http://twitter.com</link><displayName>web</displayName></generator><postedTime>2012-03-28T19:16:17.000Z</postedTime><provider><link>http://www.twitter.com</link><displayName>Twitter</displayName><objectType>service</objectType></provider><object><summary>she beg for my cum like everyday so i quench her thirst like gatorade http://t.co/o5CGOUuU</summary><id>object:search.twitter.com,2005:185082902994886656</id><link>http://twitter.com/KLVNMikeDece/statuses/185082902994886656</link><postedTime>2012-03-28T19:16:17.000Z</postedTime><objectType>note</objectType></object><actor><summary>P O $ H P R I N C E</summary><twitterTimeZone>Eastern Time (US &amp; Canada)</twitterTimeZone><friendsCount>668</friendsCount><location><displayName>RVIDXR KLVN</displayName><objectType>place</objectType></location><link>http://www.twitter.com/KLVNMikeDece</link><postedTime>2010-09-21T04:41:48.000Z</postedTime><image>http://a0.twimg.com/profile_images/1812010145/awwwwman_normal.jpeg</image><links><links><rel>me</rel><href/></links></links><listedCount>5</listedCount><id>id:twitter.com:193176965</id><languages><languages>en</languages></languages><utcOffset>-18000</utcOffset><followersCount>638</followersCount><preferredUsername>KLVNMikeDece</preferredUsername><displayName>Mike Fucking Dece</displayName><statusesCount>9872</statusesCount><objectType>person</objectType></actor><twitter_entities><hashtags/><user_mentions/><urls><urls><indices><indices>70</indices><indices>90</indices></indices><expanded_url>http://www.youtube.com/watch?v=gMfHWjnCYUI</expanded_url><display_url>youtube.com/watch?v=gMfHWj…</display_url><url>http://t.co/o5CGOUuU</url></urls></urls></twitter_entities><objectType>activity</objectType><platform>twitter</platform><posted_date>2012-03-28</posted_date><followers>638</followers><statuses>9872</statuses><region>Eastern</region></marklogic>