<?xml version="1.0" encoding="UTF-8"?>
<marklogic><id>tag:search.twitter.com,2005:185035290484801536</id><type>P</type><type>P</type><body>Rid yourself of <adverse_event>Dry skin</adverse_event> problems! #Win <product_name company="Beiersdorf">Eucerin</product_name> Professional Repair + $125 Visa GC #giveaway Ends 4/16 http://t.co/OY1g6Z4q</body><verb>post</verb><link>http://twitter.com/katychick123/statuses/185035290484801536</link><generator><link>http://twitter.com/tweetbutton</link><displayName>Tweet Button</displayName></generator><postedTime>2012-03-28T16:07:05.000Z</postedTime><provider><link>http://www.twitter.com</link><displayName>Twitter</displayName><objectType>service</objectType></provider><object><summary>Rid yourself of dry skin problems! #Win Eucerin Professional Repair + $125 Visa GC #giveaway Ends 4/16 http://t.co/OY1g6Z4q</summary><id>object:search.twitter.com,2005:185035290484801536</id><link>http://twitter.com/katychick123/statuses/185035290484801536</link><postedTime>2012-03-28T16:07:05.000Z</postedTime><objectType>note</objectType></object><actor><summary/><twitterTimeZone>Central Time (US &amp; Canada)</twitterTimeZone><friendsCount>2001</friendsCount><link>http://www.twitter.com/katychick123</link><postedTime>2010-08-19T17:49:50.000Z</postedTime><image>http://a0.twimg.com/sticky/default_profile_images/default_profile_5_normal.png</image><links><links><rel>me</rel><href/></links></links><listedCount>1</listedCount><id>id:twitter.com:180458402</id><languages><languages>en</languages></languages><utcOffset>-21600</utcOffset><followersCount>423</followersCount><preferredUsername>katychick123</preferredUsername><displayName>Tess Cogbill</displayName><statusesCount>671</statusesCount><objectType>person</objectType></actor><twitter_entities><hashtags><hashtags><text>Win</text><indices><indices>35</indices><indices>39</indices></indices></hashtags><hashtags><text>giveaway</text><indices><indices>83</indices><indices>92</indices></indices></hashtags></hashtags><user_mentions/><urls><urls><indices><indices>103</indices><indices>123</indices></indices><expanded_url>http://www.anutinanutshell.com/2012/03/eucerin-professional-repair/comment-page-21/#comment-240732</expanded_url><display_url>anutinanutshell.com/2012/03/euceri…</display_url><url>http://t.co/OY1g6Z4q</url></urls></urls></twitter_entities><objectType>activity</objectType><platform>twitter</platform><posted_date>2012-03-28</posted_date><followers>423</followers><statuses>671</statuses><region>Central</region></marklogic>