<?xml version="1.0" encoding="UTF-8"?>
<marklogic><id>tag:search.twitter.com,2005:185048847893016576</id><type>P</type><type>P</type><body><product_name company="Johnson - Johnson">Tylenol</product_name> <adverse_event>Cold</adverse_event> kids dosage http://t.co/yVJpJHWM</body><verb>post</verb><link>http://twitter.com/gujegaxabip/statuses/185048847893016576</link><generator><link>http://twitter.com</link><displayName>web</displayName></generator><postedTime>2012-03-28T17:00:58.000Z</postedTime><provider><link>http://www.twitter.com</link><displayName>Twitter</displayName><objectType>service</objectType></provider><object><summary>tylenol cold kids dosage http://t.co/yVJpJHWM</summary><id>object:search.twitter.com,2005:185048847893016576</id><link>http://twitter.com/gujegaxabip/statuses/185048847893016576</link><postedTime>2012-03-28T17:00:58.000Z</postedTime><objectType>note</objectType></object><actor><summary>Marilyn Manson to listen, Mildred Pierce to watch. Me: boast and assertion.&#13;</summary><twitterTimeZone/><friendsCount>26</friendsCount><location><displayName>NY&#13;</displayName><objectType>place</objectType></location><link>http://www.twitter.com/gujegaxabip</link><postedTime>2012-02-10T12:46:35.000Z</postedTime><image>http://a0.twimg.com/profile_images/1821794510/352_normal.gif</image><links><links><rel>me</rel><href/></links></links><listedCount>0</listedCount><id>id:twitter.com:488420480</id><languages><languages>en</languages></languages><utcOffset/><followersCount>9</followersCount><preferredUsername>gujegaxabip</preferredUsername><displayName>vanaria</displayName><statusesCount>77</statusesCount><objectType>person</objectType></actor><twitter_entities><hashtags/><urls><urls><indices><indices>25</indices><indices>45</indices></indices><expanded_url>http://tylenol-cold-kids-dosage.cheapillsshop.com</expanded_url><display_url>…ol-cold-kids-dosage.cheapillsshop.com</display_url><url>http://t.co/yVJpJHWM</url></urls></urls><user_mentions/></twitter_entities><objectType>activity</objectType><platform>twitter</platform><posted_date>2012-03-28</posted_date><followers>9</followers><statuses>77</statuses><region>N.A.</region></marklogic>