<?xml version="1.0" encoding="UTF-8"?>
<marklogic><id>tag:search.twitter.com,2005:185071854132805632</id><type>P</type><type>P</type><body><product_name company="Takeda Pharmaceuticals ">Prevacid</product_name> <adverse_event>Bleeding</adverse_event> gums http://t.co/o39qvRMz</body><verb>post</verb><link>http://twitter.com/woxenarapiw/statuses/185071854132805632</link><generator><link>http://twitter.com</link><displayName>web</displayName></generator><postedTime>2012-03-28T18:32:23.000Z</postedTime><provider><link>http://www.twitter.com</link><displayName>Twitter</displayName><objectType>service</objectType></provider><object><summary>prevacid bleeding gums http://t.co/o39qvRMz</summary><id>object:search.twitter.com,2005:185071854132805632</id><link>http://twitter.com/woxenarapiw/statuses/185071854132805632</link><postedTime>2012-03-28T18:32:23.000Z</postedTime><objectType>note</objectType></object><actor><summary>artlessness and urbanity, patriotism and reverence . Really namby pamby, close - write now.&#13;</summary><twitterTimeZone/><friendsCount>32</friendsCount><location><displayName>WI&#13;</displayName><objectType>place</objectType></location><link>http://www.twitter.com/woxenarapiw</link><postedTime>2012-02-08T09:35:00.000Z</postedTime><image>http://a0.twimg.com/profile_images/1814999331/1050_normal.gif</image><links><links><rel>me</rel><href/></links></links><listedCount>0</listedCount><id>id:twitter.com:486453509</id><languages><languages>en</languages></languages><utcOffset/><followersCount>8</followersCount><preferredUsername>woxenarapiw</preferredUsername><displayName>thurrell</displayName><statusesCount>79</statusesCount><objectType>person</objectType></actor><twitter_entities><hashtags/><urls><urls><display_url>…vacid-bleeding-gums.cheapillsshop.com</display_url><indices><indices>23</indices><indices>43</indices></indices><expanded_url>http://prevacid-bleeding-gums.cheapillsshop.com</expanded_url><url>http://t.co/o39qvRMz</url></urls></urls><user_mentions/></twitter_entities><objectType>activity</objectType><platform>twitter</platform><posted_date>2012-03-28</posted_date><followers>8</followers><statuses>79</statuses><region>N.A.</region></marklogic>