<?xml version="1.0" encoding="UTF-8"?>
<marklogic><id>tag:search.twitter.com,2005:185057469091954688</id><type>P</type><type>P</type><body>Church &amp; Dwight Co 51222  Carpet <adverse_event>Spot</adverse_event> and Stain Remover: With the same fast <product_name company="N.A.">Acting</product_name> cleaning power that ... http://t.co/CEoNmyAu</body><verb>post</verb><link>http://twitter.com/otyrojunu/statuses/185057469091954688</link><generator><link>http://twitterfeed.com</link><displayName>twitterfeed</displayName></generator><postedTime>2012-03-28T17:35:13.000Z</postedTime><provider><link>http://www.twitter.com</link><displayName>Twitter</displayName><objectType>service</objectType></provider><object><summary>Church &amp; Dwight Co 51222 Oxi Clean Carpet Spot and Stain Remover: With the same fast acting cleaning power that ... http://t.co/CEoNmyAu</summary><id>object:search.twitter.com,2005:185057469091954688</id><link>http://twitter.com/otyrojunu/statuses/185057469091954688</link><postedTime>2012-03-28T17:35:13.000Z</postedTime><objectType>note</objectType></object><actor><summary/><twitterTimeZone/><friendsCount>0</friendsCount><link>http://www.twitter.com/otyrojunu</link><postedTime>2012-02-15T13:28:00.000Z</postedTime><image>http://a0.twimg.com/profile_images/1834136915/2139_normal.jpg</image><links><links><rel>me</rel><href/></links></links><listedCount>0</listedCount><id>id:twitter.com:493124304</id><languages><languages>en</languages></languages><utcOffset/><followersCount>14</followersCount><preferredUsername>otyrojunu</preferredUsername><displayName>0</displayName><statusesCount>408</statusesCount><objectType>person</objectType></actor><twitter_entities><hashtags/><urls><urls><indices><indices>116</indices><indices>136</indices></indices><expanded_url>http://tinyurl.com/7tal64t</expanded_url><display_url>tinyurl.com/7tal64t</display_url><url>http://t.co/CEoNmyAu</url></urls></urls><user_mentions/></twitter_entities><objectType>activity</objectType><platform>twitter</platform><posted_date>2012-03-28</posted_date><followers>14</followers><statuses>408</statuses><region>N.A.</region></marklogic>