<?xml version="1.0" encoding="UTF-8"?>
<marklogic><id>tag:search.twitter.com,2005:187071908611756032</id><type>P</type><type>P</type><body>"@CubanCocaine: @shonbarz <product_name company="N.A.">NyQuil</product_name> is used for <adverse_event>Colds</adverse_event>" so is pussy</body><verb>post</verb><link>http://twitter.com/shonbarz/statuses/187071908611756032</link><generator><link>http://mobile.twitter.com</link><displayName>Mobile Web</displayName></generator><postedTime>2012-04-03T06:59:53.000Z</postedTime><provider><link>http://www.twitter.com</link><displayName>Twitter</displayName><objectType>service</objectType></provider><object><summary>"@CubanCocaine: @shonbarz NyQuil is used for colds" so is pussy</summary><id>object:search.twitter.com,2005:187071908611756032</id><link>http://twitter.com/shonbarz/statuses/187071908611756032</link><postedTime>2012-04-03T06:59:53.000Z</postedTime><objectType>note</objectType></object><actor><summary>Fuck Bitches Get Money #MoneyOnMyMind</summary><twitterTimeZone>Central Time (US &amp; Canada)</twitterTimeZone><friendsCount>227</friendsCount><location><displayName>I Be Around</displayName><objectType>place</objectType></location><link>http://www.twitter.com/shonbarz</link><postedTime>2011-01-27T16:15:53.000Z</postedTime><image>http://a0.twimg.com/profile_images/1990357092/image_normal.jpg</image><links><links><rel>me</rel><href>http://www.facebook.com/pages/Shonbarz/216357168388801</href></links></links><listedCount>0</listedCount><id>id:twitter.com:243691794</id><languages><languages>en</languages></languages><utcOffset>-21600</utcOffset><followersCount>298</followersCount><preferredUsername>shonbarz</preferredUsername><displayName>Dshon</displayName><statusesCount>19020</statusesCount><objectType>person</objectType></actor><twitter_entities><hashtags/><urls/><user_mentions><user_mentions><indices><indices>1</indices><indices>14</indices></indices><screen_name>CubanCocaine</screen_name><name>Amri Joyce</name><id_str>349741453</id_str><id>349741453</id></user_mentions><user_mentions><indices><indices>16</indices><indices>25</indices></indices><screen_name>shonbarz</screen_name><name>Dshon</name><id_str>243691794</id_str><id>243691794</id></user_mentions></user_mentions></twitter_entities><objectType>activity</objectType><platform>twitter</platform><posted_date>2012-04-03</posted_date><followers>298</followers><statuses>19020</statuses><region>Central</region></marklogic>