<?xml version="1.0" encoding="UTF-8"?>
<marklogic><id>tag:search.twitter.com,2005:185033057454141442</id><type>P</type><type>P</type><inReplyTo><link>http://twitter.com/NimaR87/statuses/185032695250812928</link></inReplyTo><body>@NimaR87 charice <product_name company="Johnson - Johnson">Acuvue</product_name>! XD.. Causes <adverse_event>Headaches</adverse_event>? Seriously?</body><verb>post</verb><link>http://twitter.com/ChariceMalaysia/statuses/185033057454141442</link><generator><link>http://twitter.com/#!/download/iphone</link><displayName>Twitter for iPhone</displayName></generator><postedTime>2012-03-28T15:58:13.000Z</postedTime><provider><link>http://www.twitter.com</link><displayName>Twitter</displayName><objectType>service</objectType></provider><object><summary>@NimaR87 charice acuvue! XD.. Causes headaches? Seriously?</summary><id>object:search.twitter.com,2005:185033057454141442</id><link>http://twitter.com/ChariceMalaysia/statuses/185033057454141442</link><postedTime>2012-03-28T15:58:13.000Z</postedTime><objectType>note</objectType></object><actor><summary>Whenever @OfficialCharice opens her mouth, angles fly out.∞Simply the sound of her voice brings a smile to my face∞ =) ♥HURRICANES CAN'T TAKE AWAY OUR LOVE♥ =*</summary><twitterTimeZone>Kuala Lumpur</twitterTimeZone><friendsCount>178</friendsCount><location><displayName>Kuala Lumpur, Malaysia</displayName><objectType>place</objectType></location><link>http://www.twitter.com/ChariceMalaysia</link><postedTime>2011-10-25T10:20:09.000Z</postedTime><image>http://a0.twimg.com/profile_images/1930604544/87_normal.jpg</image><links><links><rel>me</rel><href/></links></links><listedCount>5</listedCount><id>id:twitter.com:397924584</id><languages><languages>en</languages></languages><utcOffset>28800</utcOffset><followersCount>325</followersCount><preferredUsername>ChariceMalaysia</preferredUsername><displayName>Love ∞ Eternally </displayName><statusesCount>6600</statusesCount><objectType>person</objectType></actor><twitter_entities><hashtags/><user_mentions><user_mentions><indices><indices>0</indices><indices>8</indices></indices><name>NFR</name><id_str>250357972</id_str><id>250357972</id><screen_name>NimaR87</screen_name></user_mentions></user_mentions><urls/></twitter_entities><objectType>activity</objectType><platform>twitter</platform><posted_date>2012-03-28</posted_date><followers>325</followers><statuses>6600</statuses><region>Kuala</region></marklogic>