<?xml version="1.0" encoding="UTF-8"?>
<marklogic><id>tag:search.twitter.com,2005:185034848665214976</id><type>P</type><type>P</type><body>i need some <product_name company="Johnson - Johnson">Zyrtec</product_name> cuz my eyes is even more puffy and they <adverse_event>Burn</adverse_event></body><verb>post</verb><link>http://twitter.com/ScooterG_Slank/statuses/185034848665214976</link><generator><link>http://twitter.com</link><displayName>web</displayName></generator><postedTime>2012-03-28T16:05:20.000Z</postedTime><provider><link>http://www.twitter.com</link><displayName>Twitter</displayName><objectType>service</objectType></provider><object><summary>i need some Zyrtec cuz my eyes is even more puffy and they burn</summary><id>object:search.twitter.com,2005:185034848665214976</id><link>http://twitter.com/ScooterG_Slank/statuses/185034848665214976</link><postedTime>2012-03-28T16:05:20.000Z</postedTime><objectType>note</objectType></object><actor><summary>Lifes too short I say what i want idgaf what you think... quite frankly EAD :), 6'3, HMU !! :) Twiiter bestfriend @SuperBadd_X3 3 &amp;my twifey @Spoiledd_Sw33t</summary><twitterTimeZone>Central Time (US &amp; Canada)</twitterTimeZone><friendsCount>242</friendsCount><location><displayName>With Her ;) Feb. 15. 2012 </displayName><objectType>place</objectType></location><link>http://www.twitter.com/ScooterG_Slank</link><postedTime>2011-08-10T09:29:54.000Z</postedTime><image>http://a0.twimg.com/profile_images/1880516303/profile_pic_normal.JPG</image><links><links><rel>me</rel><href/></links></links><listedCount>1</listedCount><id>id:twitter.com:352219942</id><languages><languages>en</languages></languages><utcOffset>-21600</utcOffset><followersCount>312</followersCount><preferredUsername>ScooterG_Slank</preferredUsername><displayName>Oo BEETLEJUiCE oO</displayName><statusesCount>3251</statusesCount><objectType>person</objectType></actor><twitter_entities><hashtags/><user_mentions/><urls/></twitter_entities><objectType>activity</objectType><platform>twitter</platform><posted_date>2012-03-28</posted_date><followers>312</followers><statuses>3251</statuses><region>Central</region></marklogic>