<?xml version="1.0" encoding="UTF-8"?>
<marklogic><id>tag:search.twitter.com,2005:185054361624379394</id><type>P</type><type>P</type><body>nursing <product_name company="Johnson - Johnson">Benadryl</product_name> <adverse_event>Cold</adverse_event> http://t.co/f3InRweA</body><verb>post</verb><link>http://twitter.com/mesudoweqaki/statuses/185054361624379394</link><generator><link>http://twitter.com</link><displayName>web</displayName></generator><postedTime>2012-03-28T17:22:52.000Z</postedTime><provider><link>http://www.twitter.com</link><displayName>Twitter</displayName><objectType>service</objectType></provider><object><summary>nursing benadryl cold http://t.co/f3InRweA</summary><id>object:search.twitter.com,2005:185054361624379394</id><link>http://twitter.com/mesudoweqaki/statuses/185054361624379394</link><postedTime>2012-03-28T17:22:52.000Z</postedTime><objectType>note</objectType></object><actor><summary>My favorite movies -  and . Describe myself - ambiguous,happiness and pleasantness.&#13;</summary><twitterTimeZone/><friendsCount>31</friendsCount><location><displayName>GB&#13;</displayName><objectType>place</objectType></location><link>http://www.twitter.com/mesudoweqaki</link><postedTime>2012-02-09T16:32:39.000Z</postedTime><image>http://a0.twimg.com/profile_images/1818691953/606_normal.gif</image><links><links><rel>me</rel><href/></links></links><listedCount>0</listedCount><id>id:twitter.com:487674982</id><languages><languages>es</languages></languages><utcOffset/><followersCount>8</followersCount><preferredUsername>mesudoweqaki</preferredUsername><displayName>veloz</displayName><statusesCount>86</statusesCount><objectType>person</objectType></actor><twitter_entities><hashtags/><urls><urls><indices><indices>22</indices><indices>42</indices></indices><expanded_url>http://nursing-benadryl-cold.cheapillsshop.com</expanded_url><display_url>…rsing-benadryl-cold.cheapillsshop.com</display_url><url>http://t.co/f3InRweA</url></urls></urls><user_mentions/></twitter_entities><objectType>activity</objectType><platform>twitter</platform><posted_date>2012-03-28</posted_date><followers>8</followers><statuses>86</statuses><region>N.A.</region></marklogic>