<?xml version="1.0" encoding="UTF-8"?>
<marklogic><id>tag:search.twitter.com,2005:187061601696874496</id><type>P</type><type>P</type><body><adverse_event>Coughing</adverse_event> up a storm.... eeeep going to take more <product_name company="P&amp;G">Nyquil</product_name> .</body><verb>post</verb><link>http://twitter.com/msjklee/statuses/187061601696874496</link><generator><link>http://twitter.com</link><displayName>web</displayName></generator><postedTime>2012-04-03T06:18:55.000Z</postedTime><provider><link>http://www.twitter.com</link><displayName>Twitter</displayName><objectType>service</objectType></provider><object><summary>coughing up a storm.... eeeep going to take more nyquil .</summary><id>object:search.twitter.com,2005:187061601696874496</id><link>http://twitter.com/msjklee/statuses/187061601696874496</link><postedTime>2012-04-03T06:18:55.000Z</postedTime><objectType>note</objectType></object><actor><summary>bundle of joy* </summary><twitterTimeZone>Eastern Time (US &amp; Canada)</twitterTimeZone><friendsCount>108</friendsCount><location><displayName>Candy Land</displayName><objectType>place</objectType></location><link>http://www.twitter.com/msjklee</link><postedTime>2008-11-13T12:01:44.000Z</postedTime><image>http://a0.twimg.com/profile_images/1991000712/Photo_on_3-30-12_at_2.30_AM__4_normal.jpg</image><links><links><rel>me</rel><href>http://juliel.tumblr.com</href></links></links><listedCount>2</listedCount><id>id:twitter.com:17363629</id><languages><languages>en</languages></languages><utcOffset>-18000</utcOffset><followersCount>103</followersCount><preferredUsername>msjklee</preferredUsername><displayName>Julieツ</displayName><statusesCount>4424</statusesCount><objectType>person</objectType></actor><twitter_entities><hashtags/><urls/><user_mentions/></twitter_entities><objectType>activity</objectType><platform>twitter</platform><posted_date>2012-04-03</posted_date><followers>103</followers><statuses>4424</statuses><region>Eastern</region></marklogic>