<?xml version="1.0" encoding="UTF-8"?>
<marklogic><id>tag:search.twitter.com,2005:185042531841613824</id><type>P</type><type>P</type><body>lol i feel sorry for the proper pale kids that <adverse_event>Burn</adverse_event> up in the <product_name company="Unilever">Sunlight</product_name></body><verb>post</verb><link>http://twitter.com/ehbeee/statuses/185042531841613824</link><generator><link>http://twitter.com</link><displayName>web</displayName></generator><postedTime>2012-03-28T16:35:52.000Z</postedTime><provider><link>http://www.twitter.com</link><displayName>Twitter</displayName><objectType>service</objectType></provider><object><summary>lol i feel sorry for the proper pale kids that burn up in the sunlight</summary><id>object:search.twitter.com,2005:185042531841613824</id><link>http://twitter.com/ehbeee/statuses/185042531841613824</link><postedTime>2012-03-28T16:35:52.000Z</postedTime><objectType>note</objectType></object><actor><summary>i'm pretty gnarly lol  #TrillGang</summary><twitterTimeZone>London</twitterTimeZone><friendsCount>369</friendsCount><location><displayName>Mars</displayName><objectType>place</objectType></location><link>http://www.twitter.com/ehbeee</link><postedTime>2009-08-24T23:06:15.000Z</postedTime><image>http://a0.twimg.com/profile_images/1971236523/120326-181533_normal.jpg</image><links><links><rel>me</rel><href/></links></links><listedCount>1</listedCount><id>id:twitter.com:68537645</id><languages><languages>en</languages></languages><utcOffset>0</utcOffset><followersCount>321</followersCount><preferredUsername>ehbeee</preferredUsername><displayName>Da Funk</displayName><statusesCount>4313</statusesCount><objectType>person</objectType></actor><twitter_entities><hashtags/><user_mentions/><urls/></twitter_entities><objectType>activity</objectType><platform>twitter</platform><posted_date>2012-03-28</posted_date><followers>321</followers><statuses>4313</statuses><region>London</region></marklogic>