<?xml version="1.0" encoding="UTF-8"?>
<marklogic><id>tag:search.twitter.com,2005:185076186483920896</id><type>P</type><type>P</type><body><adverse_event>Cough</adverse_event> drops &amp; <product_name company="Johnson - Johnson">Tylenol</product_name> are going to be my best friends for today</body><verb>post</verb><link>http://twitter.com/ChadCelestineGF/statuses/185076186483920896</link><generator><link>http://twitter.com/#!/download/iphone</link><displayName>Twitter for iPhone</displayName></generator><postedTime>2012-03-28T18:49:36.000Z</postedTime><provider><link>http://www.twitter.com</link><displayName>Twitter</displayName><objectType>service</objectType></provider><object><summary>Cough drops &amp; Tylenol are going to be my best friends for today</summary><id>object:search.twitter.com,2005:185076186483920896</id><link>http://twitter.com/ChadCelestineGF/statuses/185076186483920896</link><postedTime>2012-03-28T18:49:36.000Z</postedTime><objectType>note</objectType></object><actor><summary>18. employed. taken. #TeamInterracial ❤ follow my bestfriend @BoosieBadAzzXO</summary><twitterTimeZone>Central Time (US &amp; Canada)</twitterTimeZone><friendsCount>170</friendsCount><link>http://www.twitter.com/ChadCelestineGF</link><postedTime>2011-10-24T22:47:10.000Z</postedTime><image>http://a0.twimg.com/profile_images/1973582604/image_normal.jpg</image><links><links><rel>me</rel><href/></links></links><listedCount>0</listedCount><id>id:twitter.com:397610740</id><languages><languages>en</languages></languages><utcOffset>-21600</utcOffset><followersCount>156</followersCount><preferredUsername>ChadCelestineGF</preferredUsername><displayName>London©</displayName><statusesCount>7345</statusesCount><objectType>person</objectType></actor><twitter_entities><hashtags/><user_mentions/><urls/></twitter_entities><objectType>activity</objectType><platform>twitter</platform><posted_date>2012-03-28</posted_date><followers>156</followers><statuses>7345</statuses><region>Central</region></marklogic>