<?xml version="1.0" encoding="UTF-8"?>
<marklogic><id>tag:search.twitter.com,2005:185067319628791809</id><type>P</type><type>P</type><body><product_name company="SC Johnson">Shout</product_name> out to @kgdc1 for her Review of the Day on the @yelpdc homepage for one of my favorite <adverse_event>Spots</adverse_event> in the city, @pattyboomboomdc!</body><verb>post</verb><link>http://twitter.com/TheTaraLewis/statuses/185067319628791809</link><generator><link>http://twitter.com</link><displayName>web</displayName></generator><postedTime>2012-03-28T18:14:22.000Z</postedTime><provider><link>http://www.twitter.com</link><displayName>Twitter</displayName><objectType>service</objectType></provider><object><summary>Shout out to @kgdc1 for her Review of the Day on the @yelpdc homepage for one of my favorite spots in the city, @pattyboomboomdc!</summary><id>object:search.twitter.com,2005:185067319628791809</id><link>http://twitter.com/TheTaraLewis/statuses/185067319628791809</link><postedTime>2012-03-28T18:14:22.000Z</postedTime><objectType>note</objectType></object><actor><summary>Regional Marketing Director @Yelp (Formerly @YelpDC) Lover of sushi, pedicures &amp; sports. Jamaican/Russian combustion.  Enabler of fun. Living soulfully. G'yeah!</summary><twitterTimeZone/><friendsCount>409</friendsCount><location><displayName>Around the way</displayName><objectType>place</objectType></location><link>http://www.twitter.com/TheTaraLewis</link><postedTime>2011-06-03T05:11:24.000Z</postedTime><image>http://a0.twimg.com/profile_images/1876304164/img-1_normal.jpg</image><links><links><rel>me</rel><href>http://taral.yelp.com</href></links></links><listedCount>33</listedCount><id>id:twitter.com:310085164</id><languages><languages>en</languages></languages><utcOffset/><followersCount>501</followersCount><preferredUsername>TheTaraLewis</preferredUsername><displayName>Tara Lewis</displayName><statusesCount>3414</statusesCount><objectType>person</objectType></actor><twitter_entities><hashtags/><user_mentions><user_mentions><indices><indices>13</indices><indices>19</indices></indices><id_str>106829609</id_str><name>Kelly Greene</name><id>106829609</id><screen_name>kgdc1</screen_name></user_mentions><user_mentions><indices><indices>53</indices><indices>60</indices></indices><id_str>19327246</id_str><name>Kristin Mink</name><id>19327246</id><screen_name>yelpdc</screen_name></user_mentions><user_mentions><indices><indices>112</indices><indices>128</indices></indices><id_str>154195494</id_str><name>pattyboomboomdc</name><id>154195494</id><screen_name>pattyboomboomdc</screen_name></user_mentions></user_mentions><urls/></twitter_entities><objectType>activity</objectType><platform>twitter</platform><posted_date>2012-03-28</posted_date><followers>501</followers><statuses>3414</statuses><region>N.A.</region></marklogic>