<?xml version="1.0" encoding="UTF-8"?>
<marklogic><id>tag:search.twitter.com,2005:185053978768314368</id><type>P</type><type>P</type><body> 150 weight <product_name company="P&amp;G">Gain</product_name> http://t.co/dL6HNkAL</body><verb>post</verb><link>http://twitter.com/soxyterovavit/statuses/185053978768314368</link><generator><link>http://twitter.com</link><displayName>web</displayName></generator><postedTime>2012-03-28T17:21:21.000Z</postedTime><provider><link>http://www.twitter.com</link><displayName>Twitter</displayName><objectType>service</objectType></provider><object><summary>zantac 150 weight gain http://t.co/dL6HNkAL</summary><id>object:search.twitter.com,2005:185053978768314368</id><link>http://twitter.com/soxyterovavit/statuses/185053978768314368</link><postedTime>2012-03-28T17:21:21.000Z</postedTime><objectType>note</objectType></object><actor><summary>My favorite movies -  and . Describe myself - denatured,affectation and coquetry.&#13;</summary><twitterTimeZone/><friendsCount>28</friendsCount><location><displayName>MI&#13;</displayName><objectType>place</objectType></location><link>http://www.twitter.com/soxyterovavit</link><postedTime>2012-02-09T17:15:59.000Z</postedTime><image>http://a0.twimg.com/profile_images/1818776922/6_normal.gif</image><links><links><rel>me</rel><href/></links></links><listedCount>0</listedCount><id>id:twitter.com:487709653</id><languages><languages>en</languages></languages><utcOffset/><followersCount>9</followersCount><preferredUsername>soxyterovavit</preferredUsername><displayName>yafuso</displayName><statusesCount>90</statusesCount><objectType>person</objectType></actor><twitter_entities><hashtags/><urls><urls><indices><indices>23</indices><indices>43</indices></indices><expanded_url>http://zantac-150-weight-gain.cheapillsshop.com</expanded_url><display_url>…tac-150-weight-gain.cheapillsshop.com</display_url><url>http://t.co/dL6HNkAL</url></urls></urls><user_mentions/></twitter_entities><objectType>activity</objectType><platform>twitter</platform><posted_date>2012-03-28</posted_date><followers>9</followers><statuses>90</statuses><region>N.A.</region></marklogic>