<?xml version="1.0" encoding="UTF-8"?>
<marklogic><id>tag:search.twitter.com,2005:185046922812334080</id><type>P</type><type>P</type><inReplyTo><link>http://twitter.com/SaltyEStroker/statuses/185046774430433280</link></inReplyTo><body>@SaltyEStroker have you tried  zero? i love it.  tastes so much like <product_name company="Coca Cola">Coke</product_name> -- as long as it is <adverse_event>Cold</adverse_event>... not so much as it warms up</body><verb>post</verb><link>http://twitter.com/lustyjezzy/statuses/185046922812334080</link><generator><link>http://www.tweetdeck.com</link><displayName>TweetDeck</displayName></generator><postedTime>2012-03-28T16:53:19.000Z</postedTime><provider><link>http://www.twitter.com</link><displayName>Twitter</displayName><objectType>service</objectType></provider><object><summary>@SaltyEStroker have you tried coke zero? i love it.  tastes so much like coke -- as long as it is cold... not so much as it warms up</summary><id>object:search.twitter.com,2005:185046922812334080</id><link>http://twitter.com/lustyjezzy/statuses/185046922812334080</link><postedTime>2012-03-28T16:53:19.000Z</postedTime><objectType>note</objectType></object><actor><summary>kinky t-shirt and tutu maker. @trblemaker01 's princess. Sassy, giggly, sometimes subbie, beautiful mess of a girl with a weakness for words.</summary><twitterTimeZone>Central Time (US &amp; Canada)</twitterTimeZone><friendsCount>668</friendsCount><location><displayName>on the web</displayName><objectType>place</objectType></location><link>http://www.twitter.com/lustyjezzy</link><postedTime>2011-05-19T01:37:28.000Z</postedTime><image>http://a0.twimg.com/profile_images/1903137530/m_5_normal.jpg</image><links><links><rel>me</rel><href>http://www.thekinkycustom.com</href></links></links><listedCount>56</listedCount><id>id:twitter.com:301190767</id><languages><languages>en</languages></languages><utcOffset>-21600</utcOffset><followersCount>2289</followersCount><preferredUsername>lustyjezzy</preferredUsername><displayName>JeZeBeLLa</displayName><statusesCount>25822</statusesCount><objectType>person</objectType></actor><twitter_entities><hashtags/><urls/><user_mentions><user_mentions><indices><indices>0</indices><indices>14</indices></indices><id_str>295612587</id_str><name>salty edward stroker</name><id>295612587</id><screen_name>SaltyEStroker</screen_name></user_mentions></user_mentions></twitter_entities><objectType>activity</objectType><platform>twitter</platform><posted_date>2012-03-28</posted_date><followers>2289</followers><statuses>25822</statuses><region>Central</region></marklogic>