<?xml version="1.0" encoding="UTF-8"?>
<marklogic><id>tag:search.twitter.com,2005:185055227857223680</id><type>P</type><type>P</type><body>stomach <adverse_event>Flu</adverse_event> <product_name company="Johnson - Johnson">Imodium</product_name> http://t.co/TmskBgNS</body><verb>post</verb><link>http://twitter.com/gijiced/statuses/185055227857223680</link><generator><link>http://twitter.com</link><displayName>web</displayName></generator><postedTime>2012-03-28T17:26:19.000Z</postedTime><provider><link>http://www.twitter.com</link><displayName>Twitter</displayName><objectType>service</objectType></provider><object><summary>stomach flu imodium http://t.co/TmskBgNS</summary><id>object:search.twitter.com,2005:185055227857223680</id><link>http://twitter.com/gijiced/statuses/185055227857223680</link><postedTime>2012-03-28T17:26:19.000Z</postedTime><objectType>note</objectType></object><actor><summary>I'm coaxed and threatened. Also half hearted, laughable and delighted. Favorite movie - Two-Lane Blacktop.</summary><twitterTimeZone/><friendsCount>89</friendsCount><location><displayName>US</displayName><objectType>place</objectType></location><link>http://www.twitter.com/gijiced</link><postedTime>2011-12-17T07:13:22.000Z</postedTime><image>http://a0.twimg.com/profile_images/1697995953/930_normal.gif</image><links><links><rel>me</rel><href/></links></links><listedCount>0</listedCount><id>id:twitter.com:438983904</id><languages><languages>en</languages></languages><utcOffset/><followersCount>30</followersCount><preferredUsername>gijiced</preferredUsername><displayName>Kleopatra Fosbraey</displayName><statusesCount>471</statusesCount><objectType>person</objectType></actor><twitter_entities><hashtags/><urls><urls><indices><indices>20</indices><indices>40</indices></indices><expanded_url>http://stomach-flu-imodium.cheapillsshop.com</expanded_url><display_url>stomach-flu-imodium.cheapillsshop.com</display_url><url>http://t.co/TmskBgNS</url></urls></urls><user_mentions/></twitter_entities><objectType>activity</objectType><platform>twitter</platform><posted_date>2012-03-28</posted_date><followers>30</followers><statuses>471</statuses><region>N.A.</region></marklogic>