<?xml version="1.0" encoding="UTF-8"?>
<marklogic><id>tag:search.twitter.com,2005:185041104918429700</id><type>P</type><type>P</type><body><product_name company="Johnson - Johnson">Tylenol</product_name> <adverse_event>Cold</adverse_event> sinus during pregnancy http://t.co/0RmKNoBK</body><verb>post</verb><link>http://twitter.com/mepefuhezali/statuses/185041104918429700</link><generator><link>http://twitter.com</link><displayName>web</displayName></generator><postedTime>2012-03-28T16:30:11.000Z</postedTime><provider><link>http://www.twitter.com</link><displayName>Twitter</displayName><objectType>service</objectType></provider><object><summary>tylenol cold sinus during pregnancy http://t.co/0RmKNoBK</summary><id>object:search.twitter.com,2005:185041104918429700</id><link>http://twitter.com/mepefuhezali/statuses/185041104918429700</link><postedTime>2012-03-28T16:30:11.000Z</postedTime><objectType>note</objectType></object><actor><summary>tender and emotional for sure, intimidating and bitched at for true.</summary><twitterTimeZone/><friendsCount>28</friendsCount><location><displayName>WV&#13;</displayName><objectType>place</objectType></location><link>http://www.twitter.com/mepefuhezali</link><postedTime>2012-02-11T13:20:13.000Z</postedTime><image>http://a0.twimg.com/profile_images/1821362802/1118_normal.gif</image><links><links><rel>me</rel><href/></links></links><listedCount>0</listedCount><id>id:twitter.com:489368008</id><languages><languages>msa</languages></languages><utcOffset/><followersCount>5</followersCount><preferredUsername>mepefuhezali</preferredUsername><displayName>greinke</displayName><statusesCount>83</statusesCount><objectType>person</objectType></actor><twitter_entities><hashtags/><urls><urls><indices><indices>36</indices><indices>56</indices></indices><expanded_url>http://tylenol-cold-sinus-during-pregnancy.cheapillsshop.com</expanded_url><display_url>…us-during-pregnancy.cheapillsshop.com</display_url><url>http://t.co/0RmKNoBK</url></urls></urls><user_mentions/></twitter_entities><objectType>activity</objectType><platform>twitter</platform><posted_date>2012-03-28</posted_date><followers>5</followers><statuses>83</statuses><region>N.A.</region></marklogic>