<?xml version="1.0" encoding="UTF-8"?>
<marklogic><id>tag:search.twitter.com,2005:185075878550700032</id><type>P</type><type>P</type><body>I'm drinking this <adverse_event>Cold</adverse_event> ass <product_name company="Coca Cola">Coke</product_name></body><verb>post</verb><link>http://twitter.com/DEE_ROLLIN_SOLO/statuses/185075878550700032</link><generator><link>http://twitter.com/#!/download/iphone</link><displayName>Twitter for iPhone</displayName></generator><postedTime>2012-03-28T18:48:22.000Z</postedTime><provider><link>http://www.twitter.com</link><displayName>Twitter</displayName><objectType>service</objectType></provider><object><summary>I'm drinking this cold ass coke</summary><id>object:search.twitter.com,2005:185075878550700032</id><link>http://twitter.com/DEE_ROLLIN_SOLO/statuses/185075878550700032</link><postedTime>2012-03-28T18:48:22.000Z</postedTime><objectType>note</objectType></object><actor><summary>im gonna keep it real &#13;
</summary><twitterTimeZone>Central Time (US &amp; Canada)</twitterTimeZone><friendsCount>151</friendsCount><location><displayName>baytown tx </displayName><objectType>place</objectType></location><link>http://www.twitter.com/DEE_ROLLIN_SOLO</link><postedTime>2010-10-06T14:03:38.000Z</postedTime><image>http://a0.twimg.com/profile_images/1607468262/image_normal.jpg</image><links><links><rel>me</rel><href/></links></links><listedCount>0</listedCount><id>id:twitter.com:199288998</id><languages><languages>en</languages></languages><utcOffset>-21600</utcOffset><followersCount>39</followersCount><preferredUsername>DEE_ROLLIN_SOLO</preferredUsername><displayName>Deidre</displayName><statusesCount>2439</statusesCount><objectType>person</objectType></actor><twitter_entities><hashtags/><user_mentions/><urls/></twitter_entities><objectType>activity</objectType><platform>twitter</platform><posted_date>2012-03-28</posted_date><followers>39</followers><statuses>2439</statuses><region>Central</region></marklogic>