<?xml version="1.0" encoding="UTF-8"?>
<marklogic><id>tag:search.twitter.com,2005:185058336444661760</id><type>P</type><type>P</type><body><product_name company="Takeda Pharmaceuticals ">Prevacid</product_name> solutabs <adverse_event>Headaches</adverse_event> http://t.co/EZGNFbAk</body><verb>post</verb><link>http://twitter.com/wajevyladulyw/statuses/185058336444661760</link><generator><link>http://twitter.com</link><displayName>web</displayName></generator><postedTime>2012-03-28T17:38:40.000Z</postedTime><provider><link>http://www.twitter.com</link><displayName>Twitter</displayName><objectType>service</objectType></provider><object><summary>prevacid solutabs headaches http://t.co/EZGNFbAk</summary><id>object:search.twitter.com,2005:185058336444661760</id><link>http://twitter.com/wajevyladulyw/statuses/185058336444661760</link><postedTime>2012-03-28T17:38:40.000Z</postedTime><objectType>note</objectType></object><actor><summary>momentary and languid, sad and melancholy . Really fidgety, 114. Critiqued - write now.&#13;</summary><twitterTimeZone/><friendsCount>31</friendsCount><location><displayName>MS&#13;</displayName><objectType>place</objectType></location><link>http://www.twitter.com/wajevyladulyw</link><postedTime>2012-02-09T08:10:11.000Z</postedTime><image>http://a0.twimg.com/profile_images/1817810537/261_normal.gif</image><links><links><rel>me</rel><href/></links></links><listedCount>0</listedCount><id>id:twitter.com:487341616</id><languages><languages>it</languages></languages><utcOffset/><followersCount>14</followersCount><preferredUsername>wajevyladulyw</preferredUsername><displayName>wargo</displayName><statusesCount>83</statusesCount><objectType>person</objectType></actor><twitter_entities><hashtags/><user_mentions/><urls><urls><indices><indices>28</indices><indices>48</indices></indices><expanded_url>http://prevacid-solutabs-headaches.cheapillsshop.com</expanded_url><display_url>…-solutabs-headaches.cheapillsshop.com</display_url><url>http://t.co/EZGNFbAk</url></urls></urls></twitter_entities><objectType>activity</objectType><platform>twitter</platform><posted_date>2012-03-28</posted_date><followers>14</followers><statuses>83</statuses><region>N.A.</region></marklogic>