<?xml version="1.0" encoding="UTF-8"?>
<marklogic><id>tag:search.twitter.com,2005:185055709518503936</id><type>P</type><type>P</type><body>I have repeated the experiment with peri-peri on hands and an <adverse_event>Itchy eye</adverse_event>. I have repeated the result!  scientific method! <product_name company="GlaxoSmithKline">Viva</product_name>!</body><verb>post</verb><link>http://twitter.com/88KOS/statuses/185055709518503936</link><generator><link>http://blackberry.com/twitter</link><displayName>Twitter for BlackBerry®</displayName></generator><postedTime>2012-03-28T17:28:13.000Z</postedTime><provider><link>http://www.twitter.com</link><displayName>Twitter</displayName><objectType>service</objectType></provider><object><summary>I have repeated the experiment with peri-peri on hands and an itchy eye. I have repeated the result! Viva scientific method! Viva!</summary><id>object:search.twitter.com,2005:185055709518503936</id><link>http://twitter.com/88KOS/statuses/185055709518503936</link><postedTime>2012-03-28T17:28:13.000Z</postedTime><objectType>note</objectType></object><actor><summary>88 Kilos of Sunshine - songwriter trapped in businessman's body. Saving for the surgery, donations welcome. http://88kos.posterous.com</summary><twitterTimeZone>Harare</twitterTimeZone><friendsCount>820</friendsCount><location><displayName>South Africa</displayName><objectType>place</objectType></location><link>http://www.twitter.com/88KOS</link><postedTime>2010-04-13T13:36:33.000Z</postedTime><image>http://a0.twimg.com/profile_images/1961057211/88_button_normal.jpg</image><links><links><rel>me</rel><href>http://www.facebook.com/88kilosofsunshine</href></links></links><listedCount>19</listedCount><id>id:twitter.com:132522734</id><languages><languages>en</languages></languages><utcOffset>7200</utcOffset><followersCount>501</followersCount><preferredUsername>88KOS</preferredUsername><displayName>88KoS</displayName><statusesCount>16944</statusesCount><objectType>person</objectType></actor><twitter_entities><hashtags/><urls/><user_mentions/></twitter_entities><objectType>activity</objectType><platform>twitter</platform><posted_date>2012-03-28</posted_date><followers>501</followers><statuses>16944</statuses><region>Harare</region></marklogic>