<?xml version="1.0" encoding="UTF-8"?>
<marklogic><id>tag:search.twitter.com,2005:185042116089626624</id><type>P</type><type>P</type><body>See <adverse_event>Spot</adverse_event>  at National Dog  Competition #<product_name company="N.A.">Surfing</product_name> http://t.co/eLCSGTqE</body><verb>post</verb><link>http://twitter.com/Donellaqzqfz/statuses/185042116089626624</link><generator><link>http://twitter.com</link><displayName>web</displayName></generator><postedTime>2012-03-28T16:34:13.000Z</postedTime><provider><link>http://www.twitter.com</link><displayName>Twitter</displayName><objectType>service</objectType></provider><object><summary>See Spot Surf at National Dog Surfing Competition #surfing http://t.co/eLCSGTqE</summary><id>object:search.twitter.com,2005:185042116089626624</id><link>http://twitter.com/Donellaqzqfz/statuses/185042116089626624</link><postedTime>2012-03-28T16:34:13.000Z</postedTime><objectType>note</objectType></object><actor><summary>I am independant but have made my way in this world with a little help from my friends and family.</summary><twitterTimeZone/><friendsCount>30</friendsCount><location><displayName>Chicago</displayName><objectType>place</objectType></location><link>http://www.twitter.com/Donellaqzqfz</link><postedTime>2011-05-20T07:16:23.000Z</postedTime><image>http://a0.twimg.com/profile_images/1361893222/lexwjh23ra_113510645_normal.jpg</image><links><links><rel>me</rel><href/></links></links><listedCount>0</listedCount><id>id:twitter.com:301886078</id><languages><languages>en</languages></languages><utcOffset/><followersCount>18</followersCount><preferredUsername>Donellaqzqfz</preferredUsername><displayName>Donella Bethers</displayName><statusesCount>148</statusesCount><objectType>person</objectType></actor><twitter_entities><hashtags><hashtags><text>surfing</text><indices><indices>50</indices><indices>58</indices></indices></hashtags></hashtags><user_mentions/><urls><urls><indices><indices>59</indices><indices>79</indices></indices><expanded_url>http://snurl.com/22tcdkm</expanded_url><display_url>snurl.com/22tcdkm</display_url><url>http://t.co/eLCSGTqE</url></urls></urls></twitter_entities><objectType>activity</objectType><platform>twitter</platform><posted_date>2012-03-28</posted_date><followers>18</followers><statuses>148</statuses><region>N.A.</region></marklogic>