<?xml version="1.0" encoding="UTF-8"?>
<marklogic><body>@realscully @lgschneider88 @<product_name company="Kimberly Clark">Scott</product_name>_stiv @j4miec4mpbell89 do we have Dana hissy victor meldrew(Jamie) mr <adverse_event>Burns</adverse_event>(broony) and marv! Itchy??gaz??</body><inReplyTo><link>http://twitter.com/realscully/statuses/185074251353686018</link></inReplyTo><geo><type>Point</type><coordinates><coordinates>51.50603108</coordinates><coordinates>-0.47679892</coordinates></coordinates></geo><location><geo><type>Polygon</type><coordinates><coordinates><coordinates><coordinates>-0.5093057</coordinates><coordinates>51.4551164</coordinates></coordinates><coordinates><coordinates>-0.376221</coordinates><coordinates>51.4551164</coordinates></coordinates><coordinates><coordinates>-0.376221</coordinates><coordinates>51.631667</coordinates></coordinates><coordinates><coordinates>-0.5093057</coordinates><coordinates>51.631667</coordinates></coordinates></coordinates></coordinates></geo><link>http://api.twitter.com/1/geo/id/475ed6f7318d41f9.json</link><name>Hillingdon</name><displayName>Hillingdon, London</displayName><country_code>United Kingdom</country_code><objectType>place</objectType></location><link>http://twitter.com/wallsy1888/statuses/185075002687750145</link><postedTime>2012-03-28T18:44:53.000Z</postedTime><provider><link>http://www.twitter.com</link><displayName>Twitter</displayName><objectType>service</objectType></provider><actor><summary/><twitterTimeZone/><friendsCount>165</friendsCount><location><displayName>dumfries</displayName><objectType>place</objectType></location><link>http://www.twitter.com/wallsy1888</link><postedTime>2012-03-03T18:01:46.000Z</postedTime><image>http://a0.twimg.com/profile_images/1871921447/image_normal.jpg</image><links><links><rel>me</rel><href/></links></links><listedCount>0</listedCount><id>id:twitter.com:513427762</id><languages><languages>en</languages></languages><utcOffset/><followersCount>77</followersCount><preferredUsername>wallsy1888</preferredUsername><displayName>greg walls</displayName><statusesCount>72</statusesCount><objectType>person</objectType></actor><object><summary>@realscully @lgschneider88 @scott_stiv @j4miec4mpbell89 do we have Dana hissy victor meldrew(Jamie) mr burns(broony) and marv! Itchy??gaz??</summary><id>object:search.twitter.com,2005:185075002687750145</id><link>http://twitter.com/wallsy1888/statuses/185075002687750145</link><postedTime>2012-03-28T18:44:53.000Z</postedTime><objectType>note</objectType></object><twitter_entities><hashtags/><user_mentions><user_mentions><indices><indices>0</indices><indices>11</indices></indices><id_str>244572100</id_str><name>scott skilling</name><id>244572100</id><screen_name>realscully</screen_name></user_mentions><user_mentions><indices><indices>12</indices><indices>26</indices></indices><id_str>319549509</id_str><name>Lee Schneider</name><id>319549509</id><screen_name>lgschneider88</screen_name></user_mentions><user_mentions><indices><indices>27</indices><indices>38</indices></indices><id_str>388124788</id_str><name>stiv</name><id>388124788</id><screen_name>scott_stiv</screen_name></user_mentions><user_mentions><indices><indices>39</indices><indices>55</indices></indices><id_str>375784499</id_str><name>Jamie Campbell</name><id>375784499</id><screen_name>j4miec4mpbell89</screen_name></user_mentions></user_mentions><urls/></twitter_entities><id>tag:search.twitter.com,2005:185075002687750145</id><type>P</type><type>P</type><verb>post</verb><generator><link>http://twitter.com/#!/download/iphone</link><displayName>Twitter for iPhone</displayName></generator><objectType>activity</objectType><platform>twitter</platform><posted_date>2012-03-28</posted_date><followers>77</followers><statuses>72</statuses><region>N.A.</region></marklogic>