<?xml version="1.0" encoding="UTF-8"?>
<marklogic><id>tag:search.twitter.com,2005:185077858014736384</id><type>P</type><type>P</type><body><product_name company="Coca Cola">Coke</product_name> on her black skin made a stripe like a zebra... I call that jungle <adverse_event>Fever</adverse_event>!</body><verb>post</verb><link>http://twitter.com/TheRyanNeal/statuses/185077858014736384</link><generator><link>http://twitter.com/#!/download/iphone</link><displayName>Twitter for iPhone</displayName></generator><postedTime>2012-03-28T18:56:14.000Z</postedTime><provider><link>http://www.twitter.com</link><displayName>Twitter</displayName><objectType>service</objectType></provider><object><summary>Coke on her black skin made a stripe like a zebra... I call that jungle fever!</summary><id>object:search.twitter.com,2005:185077858014736384</id><link>http://twitter.com/TheRyanNeal/statuses/185077858014736384</link><postedTime>2012-03-28T18:56:14.000Z</postedTime><objectType>note</objectType></object><actor><summary>I LOVE ME SOME ME... &#13;
#teamRdot &#13;
#teamLightskinnnn &#13;
#YOLO &#13;
#teamNoKids &#13;
#NoBabyMama</summary><twitterTimeZone>Eastern Time (US &amp; Canada)</twitterTimeZone><friendsCount>277</friendsCount><location><displayName>VA</displayName><objectType>place</objectType></location><link>http://www.twitter.com/TheRyanNeal</link><postedTime>2011-08-07T23:39:54.000Z</postedTime><image>http://a0.twimg.com/profile_images/1902496399/image_normal.jpg</image><links><links><rel>me</rel><href/></links></links><listedCount>0</listedCount><id>id:twitter.com:350553536</id><languages><languages>en</languages></languages><utcOffset>-18000</utcOffset><followersCount>184</followersCount><preferredUsername>TheRyanNeal</preferredUsername><displayName>Rdot</displayName><statusesCount>2556</statusesCount><objectType>person</objectType></actor><twitter_entities><hashtags/><user_mentions/><urls/></twitter_entities><objectType>activity</objectType><platform>twitter</platform><posted_date>2012-03-28</posted_date><followers>184</followers><statuses>2556</statuses><region>Eastern</region></marklogic>