<?xml version="1.0" encoding="UTF-8"?>
<marklogic><id>tag:search.twitter.com,2005:185050151432372224</id><type>P</type><type>P</type><body>70 Sqft Cable Set, Electric <product_name company="Unilever">Radiant</product_name> Floor <adverse_event>Heat</adverse_event> <adverse_event>Heating</adverse_event> System with Aube Digital Floor Sens http://t.co/uHZ5Jqtd</body><verb>post</verb><link>http://twitter.com/chantellwhconno/statuses/185050151432372224</link><generator><link>http://breadmakersale.com</link><displayName>Bread Maker Sale</displayName></generator><postedTime>2012-03-28T17:06:08.000Z</postedTime><provider><link>http://www.twitter.com</link><displayName>Twitter</displayName><objectType>service</objectType></provider><object><summary>70 Sqft Cable Set, Electric Radiant Floor Heat Heating System with Aube Digital Floor Sens http://t.co/uHZ5Jqtd</summary><id>object:search.twitter.com,2005:185050151432372224</id><link>http://twitter.com/chantellwhconno/statuses/185050151432372224</link><postedTime>2012-03-28T17:06:08.000Z</postedTime><objectType>note</objectType></object><actor><summary>Bread Maker Sale - bread maker buy,bread maker recipes,bread maker price,bread maker cheap,bread maker clearance</summary><twitterTimeZone/><friendsCount>30</friendsCount><link>http://www.twitter.com/chantellwhconno</link><postedTime>2011-05-26T21:30:19.000Z</postedTime><image>http://a0.twimg.com/profile_images/1914249747/Bread_Maker_Sale_normal.jpg</image><links><links><rel>me</rel><href>http://breadmakersale.com</href></links></links><listedCount>0</listedCount><id>id:twitter.com:305836145</id><languages><languages>en</languages></languages><utcOffset/><followersCount>158</followersCount><preferredUsername>chantellwhconno</preferredUsername><displayName>chantell connolly</displayName><statusesCount>8192</statusesCount><objectType>person</objectType></actor><twitter_entities><hashtags/><user_mentions/><urls><urls><indices><indices>91</indices><indices>111</indices></indices><expanded_url>http://radiantheatsystems.breadmakersale.com/?p=7</expanded_url><display_url>radiantheatsystems.breadmakersale.com/?p=7</display_url><url>http://t.co/uHZ5Jqtd</url></urls></urls></twitter_entities><objectType>activity</objectType><platform>twitter</platform><posted_date>2012-03-28</posted_date><followers>158</followers><statuses>8192</statuses><region>N.A.</region></marklogic>