<?xml version="1.0" encoding="UTF-8"?>
<marklogic><id>tag:search.twitter.com,2005:185045631545520128</id><type>P</type><type>P</type><body>Mannnnn I have a <adverse_event>Headache</adverse_event> today... Not a good sign... Also Jeremy finished my <product_name company="Johnson - Johnson">Motrin</product_name> so the <adverse_event>Headache</adverse_event> won't be going away</body><verb>post</verb><link>http://twitter.com/kelsey_lea/statuses/185045631545520128</link><generator><link>http://twitter.com/download/android</link><displayName>Twitter for Android</displayName></generator><postedTime>2012-03-28T16:48:11.000Z</postedTime><provider><link>http://www.twitter.com</link><displayName>Twitter</displayName><objectType>service</objectType></provider><object><summary>Mannnnn I have a headache today... Not a good sign... Also Jeremy finished my motrin so the headache won't be going away</summary><id>object:search.twitter.com,2005:185045631545520128</id><link>http://twitter.com/kelsey_lea/statuses/185045631545520128</link><postedTime>2012-03-28T16:48:11.000Z</postedTime><objectType>note</objectType></object><actor><summary>I'm a Children's &amp; Mission Minister. I love traveling and my rescue animals. I name drop like none other</summary><twitterTimeZone>Indiana (East)</twitterTimeZone><friendsCount>267</friendsCount><link>http://www.twitter.com/kelsey_lea</link><postedTime>2009-04-02T20:42:56.000Z</postedTime><image>http://a0.twimg.com/profile_images/1918464129/550220_3133685938745_1162680052_32504347_444614460_n_normal.jpg</image><links><links><rel>me</rel><href>http://kelsey-lea.tumblr.com/</href></links></links><listedCount>7</listedCount><id>id:twitter.com:28415646</id><languages><languages>en</languages></languages><utcOffset>-18000</utcOffset><followersCount>124</followersCount><preferredUsername>kelsey_lea</preferredUsername><displayName>Kelsey Antrim</displayName><statusesCount>7117</statusesCount><objectType>person</objectType></actor><twitter_entities><hashtags/><urls/><user_mentions/></twitter_entities><objectType>activity</objectType><platform>twitter</platform><posted_date>2012-03-28</posted_date><followers>124</followers><statuses>7117</statuses><region>Indiana</region></marklogic>