<?xml version="1.0" encoding="UTF-8"?>
<marklogic><id>tag:search.twitter.com,2005:185041567982166017</id><type>P</type><type>P</type><body>Last night I used Buckley's <adverse_event>Cough</adverse_event> syrup to down a few <product_name company="Johnson - Johnson">Tylenol</product_name> <adverse_event>Cold</adverse_event> pills…not a good idea! #donttrythisathome</body><verb>post</verb><link>http://twitter.com/perkin_it/statuses/185041567982166017</link><generator><link>http://twitter.com/download/android</link><displayName>Twitter for Android</displayName></generator><postedTime>2012-03-28T16:32:02.000Z</postedTime><provider><link>http://www.twitter.com</link><displayName>Twitter</displayName><objectType>service</objectType></provider><object><summary>Last night I used Buckley's cough syrup to down a few Tylenol Cold pills…not a good idea! #donttrythisathome</summary><id>object:search.twitter.com,2005:185041567982166017</id><link>http://twitter.com/perkin_it/statuses/185041567982166017</link><postedTime>2012-03-28T16:32:02.000Z</postedTime><objectType>note</objectType></object><actor><summary>Born and ate bread in Hamilton, Ontario. Funny since 1988! At least my mom says so. </summary><twitterTimeZone/><friendsCount>112</friendsCount><link>http://www.twitter.com/perkin_it</link><postedTime>2012-03-10T19:43:02.000Z</postedTime><image>http://a0.twimg.com/profile_images/1886823561/308658_10100116981261137_72613605_47557463_333654637_n_normal.jpg</image><links><links><rel>me</rel><href/></links></links><listedCount>1</listedCount><id>id:twitter.com:520678033</id><languages><languages>en</languages></languages><utcOffset/><followersCount>34</followersCount><preferredUsername>perkin_it</preferredUsername><displayName>Jessica Perkins</displayName><statusesCount>36</statusesCount><objectType>person</objectType></actor><twitter_entities><hashtags><hashtags><text>donttrythisathome</text><indices><indices>90</indices><indices>108</indices></indices></hashtags></hashtags><urls/><user_mentions/></twitter_entities><objectType>activity</objectType><platform>twitter</platform><posted_date>2012-03-28</posted_date><followers>34</followers><statuses>36</statuses><region>N.A.</region></marklogic>