<?xml version="1.0" encoding="UTF-8"?>
<marklogic><id>tag:search.twitter.com,2005:185074060701605889</id><type>P</type><type>P</type><body>Pandaria to change <product_name company="SC Johnson">Raid</product_name> Finder looting rules: To alleviate some of that <adverse_event>Anxiety</adverse_event>, the pandas will be bringing in ... http://t.co/RBeSYBOk</body><verb>post</verb><link>http://twitter.com/WoW_PvP_Addict/statuses/185074060701605889</link><generator><link>http://twitterfeed.com</link><displayName>twitterfeed</displayName></generator><postedTime>2012-03-28T18:41:09.000Z</postedTime><provider><link>http://www.twitter.com</link><displayName>Twitter</displayName><objectType>service</objectType></provider><object><summary>Pandaria to change Raid Finder looting rules: To alleviate some of that anxiety, the pandas will be bringing in ... http://t.co/RBeSYBOk</summary><id>object:search.twitter.com,2005:185074060701605889</id><link>http://twitter.com/WoW_PvP_Addict/statuses/185074060701605889</link><postedTime>2012-03-28T18:41:09.000Z</postedTime><objectType>note</objectType></object><actor><summary>i play wow and do a lot of pvp &#13;
</summary><twitterTimeZone>Indiana (East)</twitterTimeZone><friendsCount>1672</friendsCount><location><displayName>indiana</displayName><objectType>place</objectType></location><link>http://www.twitter.com/WoW_PvP_Addict</link><postedTime>2010-06-02T08:44:38.000Z</postedTime><image>http://a0.twimg.com/profile_images/1822099799/wow_normal.jpg</image><links><links><rel>me</rel><href>http://wowpvpaddict.com/wordpress</href></links></links><listedCount>5</listedCount><id>id:twitter.com:150975337</id><languages><languages>en</languages></languages><utcOffset>-18000</utcOffset><followersCount>807</followersCount><preferredUsername>WoW_PvP_Addict</preferredUsername><displayName>shawn oconner</displayName><statusesCount>10737</statusesCount><objectType>person</objectType></actor><twitter_entities><hashtags/><user_mentions/><urls><urls><indices><indices>116</indices><indices>136</indices></indices><expanded_url>http://bit.ly/Hgix29</expanded_url><display_url>bit.ly/Hgix29</display_url><url>http://t.co/RBeSYBOk</url></urls></urls></twitter_entities><objectType>activity</objectType><platform>twitter</platform><posted_date>2012-03-28</posted_date><followers>807</followers><statuses>10737</statuses><region>Indiana</region></marklogic>