<?xml version="1.0" encoding="UTF-8"?>
<marklogic><id>tag:search.twitter.com,2005:185055122638905346</id><type>P</type><type>P</type><body>can <product_name company="Johnson - Johnson">Benadryl</product_name> cause heart <adverse_event>Palpitations</adverse_event> http://t.co/xIeiVteJ</body><verb>post</verb><link>http://twitter.com/tuwiduluj/statuses/185055122638905346</link><generator><link>http://twitter.com</link><displayName>web</displayName></generator><postedTime>2012-03-28T17:25:54.000Z</postedTime><provider><link>http://www.twitter.com</link><displayName>Twitter</displayName><objectType>service</objectType></provider><object><summary>can benadryl cause heart palpitations http://t.co/xIeiVteJ</summary><id>object:search.twitter.com,2005:185055122638905346</id><link>http://twitter.com/tuwiduluj/statuses/185055122638905346</link><postedTime>2012-03-28T17:25:54.000Z</postedTime><objectType>note</objectType></object><actor><summary>About me: obstinate, intuitive and axiomatic. Like Garth Brooks and Billy Bragg.</summary><twitterTimeZone/><friendsCount>97</friendsCount><location><displayName>US</displayName><objectType>place</objectType></location><link>http://www.twitter.com/tuwiduluj</link><postedTime>2011-12-10T16:16:55.000Z</postedTime><image>http://a0.twimg.com/profile_images/1685349173/440_normal.gif</image><links><links><rel>me</rel><href/></links></links><listedCount>0</listedCount><id>id:twitter.com:433470152</id><languages><languages>en</languages></languages><utcOffset/><followersCount>25</followersCount><preferredUsername>tuwiduluj</preferredUsername><displayName>Kohl Langthorn</displayName><statusesCount>372</statusesCount><objectType>person</objectType></actor><twitter_entities><hashtags/><user_mentions/><urls><urls><indices><indices>38</indices><indices>58</indices></indices><expanded_url>http://can-benadryl-cause-heart-palpitations.cheapillsshop.com</expanded_url><display_url>…-heart-palpitations.cheapillsshop.com</display_url><url>http://t.co/xIeiVteJ</url></urls></urls></twitter_entities><objectType>activity</objectType><platform>twitter</platform><posted_date>2012-03-28</posted_date><followers>25</followers><statuses>372</statuses><region>N.A.</region></marklogic>