<?xml version="1.0" encoding="UTF-8"?>
<marklogic><id>tag:search.twitter.com,2005:185075371304169473</id><type>P</type><type>P</type><body>This ice <adverse_event>Cold</adverse_event> <product_name company="Coca Cola">Coke</product_name> tho&amp;gt;&amp;gt;&amp;gt;</body><verb>post</verb><link>http://twitter.com/Lolah_LaShay/statuses/185075371304169473</link><generator><link>http://levelupstudio.com/plume</link><displayName>Plume for Android</displayName></generator><postedTime>2012-03-28T18:46:21.000Z</postedTime><provider><link>http://www.twitter.com</link><displayName>Twitter</displayName><objectType>service</objectType></provider><object><summary>This ice cold coke tho&amp;gt;&amp;gt;&amp;gt;</summary><id>object:search.twitter.com,2005:185075371304169473</id><link>http://twitter.com/Lolah_LaShay/statuses/185075371304169473</link><postedTime>2012-03-28T18:46:21.000Z</postedTime><objectType>note</objectType></object><actor><summary>Jasmine the one hoes love to hate.. The Bitch yo Nigga wanna date.. My tweets are my bio!! Muah follow me Babes!!!
#AidynsMommy
#SexyRedd
#TEAMFollowBack</summary><twitterTimeZone/><friendsCount>135</friendsCount><location><displayName>Jasmine'sWorld !</displayName><objectType>place</objectType></location><link>http://www.twitter.com/Lolah_LaShay</link><postedTime>2010-01-12T23:12:48.000Z</postedTime><image>http://a0.twimg.com/profile_images/1968042948/p20120325-133827_normal.jpg</image><links><links><rel>me</rel><href/></links></links><listedCount>0</listedCount><id>id:twitter.com:104302781</id><languages><languages>en</languages></languages><utcOffset/><followersCount>134</followersCount><preferredUsername>Lolah_LaShay</preferredUsername><displayName>Muah Bitchs!!</displayName><statusesCount>1892</statusesCount><objectType>person</objectType></actor><twitter_entities><hashtags/><user_mentions/><urls/></twitter_entities><objectType>activity</objectType><platform>twitter</platform><posted_date>2012-03-28</posted_date><followers>134</followers><statuses>1892</statuses><region>N.A.</region></marklogic>