<?xml version="1.0" encoding="UTF-8"?>
<marklogic><id>tag:search.twitter.com,2005:185049991344177153</id><type>P</type><type>P</type><body>@franfraschilla @RealJayWilliams We sent you <product_name company="Ricola">Ricola</product_name> to help soothe #MarchMadness <adverse_event>Sore throats</adverse_event>- just checking in to see if you got 'em! #ahem</body><verb>post</verb><link>http://twitter.com/RicolaUSA/statuses/185049991344177153</link><generator><link>http://twitter.com</link><displayName>web</displayName></generator><postedTime>2012-03-28T17:05:30.000Z</postedTime><provider><link>http://www.twitter.com</link><displayName>Twitter</displayName><objectType>service</objectType></provider><object><summary>@franfraschilla @RealJayWilliams We sent you Ricola to help soothe #MarchMadness sore throats- just checking in to see if you got 'em! #ahem</summary><id>object:search.twitter.com,2005:185049991344177153</id><link>http://twitter.com/RicolaUSA/statuses/185049991344177153</link><postedTime>2012-03-28T17:05:30.000Z</postedTime><objectType>note</objectType></object><actor><summary>♪♪♪ Tweeeeeeeet at Us ♪♪♪ … and we may just send you some NEW Dual Action cough drops!&#13;
&#13;
Terms apply: http://www.FromSwitzerlandWithCare.com</summary><twitterTimeZone>Hawaii</twitterTimeZone><friendsCount>381</friendsCount><location><displayName>USA</displayName><objectType>place</objectType></location><link>http://www.twitter.com/RicolaUSA</link><postedTime>2011-09-14T18:52:23.000Z</postedTime><image>http://a0.twimg.com/profile_images/1632324072/Ricola-Twitter-Profile_normal.jpg</image><links><links><rel>me</rel><href>http://www.ricola.com</href></links></links><listedCount>1</listedCount><id>id:twitter.com:373526961</id><languages><languages>en</languages></languages><utcOffset>-36000</utcOffset><followersCount>283</followersCount><preferredUsername>RicolaUSA</preferredUsername><displayName>Ricola USA</displayName><statusesCount>978</statusesCount><objectType>person</objectType></actor><twitter_entities><hashtags><hashtags><text>MarchMadness</text><indices><indices>67</indices><indices>80</indices></indices></hashtags><hashtags><text>ahem</text><indices><indices>135</indices><indices>140</indices></indices></hashtags></hashtags><urls/><user_mentions><user_mentions><indices><indices>0</indices><indices>15</indices></indices><id_str>59037337</id_str><name>Fran Fraschilla</name><id>59037337</id><screen_name>franfraschilla</screen_name></user_mentions><user_mentions><indices><indices>16</indices><indices>32</indices></indices><id_str>77117012</id_str><name>Jay Williams</name><id>77117012</id><screen_name>RealJayWilliams</screen_name></user_mentions></user_mentions></twitter_entities><objectType>activity</objectType><platform>twitter</platform><posted_date>2012-03-28</posted_date><followers>283</followers><statuses>978</statuses><region>Hawaii</region></marklogic>