<?xml version="1.0" encoding="UTF-8"?>
<marklogic><id>tag:search.twitter.com,2005:185049800599814145</id><type>P</type><type>P</type><body>@JasonKingESPN @ESPNAndyKatz @BramESPN We sent you <product_name company="Ricola">Ricola</product_name> to help soothe #MarchMadness <adverse_event>Sore throats</adverse_event>-- just checking in to see if you got em!</body><verb>post</verb><link>http://twitter.com/RicolaUSA/statuses/185049800599814145</link><generator><link>http://twitter.com</link><displayName>web</displayName></generator><postedTime>2012-03-28T17:04:45.000Z</postedTime><provider><link>http://www.twitter.com</link><displayName>Twitter</displayName><objectType>service</objectType></provider><object><summary>@JasonKingESPN @ESPNAndyKatz @BramESPN We sent you Ricola to help soothe #MarchMadness sore throats-- just checking in to see if you got em!</summary><id>object:search.twitter.com,2005:185049800599814145</id><link>http://twitter.com/RicolaUSA/statuses/185049800599814145</link><postedTime>2012-03-28T17:04:45.000Z</postedTime><objectType>note</objectType></object><actor><summary>♪♪♪ Tweeeeeeeet at Us ♪♪♪ … and we may just send you some NEW Dual Action cough drops!&#13;
&#13;
Terms apply: http://www.FromSwitzerlandWithCare.com</summary><twitterTimeZone>Hawaii</twitterTimeZone><friendsCount>381</friendsCount><location><displayName>USA</displayName><objectType>place</objectType></location><link>http://www.twitter.com/RicolaUSA</link><postedTime>2011-09-14T18:52:23.000Z</postedTime><image>http://a0.twimg.com/profile_images/1632324072/Ricola-Twitter-Profile_normal.jpg</image><links><links><rel>me</rel><href>http://www.ricola.com</href></links></links><listedCount>1</listedCount><id>id:twitter.com:373526961</id><languages><languages>en</languages></languages><utcOffset>-36000</utcOffset><followersCount>283</followersCount><preferredUsername>RicolaUSA</preferredUsername><displayName>Ricola USA</displayName><statusesCount>977</statusesCount><objectType>person</objectType></actor><twitter_entities><hashtags><hashtags><text>MarchMadness</text><indices><indices>73</indices><indices>86</indices></indices></hashtags></hashtags><urls/><user_mentions><user_mentions><indices><indices>0</indices><indices>14</indices></indices><id_str>77542133</id_str><name>Jason King</name><id>77542133</id><screen_name>JasonKingESPN</screen_name></user_mentions><user_mentions><indices><indices>15</indices><indices>28</indices></indices><id_str>85961526</id_str><name>Andy Katz</name><id>85961526</id><screen_name>ESPNAndyKatz</screen_name></user_mentions><user_mentions><indices><indices>29</indices><indices>38</indices></indices><id_str>34122968</id_str><name>Bram Weinstein</name><id>34122968</id><screen_name>BramESPN</screen_name></user_mentions></user_mentions></twitter_entities><objectType>activity</objectType><platform>twitter</platform><posted_date>2012-03-28</posted_date><followers>283</followers><statuses>977</statuses><region>Hawaii</region></marklogic>