<?xml version="1.0" encoding="UTF-8"?>
<marklogic><id>tag:search.twitter.com,2005:187097351620526080</id><type>P</type><type>P</type><body>Gonna take some  soon as I get <product_name company="SC Johnson">Off</product_name> work than lay it down. Cutting my daddy lawn got me <adverse_event>Sneezing</adverse_event>, head hurting, and <adverse_event>Cold</adverse_event> in my chest.</body><verb>post</verb><link>http://twitter.com/KiidReckless/statuses/187097351620526080</link><generator><link>http://ubersocial.com</link><displayName>UberSocial for BlackBerry</displayName></generator><postedTime>2012-04-03T08:40:59.000Z</postedTime><provider><link>http://www.twitter.com</link><displayName>Twitter</displayName><objectType>service</objectType></provider><object><summary>Gonna take some nyquil soon as I get off work than lay it down. Cutting my daddy lawn got me sneezing, head hurting, and cold in my chest.</summary><id>object:search.twitter.com,2005:187097351620526080</id><link>http://twitter.com/KiidReckless/statuses/187097351620526080</link><postedTime>2012-04-03T08:40:59.000Z</postedTime><objectType>note</objectType></object><actor><summary>Young&amp;Reckless Official Street Teamer &#13;
Striving... RecklessRanger! </summary><twitterTimeZone>Mountain Time (US &amp; Canada)</twitterTimeZone><friendsCount>578</friendsCount><link>http://www.twitter.com/KiidReckless</link><postedTime>2010-06-20T23:45:43.000Z</postedTime><image>http://a0.twimg.com/profile_images/1971539175/336805022_normal.jpg</image><links><links><rel>me</rel><href>http://Youngandreckless.com</href></links></links><listedCount>13</listedCount><id>id:twitter.com:157809914</id><languages><languages>en</languages></languages><utcOffset>-25200</utcOffset><followersCount>1211</followersCount><preferredUsername>KiidReckless</preferredUsername><displayName>KiidJones(F)</displayName><statusesCount>9464</statusesCount><objectType>person</objectType></actor><twitter_entities><hashtags/><urls/><user_mentions/></twitter_entities><objectType>activity</objectType><platform>twitter</platform><posted_date>2012-04-03</posted_date><followers>1211</followers><statuses>9464</statuses><region>Mountain</region></marklogic>