<?xml version="1.0" encoding="UTF-8"?>
<marklogic><id>tag:search.twitter.com,2005:185035262139699200</id><type>P</type><type>P</type><body>Hahaha gua ngakak banget dibagian dialog itu be RT @RifkiBachtiar: The <product_name company="SC Johnson">Raid</product_name> <adverse_event>Fever</adverse_event>! Haha RT @myprandani: 'Kalau saya muak, saya bisa menggila</body><verb>post</verb><link>http://twitter.com/myprandani/statuses/185035262139699200</link><generator><link>http://ubersocial.com</link><displayName>UberSocial for BlackBerry</displayName></generator><postedTime>2012-03-28T16:06:58.000Z</postedTime><provider><link>http://www.twitter.com</link><displayName>Twitter</displayName><objectType>service</objectType></provider><object><summary>Hahaha gua ngakak banget dibagian dialog itu be RT @RifkiBachtiar: The Raid fever! Haha RT @myprandani: 'Kalau saya muak, saya bisa menggila</summary><id>object:search.twitter.com,2005:185035262139699200</id><link>http://twitter.com/myprandani/statuses/185035262139699200</link><postedTime>2012-03-28T16:06:58.000Z</postedTime><objectType>note</objectType></object><actor><summary/><twitterTimeZone>Singapore</twitterTimeZone><friendsCount>341</friendsCount><location><displayName>YOGIyakarta. Indonesia</displayName><objectType>place</objectType></location><link>http://www.twitter.com/myprandani</link><postedTime>2009-06-29T07:39:23.000Z</postedTime><image>http://a0.twimg.com/profile_images/1855614911/pp_normal.jpg</image><links><links><rel>me</rel><href/></links></links><listedCount>3</listedCount><id>id:twitter.com:51993747</id><languages><languages>en</languages></languages><utcOffset>28800</utcOffset><followersCount>755</followersCount><preferredUsername>myprandani</preferredUsername><displayName>Muhammad Yogi P</displayName><statusesCount>18444</statusesCount><objectType>person</objectType></actor><twitter_entities><hashtags/><user_mentions><user_mentions><indices><indices>51</indices><indices>65</indices></indices><name>Rifki Bachtiar</name><id_str>49367010</id_str><id>49367010</id><screen_name>RifkiBachtiar</screen_name></user_mentions><user_mentions><indices><indices>91</indices><indices>102</indices></indices><name>Muhammad Yogi P</name><id_str>51993747</id_str><id>51993747</id><screen_name>myprandani</screen_name></user_mentions></user_mentions><urls/></twitter_entities><objectType>activity</objectType><platform>twitter</platform><posted_date>2012-03-28</posted_date><followers>755</followers><statuses>18444</statuses><region>Singapore</region></marklogic>