<?xml version="1.0" encoding="UTF-8"?>
<marklogic><id>tag:search.twitter.com,2005:185044504011735043</id><type>P</type><type>P</type><inReplyTo><link>http://twitter.com/johnfinnegan247/statuses/185041653101375489</link></inReplyTo><body>@johnfinnegan247 It'll take A LOT of sweat to <adverse_event>Burn</adverse_event>  all that pick'n'mix and <product_name company="Coca Cola">Coke</product_name>!</body><verb>post</verb><link>http://twitter.com/happydusty/statuses/185044504011735043</link><generator><link>http://twitter.com/#!/download/iphone</link><displayName>Twitter for iPhone</displayName></generator><postedTime>2012-03-28T16:43:42.000Z</postedTime><provider><link>http://www.twitter.com</link><displayName>Twitter</displayName><objectType>service</objectType></provider><object><summary>@johnfinnegan247 It'll take A LOT of sweat to burn off all that pick'n'mix and coke!</summary><id>object:search.twitter.com,2005:185044504011735043</id><link>http://twitter.com/happydusty/statuses/185044504011735043</link><postedTime>2012-03-28T16:43:42.000Z</postedTime><objectType>note</objectType></object><actor><summary>I’m an actress, writer and loyal intern to @vexentrix. I live and breathe for my love of the craft! Carpe Diem.</summary><twitterTimeZone>London</twitterTimeZone><friendsCount>181</friendsCount><link>http://www.twitter.com/happydusty</link><postedTime>2010-03-17T12:24:37.000Z</postedTime><image>http://a0.twimg.com/profile_images/1797341666/twitter_pic_normal.jpg</image><links><links><rel>me</rel><href/></links></links><listedCount>2</listedCount><id>id:twitter.com:123855292</id><languages><languages>en</languages></languages><utcOffset>0</utcOffset><followersCount>42</followersCount><preferredUsername>happydusty</preferredUsername><displayName>Amy Kingsley</displayName><statusesCount>1605</statusesCount><objectType>person</objectType></actor><twitter_entities><hashtags/><urls/><user_mentions><user_mentions><indices><indices>0</indices><indices>16</indices></indices><id_str>355118551</id_str><name>John Finnegan</name><id>355118551</id><screen_name>johnfinnegan247</screen_name></user_mentions></user_mentions></twitter_entities><objectType>activity</objectType><platform>twitter</platform><posted_date>2012-03-28</posted_date><followers>42</followers><statuses>1605</statuses><region>London</region></marklogic>