<?xml version="1.0" encoding="UTF-8"?>
<marklogic><id>tag:search.twitter.com,2005:185038217295298561</id><type>P</type><type>P</type><body>"No quiero un aparato de seguridad porque sólo se enterarían de mi por TV, un <adverse_event>Spot</adverse_event> mio son 2 d Josefina y 3 de PN, <product_name company="GlaxoSmithKline">Viva</product_name> la igualdad!" #AMLO</body><verb>post</verb><link>http://twitter.com/Habaneruko/statuses/185038217295298561</link><generator><link>http://blackberry.com/twitter</link><displayName>Twitter for BlackBerry®</displayName></generator><postedTime>2012-03-28T16:18:43.000Z</postedTime><provider><link>http://www.twitter.com</link><displayName>Twitter</displayName><objectType>service</objectType></provider><object><summary>"No quiero un aparato de seguridad porque sólo se enterarían de mi por TV, un spot mio son 2 d Josefina y 3 de PN, viva la igualdad!" #AMLO</summary><id>object:search.twitter.com,2005:185038217295298561</id><link>http://twitter.com/Habaneruko/statuses/185038217295298561</link><postedTime>2012-03-28T16:18:43.000Z</postedTime><objectType>note</objectType></object><actor><summary>Follow me... let's roll ;D</summary><twitterTimeZone>Mexico City</twitterTimeZone><friendsCount>129</friendsCount><location><displayName>Mexico City</displayName><objectType>place</objectType></location><link>http://www.twitter.com/Habaneruko</link><postedTime>2010-02-23T23:11:09.000Z</postedTime><image>http://a0.twimg.com/profile_images/1714938882/AbneroCuadros_normal.jpg</image><links><links><rel>me</rel><href/></links></links><listedCount>1</listedCount><id>id:twitter.com:116903885</id><languages><languages>es</languages></languages><utcOffset>-21600</utcOffset><followersCount>151</followersCount><preferredUsername>Habaneruko</preferredUsername><displayName>Abnero Solano</displayName><statusesCount>4345</statusesCount><objectType>person</objectType></actor><twitter_entities><user_mentions/><hashtags><hashtags><text>AMLO</text><indices><indices>134</indices><indices>139</indices></indices></hashtags></hashtags><urls/></twitter_entities><objectType>activity</objectType><platform>twitter</platform><posted_date>2012-03-28</posted_date><followers>151</followers><statuses>4345</statuses><region>Mexico</region></marklogic>