<?xml version="1.0" encoding="UTF-8"?>
<marklogic><id>tag:search.twitter.com,2005:185079136350519296</id><type>P</type><type>P</type><body>In charlie &amp; nickys :-) time to get mwi then <product_name company="SC Johnson">Off</product_name> to #<adverse_event>Tingle</adverse_event> then #polo #charlieslevingparty</body><verb>post</verb><link>http://twitter.com/daniiiwarren/statuses/185079136350519296</link><generator><link>http://blackberry.com/twitter</link><displayName>Twitter for BlackBerry®</displayName></generator><postedTime>2012-03-28T19:01:19.000Z</postedTime><provider><link>http://www.twitter.com</link><displayName>Twitter</displayName><objectType>service</objectType></provider><object><summary>In charlie &amp; nickys :-) time to get mwi then off to #tingle then #polo #charlieslevingparty</summary><id>object:search.twitter.com,2005:185079136350519296</id><link>http://twitter.com/daniiiwarren/statuses/185079136350519296</link><postedTime>2012-03-28T19:01:19.000Z</postedTime><objectType>note</objectType></object><actor><summary>Hii, I'm Danielle. I'm 18, I love to sing &amp; take photo's. I tweet alot of crap sometimes but if you like it then gimme a wee follow :)!</summary><twitterTimeZone>Edinburgh</twitterTimeZone><friendsCount>188</friendsCount><link>http://www.twitter.com/daniiiwarren</link><postedTime>2009-07-19T20:24:47.000Z</postedTime><image>http://a0.twimg.com/profile_images/1897388833/IMG-20120214-00150_normal.jpg</image><links><links><rel>me</rel><href>http://cocobryce.tumblr.com/</href></links></links><listedCount>6</listedCount><id>id:twitter.com:58285065</id><languages><languages>en</languages></languages><utcOffset>0</utcOffset><followersCount>559</followersCount><preferredUsername>daniiiwarren</preferredUsername><displayName>dw</displayName><statusesCount>10843</statusesCount><objectType>person</objectType></actor><twitter_entities><hashtags><hashtags><text>tingle</text><indices><indices>52</indices><indices>59</indices></indices></hashtags><hashtags><text>polo</text><indices><indices>65</indices><indices>70</indices></indices></hashtags><hashtags><text>charlieslevingparty</text><indices><indices>71</indices><indices>91</indices></indices></hashtags></hashtags><user_mentions/><urls/></twitter_entities><objectType>activity</objectType><platform>twitter</platform><posted_date>2012-03-28</posted_date><followers>559</followers><statuses>10843</statuses><region>Edinburgh</region></marklogic>