<?xml version="1.0" encoding="UTF-8"?>
<marklogic><id>tag:search.twitter.com,2005:185080639874277376</id><type>P</type><type>P</type><body>Yo solo tendré un <adverse_event>Spot</adverse_event>. “¡<product_name company="GlaxoSmithKline">Viva</product_name> la equidad!”: AMLO http://t.co/63OLm410</body><verb>post</verb><link>http://twitter.com/KarinaAnaya_/statuses/185080639874277376</link><generator><link>http://twitter.com/tweetbutton</link><displayName>Tweet Button</displayName></generator><postedTime>2012-03-28T19:07:17.000Z</postedTime><provider><link>http://www.twitter.com</link><displayName>Twitter</displayName><objectType>service</objectType></provider><object><summary>Yo solo tendré un spot. “¡Viva la equidad!”: AMLO http://t.co/63OLm410</summary><id>object:search.twitter.com,2005:185080639874277376</id><link>http://twitter.com/KarinaAnaya_/statuses/185080639874277376</link><postedTime>2012-03-28T19:07:17.000Z</postedTime><objectType>note</objectType></object><actor><summary>Soñadora, lectora, en busca de acertijos y misterios,crítica de la realidad, cinéfila por hobbie, y socióloga de profesión ◔̯◔</summary><twitterTimeZone>Mexico City</twitterTimeZone><friendsCount>999</friendsCount><location><displayName> Verified Account ✔</displayName><objectType>place</objectType></location><link>http://www.twitter.com/KarinaAnaya_</link><postedTime>2009-06-16T02:42:01.000Z</postedTime><image>http://a0.twimg.com/profile_images/1764584527/sopa_normal.jpg</image><links><links><rel>me</rel><href>http://guionlargo.blogspot.com/</href></links></links><listedCount>6</listedCount><id>id:twitter.com:47520779</id><languages><languages>es</languages></languages><utcOffset>-21600</utcOffset><followersCount>1256</followersCount><preferredUsername>KarinaAnaya_</preferredUsername><displayName>Karina</displayName><statusesCount>11734</statusesCount><objectType>person</objectType></actor><twitter_entities><hashtags/><user_mentions/><urls><urls><indices><indices>50</indices><indices>70</indices></indices><expanded_url>http://www.milenio.com/cdb/doc/noticias2011/5964d1e41672f13ce660e052b00d8361</expanded_url><display_url>milenio.com/cdb/doc/notici…</display_url><url>http://t.co/63OLm410</url></urls></urls></twitter_entities><objectType>activity</objectType><platform>twitter</platform><posted_date>2012-03-28</posted_date><followers>1256</followers><statuses>11734</statuses><region>Mexico</region></marklogic>