<?xml version="1.0" encoding="UTF-8"?>
<marklogic><id>tag:search.twitter.com,2005:187177951228473346</id><type>P</type><type>P</type><body>Woo hoo my <adverse_event>Cold</adverse_event> is gone. I can breathe with out the aid of /<product_name company="N.A.">NyQuil</product_name> or nasal sprays</body><verb>post</verb><link>http://twitter.com/jimleonetti/statuses/187177951228473346</link><generator><link>http://tapbots.com/tweetbot</link><displayName>Tweetbot for iOS</displayName></generator><postedTime>2012-04-03T14:01:15.000Z</postedTime><provider><link>http://www.twitter.com</link><displayName>Twitter</displayName><objectType>service</objectType></provider><object><summary>Woo hoo my cold is gone. I can breathe with out the aid of DayQuil/NyQuil or nasal sprays</summary><id>object:search.twitter.com,2005:187177951228473346</id><link>http://twitter.com/jimleonetti/statuses/187177951228473346</link><postedTime>2012-04-03T14:01:15.000Z</postedTime><objectType>note</objectType></object><actor><summary>stop and smell the damn roses! for the metaphorically challenged: appreciate what you have and what's around you. slow down and notice the details of life.  </summary><twitterTimeZone>Eastern Time (US &amp; Canada)</twitterTimeZone><friendsCount>207</friendsCount><location><displayName>Brantford, Ontario, Canada</displayName><objectType>place</objectType></location><link>http://www.twitter.com/jimleonetti</link><postedTime>2009-09-14T00:52:54.000Z</postedTime><image>http://a0.twimg.com/profile_images/1141442355/37860_10150212354530284_745290283_13333739_1019077_n_normal.jpg</image><links><links><rel>me</rel><href/></links></links><listedCount>2</listedCount><id>id:twitter.com:74019553</id><languages><languages>en</languages></languages><utcOffset>-18000</utcOffset><followersCount>71</followersCount><preferredUsername>jimleonetti</preferredUsername><displayName>Jim Leonetti</displayName><statusesCount>989</statusesCount><objectType>person</objectType></actor><twitter_entities><hashtags/><urls/><user_mentions/></twitter_entities><objectType>activity</objectType><platform>twitter</platform><posted_date>2012-04-03</posted_date><followers>71</followers><statuses>989</statuses><region>Eastern</region></marklogic>