<?xml version="1.0" encoding="UTF-8"?>
<marklogic><id>tag:search.twitter.com,2005:185074948061147136</id><type>P</type><type>P</type><body>Ice <adverse_event>Cold</adverse_event> <product_name company="Coca Cola">Coke</product_name> &amp;gt;</body><verb>post</verb><link>http://twitter.com/HarrysPussyCat/statuses/185074948061147136</link><generator><link>http://twitter.com/#!/download/iphone</link><displayName>Twitter for iPhone</displayName></generator><postedTime>2012-03-28T18:44:40.000Z</postedTime><provider><link>http://www.twitter.com</link><displayName>Twitter</displayName><objectType>service</objectType></provider><object><summary>Ice cold coke &amp;gt;</summary><id>object:search.twitter.com,2005:185074948061147136</id><link>http://twitter.com/HarrysPussyCat/statuses/185074948061147136</link><postedTime>2012-03-28T18:44:40.000Z</postedTime><objectType>note</objectType></object><actor><summary>Just a greek sexually frustrated fan girl for 1D. Ella &amp; Alisha &amp; Emma xoxoxo</summary><twitterTimeZone>London</twitterTimeZone><friendsCount>812</friendsCount><location><displayName>Birmingham</displayName><objectType>place</objectType></location><link>http://www.twitter.com/HarrysPussyCat</link><postedTime>2010-10-11T19:38:54.000Z</postedTime><image>http://a0.twimg.com/profile_images/1970167200/image_normal.jpg</image><links><links><rel>me</rel><href>http://harryswh0re.tumblr.com</href></links></links><listedCount>2</listedCount><id>id:twitter.com:201403748</id><languages><languages>en</languages></languages><utcOffset>0</utcOffset><followersCount>1437</followersCount><preferredUsername>HarrysPussyCat</preferredUsername><displayName>Paul Higgins</displayName><statusesCount>29479</statusesCount><objectType>person</objectType></actor><twitter_entities><hashtags/><user_mentions/><urls/></twitter_entities><objectType>activity</objectType><platform>twitter</platform><posted_date>2012-03-28</posted_date><followers>1437</followers><statuses>29479</statuses><region>London</region></marklogic>