<?xml version="1.0" encoding="UTF-8"?>
<marklogic><id>tag:search.twitter.com,2005:185057921242107906</id><type>P</type><type>P</type><body><product_name company="Coca Cola">Fanta</product_name> lemon only tastes good in the sun /<adverse_event>Heat</adverse_event> #FACT</body><verb>post</verb><link>http://twitter.com/JACKwalker___/statuses/185057921242107906</link><generator><link>http://twitter.com/#!/download/iphone</link><displayName>Twitter for iPhone</displayName></generator><postedTime>2012-03-28T17:37:01.000Z</postedTime><provider><link>http://www.twitter.com</link><displayName>Twitter</displayName><objectType>service</objectType></provider><object><summary>Fanta lemon only tastes good in the sun /heat #FACT</summary><id>object:search.twitter.com,2005:185057921242107906</id><link>http://twitter.com/JACKwalker___/statuses/185057921242107906</link><postedTime>2012-03-28T17:37:01.000Z</postedTime><objectType>note</objectType></object><actor><summary>you only live once so dont waste your life, live it to the full!  tweet tweet!</summary><twitterTimeZone/><friendsCount>241</friendsCount><location><displayName>Scotland</displayName><objectType>place</objectType></location><link>http://www.twitter.com/JACKwalker___</link><postedTime>2010-03-17T23:13:44.000Z</postedTime><image>http://a0.twimg.com/profile_images/1611273170/image_normal.jpg</image><links><links><rel>me</rel><href/></links></links><listedCount>1</listedCount><id>id:twitter.com:124005343</id><languages><languages>en</languages></languages><utcOffset/><followersCount>289</followersCount><preferredUsername>JACKwalker___</preferredUsername><displayName>jack walker</displayName><statusesCount>4665</statusesCount><objectType>person</objectType></actor><twitter_entities><hashtags><hashtags><text>FACT</text><indices><indices>46</indices><indices>51</indices></indices></hashtags></hashtags><urls/><user_mentions/></twitter_entities><objectType>activity</objectType><platform>twitter</platform><posted_date>2012-03-28</posted_date><followers>289</followers><statuses>4665</statuses><region>N.A.</region></marklogic>