<?xml version="1.0" encoding="UTF-8"?>
<marklogic><id>tag:search.twitter.com,2005:187067798193840128</id><type>P</type><type>P</type><body>@PauGasol is so funny! Happy to see him out of his "<product_name company="Unilever">Comfort</product_name> zone" tonight! Was there a touch of <adverse_event>Blushing</adverse_event> when asked about his woman? O_o</body><verb>post</verb><location><geo><type>Polygon</type><coordinates><coordinates><coordinates><coordinates>-94.298906</coordinates><coordinates>35.189013</coordinates></coordinates><coordinates><coordinates>-94.172335</coordinates><coordinates>35.189013</coordinates></coordinates><coordinates><coordinates>-94.172335</coordinates><coordinates>35.239411</coordinates></coordinates><coordinates><coordinates>-94.298906</coordinates><coordinates>35.239411</coordinates></coordinates></coordinates></coordinates></geo><link>http://api.twitter.com/1/geo/id/1901c795766305a8.json</link><name>Greenwood</name><displayName>Greenwood, AR</displayName><country_code>United States</country_code><objectType>place</objectType></location><link>http://twitter.com/Andie_76/statuses/187067798193840128</link><generator><link>http://twitter.com</link><displayName>web</displayName></generator><postedTime>2012-04-03T06:43:33.000Z</postedTime><provider><link>http://www.twitter.com</link><displayName>Twitter</displayName><objectType>service</objectType></provider><object><summary>@PauGasol is so funny! Happy to see him out of his "comfort zone" tonight! Was there a touch of blushing when asked about his woman? O_o</summary><id>object:search.twitter.com,2005:187067798193840128</id><link>http://twitter.com/Andie_76/statuses/187067798193840128</link><postedTime>2012-04-03T06:43:33.000Z</postedTime><objectType>note</objectType></object><actor><summary>God's Child. FT wife &amp; mother of 3. FT History &amp; Sports Mgmt Major @ SAGU. PartyLite Ind Consultant. ~~ A HUGE NBA &amp; NHL FAN ~~</summary><twitterTimeZone>Central Time (US &amp; Canada)</twitterTimeZone><friendsCount>137</friendsCount><location><displayName>Rockford, IL; Dallas; NW AR </displayName><objectType>place</objectType></location><link>http://www.twitter.com/Andie_76</link><postedTime>2010-06-21T13:15:54.000Z</postedTime><image>http://a0.twimg.com/profile_images/1963380783/Mavs_Lakers_Game__2__normal.jpg</image><links><links><rel>me</rel><href>https://www.partylite.biz/sites/AndreasMountainLites</href></links></links><listedCount>4</listedCount><id>id:twitter.com:157993965</id><languages><languages>en</languages></languages><utcOffset>-21600</utcOffset><followersCount>156</followersCount><preferredUsername>Andie_76</preferredUsername><displayName>Andrea </displayName><statusesCount>14610</statusesCount><objectType>person</objectType></actor><twitter_entities><hashtags/><urls/><user_mentions><user_mentions><indices><indices>0</indices><indices>9</indices></indices><screen_name>paugasol</screen_name><name>Pau Gasol</name><id_str>163559269</id_str><id>163559269</id></user_mentions></user_mentions></twitter_entities><objectType>activity</objectType><platform>twitter</platform><posted_date>2012-04-03</posted_date><followers>156</followers><statuses>14610</statuses><region>Central</region></marklogic>