<?xml version="1.0" encoding="UTF-8"?>
<marklogic><id>tag:search.twitter.com,2005:185077610995396608</id><type>P</type><type>P</type><inReplyTo><link>http://twitter.com/T_McNarb/statuses/185077170652196865</link></inReplyTo><body>@T_McNarb car thermometers are  higher because they attract <adverse_event>Heat</adverse_event> from either A) attracted <product_name company="Unilever">Sunlight</product_name> on the body shell or B) the engine.</body><verb>post</verb><link>http://twitter.com/AlexSpinks/statuses/185077610995396608</link><generator><link>http://twitter.com/#!/download/iphone</link><displayName>Twitter for iPhone</displayName></generator><postedTime>2012-03-28T18:55:15.000Z</postedTime><provider><link>http://www.twitter.com</link><displayName>Twitter</displayName><objectType>service</objectType></provider><object><summary>@T_McNarb car thermometers are always higher because they attract heat from either A) attracted sunlight on the body shell or B) the engine.</summary><id>object:search.twitter.com,2005:185077610995396608</id><link>http://twitter.com/AlexSpinks/statuses/185077610995396608</link><postedTime>2012-03-28T18:55:15.000Z</postedTime><objectType>note</objectType></object><actor><summary>Trainee Dolphin Rescuer At The Moment! True Passion Lies In Playing Ball #mycall #nottotall #bedroomdownthehall #sometimesfall #climbingthewall </summary><twitterTimeZone/><friendsCount>127</friendsCount><location><displayName>Brighton</displayName><objectType>place</objectType></location><link>http://www.twitter.com/AlexSpinks</link><postedTime>2010-10-03T17:30:41.000Z</postedTime><image>http://a0.twimg.com/profile_images/1809381409/image_normal.jpg</image><links><links><rel>me</rel><href/></links></links><listedCount>1</listedCount><id>id:twitter.com:198211942</id><languages><languages>en</languages></languages><utcOffset/><followersCount>227</followersCount><preferredUsername>AlexSpinks</preferredUsername><displayName>Spinks Says</displayName><statusesCount>6326</statusesCount><objectType>person</objectType></actor><twitter_entities><hashtags/><user_mentions><user_mentions><indices><indices>0</indices><indices>9</indices></indices><id_str>416216893</id_str><name>Tom McNaboe</name><id>416216893</id><screen_name>T_McNarb</screen_name></user_mentions></user_mentions><urls/></twitter_entities><objectType>activity</objectType><platform>twitter</platform><posted_date>2012-03-28</posted_date><followers>227</followers><statuses>6326</statuses><region>N.A.</region></marklogic>