<?xml version="1.0" encoding="UTF-8"?>
<marklogic><id>tag:search.twitter.com,2005:185045922802180096</id><type>P</type><type>P</type><body><adverse_event>Spot</adverse_event> the <product_name company="Kimberly Clark">Scott</product_name> in Rome! http://t.co/m3Vmfy7a</body><verb>post</verb><link>http://twitter.com/colourcrown/statuses/185045922802180096</link><generator><link>http://instagr.am</link><displayName>Instagram</displayName></generator><postedTime>2012-03-28T16:49:20.000Z</postedTime><provider><link>http://www.twitter.com</link><displayName>Twitter</displayName><objectType>service</objectType></provider><object><summary>Spot the Scott in Rome! http://t.co/m3Vmfy7a</summary><id>object:search.twitter.com,2005:185045922802180096</id><link>http://twitter.com/colourcrown/statuses/185045922802180096</link><postedTime>2012-03-28T16:49:20.000Z</postedTime><objectType>note</objectType></object><actor><summary>erm... Photos, Dreadlocks, Music and parties... misplaced by boredom at the minute</summary><twitterTimeZone>London</twitterTimeZone><friendsCount>106</friendsCount><location><displayName>England</displayName><objectType>place</objectType></location><link>http://www.twitter.com/colourcrown</link><postedTime>2009-05-18T19:40:03.000Z</postedTime><image>http://a0.twimg.com/profile_images/1820465680/image_normal.jpg</image><links><links><rel>me</rel><href>http://www.colourcrown.com</href></links></links><listedCount>1</listedCount><id>id:twitter.com:40949014</id><languages><languages>en</languages></languages><utcOffset>0</utcOffset><followersCount>24</followersCount><preferredUsername>colourcrown</preferredUsername><displayName>Ru Mac</displayName><statusesCount>236</statusesCount><objectType>person</objectType></actor><twitter_entities><hashtags/><user_mentions/><urls><urls><indices><indices>24</indices><indices>44</indices></indices><expanded_url>http://instagr.am/p/IuS_DHM2sl/</expanded_url><display_url>instagr.am/p/IuS_DHM2sl/</display_url><url>http://t.co/m3Vmfy7a</url></urls></urls></twitter_entities><objectType>activity</objectType><platform>twitter</platform><posted_date>2012-03-28</posted_date><followers>24</followers><statuses>236</statuses><region>London</region></marklogic>