<?xml version="1.0" encoding="UTF-8"?>
<marklogic><id>tag:search.twitter.com,2005:185063735243718656</id><type>P</type><type>P</type><body>AccounTraC is like <product_name company="Wyeth">Advil</product_name> (tm) for your agency accounting <adverse_event>Headaches</adverse_event>. Get relief today.</body><verb>post</verb><link>http://twitter.com/ATraCServices/statuses/185063735243718656</link><generator><link>http://www.tweetdeck.com</link><displayName>TweetDeck</displayName></generator><postedTime>2012-03-28T18:00:07.000Z</postedTime><provider><link>http://www.twitter.com</link><displayName>Twitter</displayName><objectType>service</objectType></provider><object><summary>AccounTraC is like Advil (tm) for your agency accounting headaches. Get relief today.</summary><id>object:search.twitter.com,2005:185063735243718656</id><link>http://twitter.com/ATraCServices/statuses/185063735243718656</link><postedTime>2012-03-28T18:00:07.000Z</postedTime><objectType>note</objectType></object><actor><summary>Agency Training and Consulting Services helps independent insurance agencies to use their automation tools better and run their agencies with fewer headaches.. </summary><twitterTimeZone/><friendsCount>459</friendsCount><location><displayName>West Hartford, CT USA</displayName><objectType>place</objectType></location><link>http://www.twitter.com/ATraCServices</link><postedTime>2011-07-29T12:10:59.000Z</postedTime><image>http://a0.twimg.com/profile_images/1953112770/aTracLogo2_140x144_normal.jpg</image><links><links><rel>me</rel><href>http://atracservices.com</href></links></links><listedCount>3</listedCount><id>id:twitter.com:344671452</id><languages><languages>en</languages></languages><utcOffset/><followersCount>149</followersCount><preferredUsername>ATraCServices</preferredUsername><displayName>Tim Tracey</displayName><statusesCount>403</statusesCount><objectType>person</objectType></actor><twitter_entities><hashtags/><user_mentions/><urls/></twitter_entities><objectType>activity</objectType><platform>twitter</platform><posted_date>2012-03-28</posted_date><followers>149</followers><statuses>403</statuses><region>N.A.</region></marklogic>