<?xml version="1.0" encoding="UTF-8"?>
<marklogic><id>tag:search.twitter.com,2005:185033701158166529</id><type>P</type><type>P</type><body> or <product_name company="Johnson - Johnson">Tylenol</product_name> for <adverse_event>Toothache</adverse_event> http://t.co/jgJCZkkT</body><verb>post</verb><link>http://twitter.com/pysulagyrocuw/statuses/185033701158166529</link><generator><link>http://twitter.com</link><displayName>web</displayName></generator><postedTime>2012-03-28T16:00:46.000Z</postedTime><provider><link>http://www.twitter.com</link><displayName>Twitter</displayName><objectType>service</objectType></provider><object><summary>motrin or tylenol for toothache http://t.co/jgJCZkkT</summary><id>object:search.twitter.com,2005:185033701158166529</id><link>http://twitter.com/pysulagyrocuw/statuses/185033701158166529</link><postedTime>2012-03-28T16:00:46.000Z</postedTime><objectType>note</objectType></object><actor><summary>About me: 437. Supported, turbid and noise some. Like The Auteurs and Les Paul &amp; Mary Ford.&#13;</summary><twitterTimeZone/><friendsCount>29</friendsCount><location><displayName>US&#13;</displayName><objectType>place</objectType></location><link>http://www.twitter.com/pysulagyrocuw</link><postedTime>2012-02-04T23:33:48.000Z</postedTime><image>http://a0.twimg.com/profile_images/1807127512/1244_normal.gif</image><links><links><rel>me</rel><href/></links></links><listedCount>0</listedCount><id>id:twitter.com:483384075</id><languages><languages>tr</languages></languages><utcOffset/><followersCount>15</followersCount><preferredUsername>pysulagyrocuw</preferredUsername><displayName>bruhn</displayName><statusesCount>162</statusesCount><objectType>person</objectType></actor><twitter_entities><hashtags/><user_mentions/><urls><urls><indices><indices>32</indices><indices>52</indices></indices><expanded_url>http://motrin-or-tylenol-for-toothache.cheapillsshop.com</expanded_url><display_url>…lenol-for-toothache.cheapillsshop.com</display_url><url>http://t.co/jgJCZkkT</url></urls></urls></twitter_entities><objectType>activity</objectType><platform>twitter</platform><posted_date>2012-03-28</posted_date><followers>15</followers><statuses>162</statuses><region>N.A.</region></marklogic>