<?xml version="1.0" encoding="UTF-8"?>
<marklogic><id>tag:search.twitter.com,2005:185043793429528577</id><type>P</type><type>P</type><body>“@GeorgeyYates: Just want to live in a shack on a top notch beach running some shitty <product_name company="Unilever">Surf</product_name> school in the blazing <adverse_event>Heat</adverse_event> #TheDream”</body><verb>post</verb><link>http://twitter.com/sophiehippisley/statuses/185043793429528577</link><generator><link>http://twitter.com/#!/download/iphone</link><displayName>Twitter for iPhone</displayName></generator><postedTime>2012-03-28T16:40:52.000Z</postedTime><provider><link>http://www.twitter.com</link><displayName>Twitter</displayName><objectType>service</objectType></provider><object><summary>“@GeorgeyYates: Just want to live in a shack on a top notch beach running some shitty surf school in the blazing heat #TheDream”</summary><id>object:search.twitter.com,2005:185043793429528577</id><link>http://twitter.com/sophiehippisley/statuses/185043793429528577</link><postedTime>2012-03-28T16:40:52.000Z</postedTime><objectType>note</objectType></object><actor><summary/><twitterTimeZone/><friendsCount>152</friendsCount><location><displayName>Bristol</displayName><objectType>place</objectType></location><link>http://www.twitter.com/sophiehippisley</link><postedTime>2011-02-24T17:01:21.000Z</postedTime><image>http://a0.twimg.com/profile_images/1795347187/image_normal.jpg</image><links><links><rel>me</rel><href/></links></links><listedCount>0</listedCount><id>id:twitter.com:257062116</id><languages><languages>en</languages></languages><utcOffset/><followersCount>167</followersCount><preferredUsername>sophiehippisley</preferredUsername><displayName>Sophie</displayName><statusesCount>2804</statusesCount><objectType>person</objectType></actor><twitter_entities><hashtags><hashtags><text>TheDream</text><indices><indices>118</indices><indices>127</indices></indices></hashtags></hashtags><urls/><user_mentions><user_mentions><indices><indices>1</indices><indices>14</indices></indices><id_str>250541490</id_str><name>George Yates</name><id>250541490</id><screen_name>GeorgeyYates</screen_name></user_mentions></user_mentions></twitter_entities><objectType>activity</objectType><platform>twitter</platform><posted_date>2012-03-28</posted_date><followers>167</followers><statuses>2804</statuses><region>N.A.</region></marklogic>