<?xml version="1.0" encoding="UTF-8"?>
<marklogic><id>tag:search.twitter.com,2005:185042468583112704</id><type>P</type><type>P</type><body>Thank you to <product_name company="N.A.">NyQuil</product_name> for helping me pass out last night... Truly the best sleep I've ever gotten with a <adverse_event>Cold</adverse_event>.... Medicine. Lmfao</body><verb>post</verb><link>http://twitter.com/andrewwrichard/statuses/185042468583112704</link><generator><link>http://twitter.com/#!/download/iphone</link><displayName>Twitter for iPhone</displayName></generator><postedTime>2012-03-28T16:35:37.000Z</postedTime><provider><link>http://www.twitter.com</link><displayName>Twitter</displayName><objectType>service</objectType></provider><object><summary>Thank you to NyQuil for helping me pass out last night... Truly the best sleep I've ever gotten with a cold.... Medicine. Lmfao</summary><id>object:search.twitter.com,2005:185042468583112704</id><link>http://twitter.com/andrewwrichard/statuses/185042468583112704</link><postedTime>2012-03-28T16:35:37.000Z</postedTime><objectType>note</objectType></object><actor><summary>Chaos is more freedom; in fact, total freedom. But no meaning. I want to be free to act, &amp; I also want my actions to mean something.</summary><twitterTimeZone>Pacific Time (US &amp; Canada)</twitterTimeZone><friendsCount>110</friendsCount><location><displayName>California</displayName><objectType>place</objectType></location><link>http://www.twitter.com/andrewwrichard</link><postedTime>2009-04-17T21:33:19.000Z</postedTime><image>http://a0.twimg.com/profile_images/1927704561/0001_normal.jpg</image><links><links><rel>me</rel><href>http://andrewwrichard.tumblr.com/</href></links></links><listedCount>3</listedCount><id>id:twitter.com:32600747</id><languages><languages>en</languages></languages><utcOffset>-28800</utcOffset><followersCount>336</followersCount><preferredUsername>andrewwrichard</preferredUsername><displayName>Andrew</displayName><statusesCount>6776</statusesCount><objectType>person</objectType></actor><twitter_entities><hashtags/><user_mentions/><urls/></twitter_entities><objectType>activity</objectType><platform>twitter</platform><posted_date>2012-03-28</posted_date><followers>336</followers><statuses>6776</statuses><region>Pacific</region></marklogic>