<?xml version="1.0" encoding="UTF-8"?>
<marklogic><id>tag:search.twitter.com,2005:185044510466772993</id><type>P</type><type>P</type><body>The day Dr.Swamy is sworn in as PM, I am sure all the anti nationals <adverse_event>Bleeding</adverse_event> our mother India will just <product_name company="Reckitt Benckiser">Vanish</product_name> into oblivion....</body><verb>post</verb><link>http://twitter.com/Ghodkar/statuses/185044510466772993</link><generator><link>http://twitter.com</link><displayName>web</displayName></generator><postedTime>2012-03-28T16:43:43.000Z</postedTime><provider><link>http://www.twitter.com</link><displayName>Twitter</displayName><objectType>service</objectType></provider><object><summary>The day Dr.Swamy is sworn in as PM, I am sure all the anti nationals bleeding our mother India will just vanish into oblivion....</summary><id>object:search.twitter.com,2005:185044510466772993</id><link>http://twitter.com/Ghodkar/statuses/185044510466772993</link><postedTime>2012-03-28T16:43:43.000Z</postedTime><objectType>note</objectType></object><actor><summary>Hari Bol</summary><twitterTimeZone>New Delhi</twitterTimeZone><friendsCount>40</friendsCount><link>http://www.twitter.com/Ghodkar</link><postedTime>2010-02-26T08:59:44.000Z</postedTime><image>http://a0.twimg.com/profile_images/1305243996/photo_normal.jpg</image><links><links><rel>me</rel><href/></links></links><listedCount>1</listedCount><id>id:twitter.com:117691728</id><languages><languages>en</languages></languages><utcOffset>19800</utcOffset><followersCount>27</followersCount><preferredUsername>Ghodkar</preferredUsername><displayName>Giridhar Ghodkar</displayName><statusesCount>219</statusesCount><objectType>person</objectType></actor><twitter_entities><hashtags/><user_mentions/><urls/></twitter_entities><objectType>activity</objectType><platform>twitter</platform><posted_date>2012-03-28</posted_date><followers>27</followers><statuses>219</statuses><region>New</region></marklogic>