<?xml version="1.0" encoding="UTF-8"?>
<marklogic><id>tag:search.twitter.com,2005:185079049465503746</id><type>P</type><type>P</type><inReplyTo><link>http://twitter.com/YeaKaylaSaidIt/statuses/185078031482757121</link></inReplyTo><body>@YeaKaylaSaidIt 1 Cup Pour it the  Make Sure The <product_name company="PepsiCo-Gatorade">Gatorade</product_name> Not <adverse_event>Cold</adverse_event> Tho</body><verb>post</verb><link>http://twitter.com/SooAnxious_/statuses/185079049465503746</link><generator><link>http://twicca.r246.jp/</link><displayName>twicca</displayName></generator><postedTime>2012-03-28T19:00:58.000Z</postedTime><provider><link>http://www.twitter.com</link><displayName>Twitter</displayName><objectType>service</objectType></provider><object><summary>@YeaKaylaSaidIt 1 Cup Pour it the Gatorade Make Sure The Gatorade Not Cold Tho</summary><id>object:search.twitter.com,2005:185079049465503746</id><link>http://twitter.com/SooAnxious_/statuses/185079049465503746</link><postedTime>2012-03-28T19:00:58.000Z</postedTime><objectType>note</objectType></object><actor><summary> Im Not A STAR Just A Regular Ole HOOD BITCH.... Shes PRETTY And AMBITIOUS I Think Thats A Winner ツ</summary><twitterTimeZone>Mountain Time (US &amp; Canada)</twitterTimeZone><friendsCount>124</friendsCount><location><displayName>Riding Solo</displayName><objectType>place</objectType></location><link>http://www.twitter.com/SooAnxious_</link><postedTime>2011-01-15T15:28:06.000Z</postedTime><image>http://a0.twimg.com/profile_images/1907247460/profile_normal.png</image><links><links><rel>me</rel><href/></links></links><listedCount>0</listedCount><id>id:twitter.com:238602693</id><languages><languages>en</languages></languages><utcOffset>-25200</utcOffset><followersCount>152</followersCount><preferredUsername>SooAnxious_</preferredUsername><displayName>TrillaThennaBITCH ツ</displayName><statusesCount>11492</statusesCount><objectType>person</objectType></actor><twitter_entities><hashtags/><urls/><user_mentions><user_mentions><indices><indices>0</indices><indices>15</indices></indices><id_str>35908252</id_str><name>Gitchu Sumbiznas</name><id>35908252</id><screen_name>YeaKaylaSaidIt</screen_name></user_mentions></user_mentions></twitter_entities><objectType>activity</objectType><platform>twitter</platform><posted_date>2012-03-28</posted_date><followers>152</followers><statuses>11492</statuses><region>Mountain</region></marklogic>