<?xml version="1.0" encoding="UTF-8"?>
<marklogic><id>tag:search.twitter.com,2005:185039953217064960</id><type>P</type><type>P</type><body><product_name company="Johnson - Johnson">Tylenol</product_name> <adverse_event>Sore throat</adverse_event> allergic reaction http://t.co/0Zed903a</body><verb>post</verb><link>http://twitter.com/lizepazibeg/statuses/185039953217064960</link><generator><link>http://twitter.com</link><displayName>web</displayName></generator><postedTime>2012-03-28T16:25:37.000Z</postedTime><provider><link>http://www.twitter.com</link><displayName>Twitter</displayName><objectType>service</objectType></provider><object><summary>tylenol sore throat allergic reaction http://t.co/0Zed903a</summary><id>object:search.twitter.com,2005:185039953217064960</id><link>http://twitter.com/lizepazibeg/statuses/185039953217064960</link><postedTime>2012-03-28T16:25:37.000Z</postedTime><objectType>note</objectType></object><actor><summary/><twitterTimeZone/><friendsCount>47</friendsCount><link>http://www.twitter.com/lizepazibeg</link><postedTime>2011-12-20T11:49:08.000Z</postedTime><image>http://a0.twimg.com/sticky/default_profile_images/default_profile_5_normal.png</image><links><links><rel>me</rel><href/></links></links><listedCount>0</listedCount><id>id:twitter.com:441763250</id><languages><languages>en</languages></languages><utcOffset/><followersCount>15</followersCount><preferredUsername>lizepazibeg</preferredUsername><displayName>Koce Wonyne</displayName><statusesCount>389</statusesCount><objectType>person</objectType></actor><twitter_entities><hashtags/><urls><urls><indices><indices>38</indices><indices>58</indices></indices><expanded_url>http://tylenol-sore-throat-allergic-reaction.cheapillsshop.com</expanded_url><display_url>…t-allergic-reaction.cheapillsshop.com</display_url><url>http://t.co/0Zed903a</url></urls></urls><user_mentions/></twitter_entities><objectType>activity</objectType><platform>twitter</platform><posted_date>2012-03-28</posted_date><followers>15</followers><statuses>389</statuses><region>N.A.</region></marklogic>