<?xml version="1.0" encoding="UTF-8"?>
<marklogic><id>tag:search.twitter.com,2005:185071239289765888</id><type>P</type><type>P</type><body>Mad I took 2 <product_name company="Johnson - Johnson">Tylenol</product_name> &amp;&amp; I still have a <adverse_event>Headache</adverse_event>! Ugh!</body><verb>post</verb><link>http://twitter.com/__LuxuryTax/statuses/185071239289765888</link><generator><link>http://www.tweetcaster.com</link><displayName>TweetCaster for Android</displayName></generator><postedTime>2012-03-28T18:29:56.000Z</postedTime><provider><link>http://www.twitter.com</link><displayName>Twitter</displayName><objectType>service</objectType></provider><object><summary>Mad I took 2 tylenol &amp;&amp; I still have a headache! Ugh!</summary><id>object:search.twitter.com,2005:185071239289765888</id><link>http://twitter.com/__LuxuryTax/statuses/185071239289765888</link><postedTime>2012-03-28T18:29:56.000Z</postedTime><objectType>note</objectType></object><actor><summary>♥♥ #TeamVirgo #TeamCealtics #TeamColts #TeamPatriots #TeamVodka #TeamIDGAF #TeamEducated #TeamMotivated  Just Hit The FOLLOW Button Damn It lOl XoXo ♥♥</summary><twitterTimeZone>Eastern Time (US &amp; Canada)</twitterTimeZone><friendsCount>192</friendsCount><location><displayName>In My Stilettos</displayName><objectType>place</objectType></location><link>http://www.twitter.com/__LuxuryTax</link><postedTime>2009-06-28T23:34:03.000Z</postedTime><image>http://a0.twimg.com/profile_images/1974576513/profile_normal.jpg</image><links><links><rel>me</rel><href/></links></links><listedCount>1</listedCount><id>id:twitter.com:51883031</id><languages><languages>en</languages></languages><utcOffset>-18000</utcOffset><followersCount>165</followersCount><preferredUsername>__LuxuryTax</preferredUsername><displayName>♥♥ Ray B </displayName><statusesCount>5176</statusesCount><objectType>person</objectType></actor><twitter_entities><hashtags/><user_mentions/><urls/></twitter_entities><objectType>activity</objectType><platform>twitter</platform><posted_date>2012-03-28</posted_date><followers>165</followers><statuses>5176</statuses><region>Eastern</region></marklogic>