<?xml version="1.0" encoding="UTF-8"?>
<marklogic><id>tag:search.twitter.com,2005:185056638363906048</id><type>P</type><type>P</type><inReplyTo><link>http://twitter.com/MuhyuddinArshad/statuses/185055955371823104</link></inReplyTo><body>@MuhyuddinArshad only <adverse_event>Headache</adverse_event>? No <adverse_event>Fever</adverse_event>? Hmmmm two <product_name company="GlaxoSmithKline">Panadol</product_name> active fast?</body><verb>post</verb><link>http://twitter.com/nurfarahlina/statuses/185056638363906048</link><generator><link>http://twitter.com/download/android</link><displayName>Twitter for Android</displayName></generator><postedTime>2012-03-28T17:31:55.000Z</postedTime><provider><link>http://www.twitter.com</link><displayName>Twitter</displayName><objectType>service</objectType></provider><object><summary>@MuhyuddinArshad only headache? No fever? Hmmmm two panadol active fast?</summary><id>object:search.twitter.com,2005:185056638363906048</id><link>http://twitter.com/nurfarahlina/statuses/185056638363906048</link><postedTime>2012-03-28T17:31:55.000Z</postedTime><objectType>note</objectType></object><actor><summary>Shahfuan's :)</summary><twitterTimeZone>Kuala Lumpur</twitterTimeZone><friendsCount>186</friendsCount><location><displayName>Malaysia</displayName><objectType>place</objectType></location><link>http://www.twitter.com/nurfarahlina</link><postedTime>2012-02-09T07:26:54.000Z</postedTime><image>http://a0.twimg.com/profile_images/1924856772/5P8mP3AY_normal</image><links><links><rel>me</rel><href>http://weheartit.com/DefyingGravityy</href></links></links><listedCount>0</listedCount><id>id:twitter.com:487319524</id><languages><languages>en</languages></languages><utcOffset>28800</utcOffset><followersCount>179</followersCount><preferredUsername>nurfarahlina</preferredUsername><displayName>Unicorn</displayName><statusesCount>3914</statusesCount><objectType>person</objectType></actor><twitter_entities><hashtags/><urls/><user_mentions><user_mentions><indices><indices>0</indices><indices>16</indices></indices><id_str>448291448</id_str><name>Muhyuddin Arshad</name><id>448291448</id><screen_name>MuhyuddinArshad</screen_name></user_mentions></user_mentions></twitter_entities><objectType>activity</objectType><platform>twitter</platform><posted_date>2012-03-28</posted_date><followers>179</followers><statuses>3914</statuses><region>Kuala</region></marklogic>