<?xml version="1.0" encoding="UTF-8"?>
<marklogic><id>tag:search.twitter.com,2005:185075083939807233</id><type>P</type><type>P</type><body>@Reverend_<product_name company="Kimberly Clark">Scott</product_name> Will you hose me down with holy water if I get <adverse_event>Too hot</adverse_event>?</body><verb>post</verb><link>http://twitter.com/_bossnova/statuses/185075083939807233</link><generator><link>http://blackberry.com/twitter</link><displayName>Twitter for BlackBerry®</displayName></generator><postedTime>2012-03-28T18:45:13.000Z</postedTime><provider><link>http://www.twitter.com</link><displayName>Twitter</displayName><objectType>service</objectType></provider><object><summary>@Reverend_Scott Will you hose me down with holy water if I get too hot?</summary><id>object:search.twitter.com,2005:185075083939807233</id><link>http://twitter.com/_bossnova/statuses/185075083939807233</link><postedTime>2012-03-28T18:45:13.000Z</postedTime><objectType>note</objectType></object><actor><summary>I generally push the limits with the whole 'appropriate' thing. </summary><twitterTimeZone>Central Time (US &amp; Canada)</twitterTimeZone><friendsCount>285</friendsCount><location><displayName>Bartending the Las Vegas Strip</displayName><objectType>place</objectType></location><link>http://www.twitter.com/_bossnova</link><postedTime>2011-11-03T03:10:44.000Z</postedTime><image>http://a0.twimg.com/profile_images/1966603347/IMG-20120101-00118_normal.jpg</image><links><links><rel>me</rel><href>http://favstar.fm/users/_bossnova</href></links></links><listedCount>10</listedCount><id>id:twitter.com:403862924</id><languages><languages>en</languages></languages><utcOffset>-21600</utcOffset><followersCount>328</followersCount><preferredUsername>_bossnova</preferredUsername><displayName>bridget</displayName><statusesCount>690</statusesCount><objectType>person</objectType></actor><twitter_entities><hashtags/><user_mentions><user_mentions><indices><indices>0</indices><indices>15</indices></indices><id_str>208397722</id_str><name>Reverend Scott</name><id>208397722</id><screen_name>Reverend_Scott</screen_name></user_mentions></user_mentions><urls/></twitter_entities><objectType>activity</objectType><platform>twitter</platform><posted_date>2012-03-28</posted_date><followers>328</followers><statuses>690</statuses><region>Central</region></marklogic>