<?xml version="1.0" encoding="UTF-8"?>
<marklogic><id>tag:search.twitter.com,2005:185052416260055041</id><type>P</type><type>P</type><body>Space is limited! To <product_name company="Abbott">Ensure</product_name> your <adverse_event>Spot</adverse_event> please RSVP by emailing
themakeupbag@sasktel.net http://t.co/HfWz3hMU</body><verb>post</verb><link>http://twitter.com/wwwmakeupbagca/statuses/185052416260055041</link><generator><link>http://www.facebook.com/twitter</link><displayName>Facebook</displayName></generator><postedTime>2012-03-28T17:15:08.000Z</postedTime><provider><link>http://www.twitter.com</link><displayName>Twitter</displayName><objectType>service</objectType></provider><object><summary>Space is limited! To ensure your spot please RSVP by emailing
themakeupbag@sasktel.net http://t.co/HfWz3hMU</summary><id>object:search.twitter.com,2005:185052416260055041</id><link>http://twitter.com/wwwmakeupbagca/statuses/185052416260055041</link><postedTime>2012-03-28T17:15:08.000Z</postedTime><objectType>note</objectType></object><actor><summary>Toronto girl living in Moose Jaw.  Opened a make-up boutique carrying all the latest and greatest for me &amp; my customers :-)</summary><twitterTimeZone>Mountain Time (US &amp; Canada)</twitterTimeZone><friendsCount>106</friendsCount><location><displayName>Moose Jaw, Saskatchewan</displayName><objectType>place</objectType></location><link>http://www.twitter.com/wwwmakeupbagca</link><postedTime>2009-06-02T20:48:40.000Z</postedTime><image>http://a0.twimg.com/profile_images/388371027/Recent_Pic_for_Website_normal.jpg</image><links><links><rel>me</rel><href>http://www.makeupbag.ca</href></links></links><listedCount>1</listedCount><id>id:twitter.com:44204385</id><languages><languages>en</languages></languages><utcOffset>-25200</utcOffset><followersCount>78</followersCount><preferredUsername>wwwmakeupbagca</preferredUsername><displayName>Kim Martin</displayName><statusesCount>285</statusesCount><objectType>person</objectType></actor><twitter_entities><hashtags/><user_mentions/><urls><urls><display_url>fb.me/1wNstzZRL</display_url><indices><indices>87</indices><indices>107</indices></indices><expanded_url>http://fb.me/1wNstzZRL</expanded_url><url>http://t.co/HfWz3hMU</url></urls></urls></twitter_entities><objectType>activity</objectType><platform>twitter</platform><posted_date>2012-03-28</posted_date><followers>78</followers><statuses>285</statuses><region>Mountain</region></marklogic>