<?xml version="1.0" encoding="UTF-8"?>
<marklogic><id>tag:search.twitter.com,2005:185058577419997184</id><type>P</type><type>P</type><body>@amberantonia hun ma bbms broke so cant read your text! rememb at prom when we bathed our alcohol so it was <adverse_event>Cold</adverse_event>? just done that with a <product_name company="Coca Cola">Coke</product_name></body><verb>post</verb><link>http://twitter.com/charlhough/statuses/185058577419997184</link><generator><link>http://twitter.com</link><displayName>web</displayName></generator><postedTime>2012-03-28T17:39:37.000Z</postedTime><provider><link>http://www.twitter.com</link><displayName>Twitter</displayName><objectType>service</objectType></provider><object><summary>@amberantonia hun ma bbms broke so cant read your text! rememb at prom when we bathed our alcohol so it was cold? just done that with a coke</summary><id>object:search.twitter.com,2005:185058577419997184</id><link>http://twitter.com/charlhough/statuses/185058577419997184</link><postedTime>2012-03-28T17:39:37.000Z</postedTime><objectType>note</objectType></object><actor><summary>i dont really have a life</summary><twitterTimeZone>Hawaii</twitterTimeZone><friendsCount>333</friendsCount><location><displayName>cheshire/liverpool</displayName><objectType>place</objectType></location><link>http://www.twitter.com/charlhough</link><postedTime>2009-04-12T15:53:38.000Z</postedTime><image>http://a0.twimg.com/profile_images/1436907382/270680_10150295327934134_647859133_8978068_3812196_n_normal.jpg</image><links><links><rel>me</rel><href/></links></links><listedCount>0</listedCount><id>id:twitter.com:30669350</id><languages><languages>en</languages></languages><utcOffset>-36000</utcOffset><followersCount>175</followersCount><preferredUsername>charlhough</preferredUsername><displayName>Charlotte Hough</displayName><statusesCount>3625</statusesCount><objectType>person</objectType></actor><twitter_entities><hashtags/><urls/><user_mentions><user_mentions><indices><indices>0</indices><indices>13</indices></indices><id_str>101558326</id_str><name>Amber Coleman</name><id>101558326</id><screen_name>amberantonia</screen_name></user_mentions></user_mentions></twitter_entities><objectType>activity</objectType><platform>twitter</platform><posted_date>2012-03-28</posted_date><followers>175</followers><statuses>3625</statuses><region>Hawaii</region></marklogic>