<?xml version="1.0" encoding="UTF-8"?>
<marklogic><id>tag:search.twitter.com,2005:185080937787310081</id><type>P</type><type>P</type><body><adverse_event>Burn</adverse_event> Tip of the Day: Keep babies less than one year old out of direct <product_name company="Unilever">Sunlight</product_name> and never apply sunscreen to babies less than 6 months old.</body><verb>post</verb><link>http://twitter.com/JMSBurnCenters/statuses/185080937787310081</link><generator><link>http://www.facebook.com/twitter</link><displayName>Facebook</displayName></generator><postedTime>2012-03-28T19:08:28.000Z</postedTime><provider><link>http://www.twitter.com</link><displayName>Twitter</displayName><objectType>service</objectType></provider><object><summary>Burn Tip of the Day: Keep babies less than one year old out of direct sunlight and never apply sunscreen to babies less than 6 months old.</summary><id>object:search.twitter.com,2005:185080937787310081</id><link>http://twitter.com/JMSBurnCenters/statuses/185080937787310081</link><postedTime>2012-03-28T19:08:28.000Z</postedTime><objectType>note</objectType></object><actor><summary>The Joseph M. Still Burn Center has been providing the highest quality care and research for burn patients across the Southeast for the past 30 years. </summary><twitterTimeZone/><friendsCount>32</friendsCount><location><displayName>Augusta, GA</displayName><objectType>place</objectType></location><link>http://www.twitter.com/JMSBurnCenters</link><postedTime>2011-06-13T17:24:09.000Z</postedTime><image>http://a0.twimg.com/profile_images/1394395488/27550_123652522143_1699_q_normal.jpg</image><links><links><rel>me</rel><href>http://www.jmsburncenters.com/</href></links></links><listedCount>0</listedCount><id>id:twitter.com:316582089</id><languages><languages>en</languages></languages><utcOffset/><followersCount>20</followersCount><preferredUsername>JMSBurnCenters</preferredUsername><displayName>JMS Burn Centers</displayName><statusesCount>74</statusesCount><objectType>person</objectType></actor><twitter_entities><hashtags/><user_mentions/><urls/></twitter_entities><objectType>activity</objectType><platform>twitter</platform><posted_date>2012-03-28</posted_date><followers>20</followers><statuses>74</statuses><region>N.A.</region></marklogic>