<?xml version="1.0" encoding="UTF-8"?>
<marklogic><id>tag:search.twitter.com,2005:185075281390874627</id><type>P</type><type>P</type><body>HA RT @MrGrigsby1906 <adverse_event>Spot</adverse_event> a random girl in public. Approach her, kneel to one knee and <product_name company="SC Johnson">Shout</product_name>, "She said yes!"</body><verb>post</verb><link>http://twitter.com/Sil3ntAssass1n/statuses/185075281390874627</link><generator><link>http://ubersocial.com</link><displayName>UberSocial for Android</displayName></generator><postedTime>2012-03-28T18:46:00.000Z</postedTime><provider><link>http://www.twitter.com</link><displayName>Twitter</displayName><objectType>service</objectType></provider><object><summary>HA RT @MrGrigsby1906 Spot a random girl in public. Approach her, kneel to one knee and shout, "She said yes!"</summary><id>object:search.twitter.com,2005:185075281390874627</id><link>http://twitter.com/Sil3ntAssass1n/statuses/185075281390874627</link><postedTime>2012-03-28T18:46:00.000Z</postedTime><objectType>note</objectType></object><actor><summary>GA State. AKPSI Fall 09 [Silent Assassin]. Tighter Grip. HUD Intern. Ask about me</summary><twitterTimeZone>Quito</twitterTimeZone><friendsCount>1047</friendsCount><location><displayName>Atlanta, GA, United States</displayName><objectType>place</objectType></location><link>http://www.twitter.com/Sil3ntAssass1n</link><postedTime>2009-02-13T22:42:16.000Z</postedTime><image>http://a0.twimg.com/profile_images/1964112519/3ede8e7476db11e19e4a12313813ffc0_7_normal.jpg</image><links><links><rel>me</rel><href>http://www.facebook.com/home.php#/profile.php?id=1117320290&amp;ref=profile</href></links></links><listedCount>33</listedCount><id>id:twitter.com:20814385</id><languages><languages>en</languages></languages><utcOffset>-18000</utcOffset><followersCount>997</followersCount><preferredUsername>Sil3ntAssass1n</preferredUsername><displayName>The Bearded One</displayName><statusesCount>23228</statusesCount><objectType>person</objectType></actor><twitter_entities><urls/><hashtags/><user_mentions><user_mentions><screen_name>MrGrigsby1906</screen_name><indices><indices>6</indices><indices>20</indices></indices><id_str>324960968</id_str><name>Dasmyn A. Grigsby™</name><id>324960968</id></user_mentions></user_mentions></twitter_entities><objectType>activity</objectType><platform>twitter</platform><posted_date>2012-03-28</posted_date><followers>997</followers><statuses>23228</statuses><region>Quito</region></marklogic>