<?xml version="1.0" encoding="UTF-8"?>
<marklogic><id>tag:search.twitter.com,2005:185060708008992768</id><type>P</type><type>P</type><body>Finally outta the work clothes, now sitting on the decking with feet up and ice <adverse_event>Cold</adverse_event> Vodka n <product_name company="Coca Cola">Coke</product_name> with domino's on the way! #chillingout</body><verb>post</verb><link>http://twitter.com/jack_rr1792/statuses/185060708008992768</link><generator><link>http://twitter.com/#!/download/iphone</link><displayName>Twitter for iPhone</displayName></generator><postedTime>2012-03-28T17:48:05.000Z</postedTime><provider><link>http://www.twitter.com</link><displayName>Twitter</displayName><objectType>service</objectType></provider><object><summary>Finally outta the work clothes, now sitting on the decking with feet up and ice cold Vodka n coke with domino's on the way! #chillingout</summary><id>object:search.twitter.com,2005:185060708008992768</id><link>http://twitter.com/jack_rr1792/statuses/185060708008992768</link><postedTime>2012-03-28T17:48:05.000Z</postedTime><objectType>note</objectType></object><actor><summary>Love my girlfriend and my family :)  kayleigh brooks 07.09.2010 xx</summary><twitterTimeZone/><friendsCount>95</friendsCount><location><displayName>ESSEX, UNITED KINGDOM</displayName><objectType>place</objectType></location><link>http://www.twitter.com/jack_rr1792</link><postedTime>2012-01-07T13:34:11.000Z</postedTime><image>http://a0.twimg.com/profile_images/1934567688/image_normal.jpg</image><links><links><rel>me</rel><href/></links></links><listedCount>0</listedCount><id>id:twitter.com:457490192</id><languages><languages>en</languages></languages><utcOffset/><followersCount>8</followersCount><preferredUsername>jack_rr1792</preferredUsername><displayName>Jack Rutherford</displayName><statusesCount>63</statusesCount><objectType>person</objectType></actor><twitter_entities><hashtags><hashtags><text>chillingout</text><indices><indices>124</indices><indices>136</indices></indices></hashtags></hashtags><user_mentions/><urls/></twitter_entities><objectType>activity</objectType><platform>twitter</platform><posted_date>2012-03-28</posted_date><followers>8</followers><statuses>63</statuses><region>N.A.</region></marklogic>