<?xml version="1.0" encoding="UTF-8"?>
<marklogic><id>tag:search.twitter.com,2005:185057062634536960</id><type>P</type><type>P</type><body>Oh yes just took an Ice <adverse_event>Cold</adverse_event> shower, <product_name company="SC Johnson">Off</product_name> to barnyard gym aka the redneck edition of muscle beach http://t.co/zd3jhwZv</body><verb>post</verb><link>http://twitter.com/subleminel/statuses/185057062634536960</link><generator><link>http://twitter.com</link><displayName>web</displayName></generator><postedTime>2012-03-28T17:33:37.000Z</postedTime><provider><link>http://www.twitter.com</link><displayName>Twitter</displayName><objectType>service</objectType></provider><object><summary>Oh yes just took an Ice cold shower, off to barnyard gym aka the redneck edition of muscle beach http://t.co/zd3jhwZv</summary><id>object:search.twitter.com,2005:185057062634536960</id><link>http://twitter.com/subleminel/statuses/185057062634536960</link><postedTime>2012-03-28T17:33:37.000Z</postedTime><objectType>note</objectType></object><actor><summary>Quincy, Lehigh, Van Nuys</summary><twitterTimeZone>Eastern Time (US &amp; Canada)</twitterTimeZone><friendsCount>102</friendsCount><location><displayName>MI</displayName><objectType>place</objectType></location><link>http://www.twitter.com/subleminel</link><postedTime>2009-05-12T13:43:06.000Z</postedTime><image>http://a0.twimg.com/profile_images/1205876102/1ulMJVBm3AAAC6qz_MVpKCw__.73_normal.png</image><links><links><rel>me</rel><href>http://hollywoodpitbulls.com</href></links></links><listedCount>0</listedCount><id>id:twitter.com:39501237</id><languages><languages>en</languages></languages><utcOffset>-18000</utcOffset><followersCount>30</followersCount><preferredUsername>subleminel</preferredUsername><displayName>Jeremy DePew</displayName><statusesCount>501</statusesCount><objectType>person</objectType></actor><twitter_entities><media><media><type>photo</type><indices><indices>97</indices><indices>117</indices></indices><expanded_url>http://twitter.com/subleminel/status/185057062634536960/photo/1</expanded_url><id_str>185057062638731265</id_str><media_url>http://p.twimg.com/ApF0awHCQAEG5bk.jpg</media_url><id>185057062638731265</id><url>http://t.co/zd3jhwZv</url><display_url>pic.twitter.com/zd3jhwZv</display_url><sizes><small><h>453</h><resize>fit</resize><w>340</w></small><medium><h>800</h><resize>fit</resize><w>600</w></medium><large><h>1365</h><resize>fit</resize><w>1024</w></large><thumb><h>150</h><resize>crop</resize><w>150</w></thumb></sizes><media_url_https>https://p.twimg.com/ApF0awHCQAEG5bk.jpg</media_url_https></media></media><hashtags/><urls/><user_mentions/></twitter_entities><objectType>activity</objectType><platform>twitter</platform><posted_date>2012-03-28</posted_date><followers>30</followers><statuses>501</statuses><region>Eastern</region></marklogic>