<?xml version="1.0" encoding="UTF-8"?>
<marklogic><id>tag:search.twitter.com,2005:185075632361832448</id><type>P</type><type>P</type><body>@Ashleyyskyee watch me get another <adverse_event>Headache</adverse_event> from this weather and if so I will take that <product_name company="Wyeth">Advil</product_name> like its nothing!! Lml</body><verb>post</verb><link>http://twitter.com/Mia_Soul/statuses/185075632361832448</link><generator><link>http://twitter.com/#!/download/iphone</link><displayName>Twitter for iPhone</displayName></generator><postedTime>2012-03-28T18:47:23.000Z</postedTime><provider><link>http://www.twitter.com</link><displayName>Twitter</displayName><objectType>service</objectType></provider><object><summary>@Ashleyyskyee watch me get another headache from this weather and if so I will take that Advil like its nothing!! Lml</summary><id>object:search.twitter.com,2005:185075632361832448</id><link>http://twitter.com/Mia_Soul/statuses/185075632361832448</link><postedTime>2012-03-28T18:47:23.000Z</postedTime><objectType>note</objectType></object><actor><summary>I love to dance! I see it as art and my feet are my brushes. It is something ppl just see as steps but I see it in a whole different way.......</summary><twitterTimeZone>Central Time (US &amp; Canada)</twitterTimeZone><friendsCount>389</friendsCount><link>http://www.twitter.com/Mia_Soul</link><postedTime>2010-08-31T02:36:56.000Z</postedTime><image>http://a0.twimg.com/profile_images/1946360127/image_normal.jpg</image><links><links><rel>me</rel><href/></links></links><listedCount>0</listedCount><id>id:twitter.com:185039796</id><languages><languages>en</languages></languages><utcOffset>-21600</utcOffset><followersCount>143</followersCount><preferredUsername>Mia_Soul</preferredUsername><displayName>Mia</displayName><statusesCount>889</statusesCount><objectType>person</objectType></actor><twitter_entities><hashtags/><user_mentions><user_mentions><indices><indices>0</indices><indices>13</indices></indices><id_str>325973227</id_str><name>Ashley Forthmuller</name><id>325973227</id><screen_name>Ashleyyskyee</screen_name></user_mentions></user_mentions><urls/></twitter_entities><objectType>activity</objectType><platform>twitter</platform><posted_date>2012-03-28</posted_date><followers>143</followers><statuses>889</statuses><region>Central</region></marklogic>