<?xml version="1.0" encoding="UTF-8"?>
<marklogic><id>tag:search.twitter.com,2005:185079368773677056</id><type>P</type><type>P</type><body><product_name company="Johnson - Johnson">Pepcid</product_name> ac <adverse_event>Heartburn</adverse_event> relief http://t.co/g8DykDhR</body><verb>post</verb><link>http://twitter.com/gutalaqegef/statuses/185079368773677056</link><generator><link>http://twitter.com</link><displayName>web</displayName></generator><postedTime>2012-03-28T19:02:14.000Z</postedTime><provider><link>http://www.twitter.com</link><displayName>Twitter</displayName><objectType>service</objectType></provider><object><summary>pepcid ac heartburn relief http://t.co/g8DykDhR</summary><id>object:search.twitter.com,2005:185079368773677056</id><link>http://twitter.com/gutalaqegef/statuses/185079368773677056</link><postedTime>2012-03-28T19:02:14.000Z</postedTime><objectType>note</objectType></object><actor><summary>I'm really agreeable and ingenuous. Sometimes beaten down and gross.</summary><twitterTimeZone/><friendsCount>79</friendsCount><location><displayName>US</displayName><objectType>place</objectType></location><link>http://www.twitter.com/gutalaqegef</link><postedTime>2011-12-10T18:04:44.000Z</postedTime><image>http://a0.twimg.com/profile_images/1685511259/602_normal.gif</image><links><links><rel>me</rel><href/></links></links><listedCount>0</listedCount><id>id:twitter.com:433543845</id><languages><languages>en</languages></languages><utcOffset/><followersCount>28</followersCount><preferredUsername>gutalaqegef</preferredUsername><displayName>Mamo Mussotti</displayName><statusesCount>407</statusesCount><objectType>person</objectType></actor><twitter_entities><hashtags/><user_mentions/><urls><urls><indices><indices>27</indices><indices>47</indices></indices><expanded_url>http://pepcid-ac-heartburn-relief.cheapillsshop.com</expanded_url><display_url>…ac-heartburn-relief.cheapillsshop.com</display_url><url>http://t.co/g8DykDhR</url></urls></urls></twitter_entities><objectType>activity</objectType><platform>twitter</platform><posted_date>2012-03-28</posted_date><followers>28</followers><statuses>407</statuses><region>N.A.</region></marklogic>