<?xml version="1.0" encoding="UTF-8"?>
<marklogic><id>tag:search.twitter.com,2005:185052908809748480</id><type>P</type><type>P</type><body><product_name company="Johnson - Johnson">Tylenol</product_name> <adverse_event>Cold</adverse_event> severe head congestion recall http://t.co/i3xFimpq</body><verb>post</verb><link>http://twitter.com/bahozatagazub/statuses/185052908809748480</link><generator><link>http://twitter.com</link><displayName>web</displayName></generator><postedTime>2012-03-28T17:17:06.000Z</postedTime><provider><link>http://www.twitter.com</link><displayName>Twitter</displayName><objectType>service</objectType></provider><object><summary>tylenol cold severe head congestion recall http://t.co/i3xFimpq</summary><id>object:search.twitter.com,2005:185052908809748480</id><link>http://twitter.com/bahozatagazub/statuses/185052908809748480</link><postedTime>2012-03-28T17:17:06.000Z</postedTime><objectType>note</objectType></object><actor><summary>My person is forgotten, dorky, visible and apparent. Now listen Jimmy Smith.&#13;</summary><twitterTimeZone/><friendsCount>36</friendsCount><location><displayName>US&#13;</displayName><objectType>place</objectType></location><link>http://www.twitter.com/bahozatagazub</link><postedTime>2012-02-07T01:31:11.000Z</postedTime><image>http://a0.twimg.com/profile_images/1812866195/1756_normal.gif</image><links><links><rel>me</rel><href/></links></links><listedCount>0</listedCount><id>id:twitter.com:485281825</id><languages><languages>msa</languages></languages><utcOffset/><followersCount>17</followersCount><preferredUsername>bahozatagazub</preferredUsername><displayName>jeschon</displayName><statusesCount>170</statusesCount><objectType>person</objectType></actor><twitter_entities><hashtags/><user_mentions/><urls><urls><indices><indices>43</indices><indices>63</indices></indices><expanded_url>http://tylenol-cold-severe-head-congestion-recall.cheapillsshop.com</expanded_url><display_url>…d-congestion-recall.cheapillsshop.com</display_url><url>http://t.co/i3xFimpq</url></urls></urls></twitter_entities><objectType>activity</objectType><platform>twitter</platform><posted_date>2012-03-28</posted_date><followers>17</followers><statuses>170</statuses><region>N.A.</region></marklogic>