<?xml version="1.0" encoding="UTF-8"?>
<marklogic><id>tag:search.twitter.com,2005:185039047327096832</id><type>P</type><type>P</type><inReplyTo><link>http://twitter.com/Mariah_______/statuses/185037821973766144</link></inReplyTo><body>@Mariah_______ i would either take 600 mg of ibuprofen for the body aches or you can take 2 500mg of <product_name company="Johnson - Johnson">Tylenol</product_name> for the aches AND <adverse_event>Fever</adverse_event>.</body><verb>post</verb><link>http://twitter.com/TiTSMA_GEE/statuses/185039047327096832</link><generator><link>http://www.echofon.com/</link><displayName>Echofon</displayName></generator><postedTime>2012-03-28T16:22:01.000Z</postedTime><provider><link>http://www.twitter.com</link><displayName>Twitter</displayName><objectType>service</objectType></provider><object><summary>@Mariah_______ i would either take 600 mg of ibuprofen for the body aches or you can take 2 500mg of Tylenol for the aches AND fever.</summary><id>object:search.twitter.com,2005:185039047327096832</id><link>http://twitter.com/TiTSMA_GEE/statuses/185039047327096832</link><postedTime>2012-03-28T16:22:01.000Z</postedTime><objectType>note</objectType></object><actor><summary>It's Austin. Ahh-Stin. 20 years wise. learn the lessons life hands to you, be sure not to repeat them. I tell it like it is, lemme show you the wayy.&#13;
</summary><twitterTimeZone>Pacific Time (US &amp; Canada)</twitterTimeZone><friendsCount>201</friendsCount><link>http://www.twitter.com/TiTSMA_GEE</link><postedTime>2011-04-22T04:52:12.000Z</postedTime><image>http://a0.twimg.com/profile_images/1814538196/_sdfjhasldkfjnascn_normal.jpg</image><links><links><rel>me</rel><href/></links></links><listedCount>0</listedCount><id>id:twitter.com:285997119</id><languages><languages>en</languages></languages><utcOffset>-28800</utcOffset><followersCount>125</followersCount><preferredUsername>TiTSMA_GEE</preferredUsername><displayName>Just call me CHERRY</displayName><statusesCount>6491</statusesCount><objectType>person</objectType></actor><twitter_entities><hashtags/><user_mentions><user_mentions><indices><indices>0</indices><indices>14</indices></indices><name>mariah mastroieni</name><id_str>89104434</id_str><id>89104434</id><screen_name>Mariah_______</screen_name></user_mentions></user_mentions><urls/></twitter_entities><objectType>activity</objectType><platform>twitter</platform><posted_date>2012-03-28</posted_date><followers>125</followers><statuses>6491</statuses><region>Pacific</region></marklogic>