<?xml version="1.0" encoding="UTF-8"?>
<marklogic><id>tag:search.twitter.com,2005:185044155616079872</id><type>P</type><type>P</type><body>Rid yourself of <adverse_event>Dry skin</adverse_event> problems! #Win <product_name company="Beiersdorf">Eucerin</product_name> Professional Repair + $125 Visa GC #giveaway Ends 4/16 http://t.co/x64eOfK3</body><verb>post</verb><link>http://twitter.com/vickiecouturier/statuses/185044155616079872</link><generator><link>http://twitter.com/tweetbutton</link><displayName>Tweet Button</displayName></generator><postedTime>2012-03-28T16:42:19.000Z</postedTime><provider><link>http://www.twitter.com</link><displayName>Twitter</displayName><objectType>service</objectType></provider><object><summary>Rid yourself of dry skin problems! #Win Eucerin Professional Repair + $125 Visa GC #giveaway Ends 4/16 http://t.co/x64eOfK3</summary><id>object:search.twitter.com,2005:185044155616079872</id><link>http://twitter.com/vickiecouturier/statuses/185044155616079872</link><postedTime>2012-03-28T16:42:19.000Z</postedTime><objectType>note</objectType></object><actor><summary/><twitterTimeZone/><friendsCount>1986</friendsCount><link>http://www.twitter.com/vickiecouturier</link><postedTime>2009-02-15T12:31:53.000Z</postedTime><image>http://a0.twimg.com/profile_images/417098713/m_e3b6b87d989921d64bd994a66b1e9062_normal.jpg</image><links><links><rel>me</rel><href/></links></links><listedCount>3</listedCount><id>id:twitter.com:20907304</id><languages><languages>en</languages></languages><utcOffset/><followersCount>925</followersCount><preferredUsername>vickiecouturier</preferredUsername><displayName>Vickie L Couturier</displayName><statusesCount>30380</statusesCount><objectType>person</objectType></actor><twitter_entities><hashtags><hashtags><text>Win</text><indices><indices>35</indices><indices>39</indices></indices></hashtags><hashtags><text>giveaway</text><indices><indices>83</indices><indices>92</indices></indices></hashtags></hashtags><user_mentions/><urls><urls><indices><indices>103</indices><indices>123</indices></indices><expanded_url>http://www.anutinanutshell.com/2012/03/eucerin-professional-repair/</expanded_url><display_url>anutinanutshell.com/2012/03/euceri…</display_url><url>http://t.co/x64eOfK3</url></urls></urls></twitter_entities><objectType>activity</objectType><platform>twitter</platform><posted_date>2012-03-28</posted_date><followers>925</followers><statuses>30380</statuses><region>N.A.</region></marklogic>