<?xml version="1.0" encoding="UTF-8"?>
<marklogic><id>tag:search.twitter.com,2005:185082613248176128</id><type>P</type><type>P</type><body><adverse_event>Toothache</adverse_event> <product_name company="Johnson - Johnson">Tylenol</product_name> ibuprofen http://t.co/WPrkKYxe</body><verb>post</verb><link>http://twitter.com/cysuzoliqyfor/statuses/185082613248176128</link><generator><link>http://twitter.com</link><displayName>web</displayName></generator><postedTime>2012-03-28T19:15:08.000Z</postedTime><provider><link>http://www.twitter.com</link><displayName>Twitter</displayName><objectType>service</objectType></provider><object><summary>toothache tylenol ibuprofen http://t.co/WPrkKYxe</summary><id>object:search.twitter.com,2005:185082613248176128</id><link>http://twitter.com/cysuzoliqyfor/statuses/185082613248176128</link><postedTime>2012-03-28T19:15:08.000Z</postedTime><objectType>note</objectType></object><actor><summary>I'm really original and attractive.Sometimes disembodied and compersion.&#13;</summary><twitterTimeZone/><friendsCount>28</friendsCount><location><displayName>GB&#13;</displayName><objectType>place</objectType></location><link>http://www.twitter.com/cysuzoliqyfor</link><postedTime>2012-02-05T00:29:18.000Z</postedTime><image>http://a0.twimg.com/profile_images/1807195829/52_normal.gif</image><links><links><rel>me</rel><href/></links></links><listedCount>0</listedCount><id>id:twitter.com:483416051</id><languages><languages>msa</languages></languages><utcOffset/><followersCount>17</followersCount><preferredUsername>cysuzoliqyfor</preferredUsername><displayName>vuillemot</displayName><statusesCount>165</statusesCount><objectType>person</objectType></actor><twitter_entities><hashtags/><user_mentions/><urls><urls><indices><indices>28</indices><indices>48</indices></indices><expanded_url>http://toothache-tylenol-ibuprofen.cheapillsshop.com</expanded_url><display_url>…e-tylenol-ibuprofen.cheapillsshop.com</display_url><url>http://t.co/WPrkKYxe</url></urls></urls></twitter_entities><objectType>activity</objectType><platform>twitter</platform><posted_date>2012-03-28</posted_date><followers>17</followers><statuses>165</statuses><region>N.A.</region></marklogic>