<?xml version="1.0" encoding="UTF-8"?>
<marklogic><id>tag:search.twitter.com,2005:187058968957435904</id><type>P</type><type>P</type><body>Need. To. Stop. <adverse_event>Coughing</adverse_event>. Now. Or <product_name company="N.A.">NyQuil</product_name>, I guess that would work too.</body><verb>post</verb><link>http://twitter.com/marisababyyyy/statuses/187058968957435904</link><generator><link>http://twitter.com/#!/download/iphone</link><displayName>Twitter for iPhone</displayName></generator><postedTime>2012-04-03T06:08:28.000Z</postedTime><provider><link>http://www.twitter.com</link><displayName>Twitter</displayName><objectType>service</objectType></provider><object><summary>Need. To. Stop. Coughing. Now. Or NyQuil, I guess that would work too.</summary><id>object:search.twitter.com,2005:187058968957435904</id><link>http://twitter.com/marisababyyyy/statuses/187058968957435904</link><postedTime>2012-04-03T06:08:28.000Z</postedTime><objectType>note</objectType></object><actor><summary>ayyyy♡✌ im marisa and i probably don't give a fuck about what you think</summary><twitterTimeZone/><friendsCount>160</friendsCount><link>http://www.twitter.com/marisababyyyy</link><postedTime>2011-08-17T02:54:30.000Z</postedTime><image>http://a0.twimg.com/profile_images/1954353630/image_normal.jpg</image><links><links><rel>me</rel><href/></links></links><listedCount>0</listedCount><id>id:twitter.com:356600682</id><languages><languages>en</languages></languages><utcOffset/><followersCount>192</followersCount><preferredUsername>marisababyyyy</preferredUsername><displayName>MARiSA DiX0N</displayName><statusesCount>2384</statusesCount><objectType>person</objectType></actor><twitter_entities><hashtags/><urls/><user_mentions/></twitter_entities><objectType>activity</objectType><platform>twitter</platform><posted_date>2012-04-03</posted_date><followers>192</followers><statuses>2384</statuses><region>N.A.</region></marklogic>