<?xml version="1.0" encoding="UTF-8"?>
<marklogic><id>tag:search.twitter.com,2005:185042069633503233</id><type>P</type><type>P</type><body>I'm not <product_name company="PepsiCo-Gatorade">Gatorade</product_name> take ur <adverse_event>Thirst</adverse_event> some where else cause i damn show cnt quench it</body><verb>post</verb><link>http://twitter.com/ImTracknField/statuses/185042069633503233</link><generator><link>http://itunes.apple.com/us/app/twitter/id409789998?mt=12</link><displayName>Twitter for Mac</displayName></generator><postedTime>2012-03-28T16:34:01.000Z</postedTime><provider><link>http://www.twitter.com</link><displayName>Twitter</displayName><objectType>service</objectType></provider><object><summary>I'm not gatorade take ur thirst some where else cause i damn show cnt quench it</summary><id>object:search.twitter.com,2005:185042069633503233</id><link>http://twitter.com/ImTracknField/statuses/185042069633503233</link><postedTime>2012-03-28T16:34:01.000Z</postedTime><objectType>note</objectType></object><actor><summary>I am on a mission of god and we have plans so either come along or excuse urself. </summary><twitterTimeZone>Central Time (US &amp; Canada)</twitterTimeZone><friendsCount>286</friendsCount><location><displayName>Orangeburg,SC</displayName><objectType>place</objectType></location><link>http://www.twitter.com/ImTracknField</link><postedTime>2010-11-23T18:34:20.000Z</postedTime><image>http://a0.twimg.com/profile_images/1899766424/imagejpeg_2_normal.jpg</image><links><links><rel>me</rel><href/></links></links><listedCount>2</listedCount><id>id:twitter.com:219021384</id><languages><languages>en</languages></languages><utcOffset>-21600</utcOffset><followersCount>286</followersCount><preferredUsername>ImTracknField</preferredUsername><displayName>Perry Brandon</displayName><statusesCount>5195</statusesCount><objectType>person</objectType></actor><twitter_entities><hashtags/><user_mentions/><urls/></twitter_entities><objectType>activity</objectType><platform>twitter</platform><posted_date>2012-03-28</posted_date><followers>286</followers><statuses>5195</statuses><region>Central</region></marklogic>