<?xml version="1.0" encoding="UTF-8"?>
<marklogic><id>tag:search.twitter.com,2005:179603470771433472</id><type>P</type><type>P</type><body>#News <product_name company="N.A.">Venus</product_name> and Jupiter: how to <adverse_event><adverse_event><adverse_event><adverse_event><adverse_event><adverse_event><adverse_event><adverse_event>Spot</adverse_event></adverse_event></adverse_event></adverse_event></adverse_event></adverse_event></adverse_event></adverse_event> them - The Guardian http://t.co/5ejpkjSM</body><verb>post</verb><link>http://twitter.com/press_free/statuses/179603470771433472</link><generator><link>http://www.freepress.info/</link><displayName>Free Press For Top News</displayName></generator><postedTime>2012-03-13T16:22:58.000Z</postedTime><provider><link>http://www.twitter.com</link><displayName>Twitter</displayName><objectType>service</objectType></provider><object><summary>#News Venus and Jupiter: how to spot them - The Guardian http://t.co/5ejpkjSM</summary><id>object:search.twitter.com,2005:179603470771433472</id><link>http://twitter.com/press_free/statuses/179603470771433472</link><postedTime>2012-03-13T16:22:58.000Z</postedTime><objectType>note</objectType></object><actor><summary/><twitterTimeZone/><friendsCount>8</friendsCount><link>http://www.twitter.com/press_free</link><postedTime>2012-01-14T14:21:55.000Z</postedTime><image>http://a0.twimg.com/sticky/default_profile_images/default_profile_4_normal.png</image><links><links><rel>me</rel><href/></links></links><listedCount>2</listedCount><id>id:twitter.com:463815398</id><languages><languages>en</languages></languages><utcOffset/><followersCount>119</followersCount><preferredUsername>press_free</preferredUsername><displayName>Free Press</displayName><statusesCount>11354</statusesCount><objectType>person</objectType></actor><twitter_entities><hashtags><hashtags><text>News</text><indices><indices>0</indices><indices>5</indices></indices></hashtags></hashtags><user_mentions/><urls><urls><indices><indices>57</indices><indices>77</indices></indices><expanded_url>http://www.freepress.info/?p=14588</expanded_url><url>http://t.co/5ejpkjSM</url><display_url>freepress.info/?p=14588</display_url></urls></urls></twitter_entities><objectType>activity</objectType><platform>twitter</platform><posted_date>2012-03-13</posted_date><statuses>119</statuses><followers>11354</followers><region>N.A.</region><age>119</age><coupon>11354</coupon><region>N.A.</region><age>119</age><coupon>11354</coupon><region>N.A.</region><age>119</age><coupon>11354</coupon><region>N.A.</region><age>119</age><coupon>11354</coupon><region>N.A.</region><age>119</age><coupon>11354</coupon><region>N.A.</region><age>119</age><coupon>11354</coupon><region>N.A.</region><age>119</age><coupon>11354</coupon><region>N.A.</region></marklogic>