<?xml version="1.0" encoding="UTF-8"?>
<marklogic><id>tag:search.twitter.com,2005:185077230920138752</id><type>P</type><type>P</type><body>Get mad at me for drinkin' <product_name company="SC Johnson">Shout</product_name> at me to stop but you know i'm the only one that ever hits your <adverse_event>Spot</adverse_event>!!! Rollacoasta #owwww</body><verb>post</verb><link>http://twitter.com/CrissyKisses/statuses/185077230920138752</link><generator><link>http://www.tweetcaster.com</link><displayName>TweetCaster for Android</displayName></generator><postedTime>2012-03-28T18:53:45.000Z</postedTime><provider><link>http://www.twitter.com</link><displayName>Twitter</displayName><objectType>service</objectType></provider><object><summary>Get mad at me for drinkin' shout at me to stop but you know i'm the only one that ever hits your spot!!! Rollacoasta #owwww</summary><id>object:search.twitter.com,2005:185077230920138752</id><link>http://twitter.com/CrissyKisses/statuses/185077230920138752</link><postedTime>2012-03-28T18:53:45.000Z</postedTime><objectType>note</objectType></object><actor><summary>I'm a very easy going person that loves music and spending time with the people I love.#TeamCeltics #TeamGiants #Team21+ #TeamLibra #TeamShoeWhore #TeamNotBeat</summary><twitterTimeZone>Quito</twitterTimeZone><friendsCount>206</friendsCount><location><displayName>North Newark, NJ</displayName><objectType>place</objectType></location><link>http://www.twitter.com/CrissyKisses</link><postedTime>2009-07-14T03:55:45.000Z</postedTime><image>http://a0.twimg.com/profile_images/1973670390/1332891248946_normal.png</image><links><links><rel>me</rel><href>http://facebook.com/clarissab3</href></links></links><listedCount>0</listedCount><id>id:twitter.com:56598476</id><languages><languages>en</languages></languages><utcOffset>-18000</utcOffset><followersCount>194</followersCount><preferredUsername>CrissyKisses</preferredUsername><displayName>Crissy Baby </displayName><statusesCount>9325</statusesCount><objectType>person</objectType></actor><twitter_entities><hashtags><hashtags><text>owwww</text><indices><indices>117</indices><indices>123</indices></indices></hashtags></hashtags><user_mentions/><urls/></twitter_entities><objectType>activity</objectType><platform>twitter</platform><posted_date>2012-03-28</posted_date><followers>194</followers><statuses>9325</statuses><region>Quito</region></marklogic>