<?xml version="1.0" encoding="UTF-8"?>
<marklogic><id>tag:search.twitter.com,2005:185038342734364672</id><type>P</type><type>P</type><body>Ew I jus used that new  <product_name company="N.A.">3D white</product_name> vivid tooth paste! Omg that ish <adverse_event>Burns</adverse_event> tf out of your mouth!! Don't use it y'all it's BAD!</body><verb>post</verb><link>http://twitter.com/kala_Aszelene/statuses/185038342734364672</link><generator><link>http://twitter.com/#!/download/iphone</link><displayName>Twitter for iPhone</displayName></generator><postedTime>2012-03-28T16:19:13.000Z</postedTime><provider><link>http://www.twitter.com</link><displayName>Twitter</displayName><objectType>service</objectType></provider><object><summary>Ew I jus used that new crest 3D white vivid tooth paste! Omg that ish burns tf out of your mouth!! Don't use it y'all it's BAD!</summary><id>object:search.twitter.com,2005:185038342734364672</id><link>http://twitter.com/kala_Aszelene/statuses/185038342734364672</link><postedTime>2012-03-28T16:19:13.000Z</postedTime><objectType>note</objectType></object><actor><summary/><twitterTimeZone/><friendsCount>121</friendsCount><link>http://www.twitter.com/kala_Aszelene</link><postedTime>2012-03-26T06:02:31.000Z</postedTime><image>http://a0.twimg.com/profile_images/1975501362/image_normal.jpg</image><links><links><rel>me</rel><href/></links></links><listedCount>0</listedCount><id>id:twitter.com:536967842</id><languages><languages>en</languages></languages><utcOffset/><followersCount>54</followersCount><preferredUsername>kala_Aszelene</preferredUsername><displayName>kalaaaa </displayName><statusesCount>247</statusesCount><objectType>person</objectType></actor><twitter_entities><hashtags/><user_mentions/><urls/></twitter_entities><objectType>activity</objectType><platform>twitter</platform><posted_date>2012-03-28</posted_date><followers>54</followers><statuses>247</statuses><region>N.A.</region></marklogic>