<?xml version="1.0" encoding="UTF-8"?>
<marklogic><id>tag:search.twitter.com,2005:185053086417555456</id><type>P</type><type>P</type><body>I can't wait til I can drink soda again. What's a burger without a nice <adverse_event>Cold</adverse_event> <product_name company="Coca Cola">Coke</product_name>?</body><verb>post</verb><link>http://twitter.com/_sweetheartshay/statuses/185053086417555456</link><generator><link>http://www.tweetdeck.com</link><displayName>TweetDeck</displayName></generator><postedTime>2012-03-28T17:17:48.000Z</postedTime><provider><link>http://www.twitter.com</link><displayName>Twitter</displayName><objectType>service</objectType></provider><object><summary>I can't wait til I can drink soda again. What's a burger without a nice cold coke?</summary><id>object:search.twitter.com,2005:185053086417555456</id><link>http://twitter.com/_sweetheartshay/statuses/185053086417555456</link><postedTime>2012-03-28T17:17:48.000Z</postedTime><objectType>note</objectType></object><actor><summary>Beneath the makeup and behind the smile I am just a girl who wishes for the world. -Marilyn Monroe&#13;
UGA 2014</summary><twitterTimeZone>Quito</twitterTimeZone><friendsCount>366</friendsCount><location><displayName>Fab Lane, USA</displayName><objectType>place</objectType></location><link>http://www.twitter.com/_sweetheartshay</link><postedTime>2010-07-07T23:31:09.000Z</postedTime><image>http://a0.twimg.com/profile_images/1854543910/Photo_on_2012-02-26_at_00.502_normal.jpg</image><links><links><rel>me</rel><href/></links></links><listedCount>6</listedCount><id>id:twitter.com:164062197</id><languages><languages>en</languages></languages><utcOffset>-18000</utcOffset><followersCount>469</followersCount><preferredUsername>_sweetheartshay</preferredUsername><displayName>Susie Q</displayName><statusesCount>13906</statusesCount><objectType>person</objectType></actor><twitter_entities><hashtags/><user_mentions/><urls/></twitter_entities><objectType>activity</objectType><platform>twitter</platform><posted_date>2012-03-28</posted_date><followers>469</followers><statuses>13906</statuses><region>Quito</region></marklogic>