<?xml version="1.0" encoding="UTF-8"?>
<marklogic><id>tag:search.twitter.com,2005:185074082470039552</id><type>P</type><type>P</type><body>Yo solo tendré un <adverse_event>Spot</adverse_event>. “¡<product_name company="GlaxoSmithKline">Viva</product_name> la equidad!”: @lopezobrador_ http://t.co/RphZ4Cmb”// nombre así si voto por ti #noseAsPaYaso</body><verb>post</verb><link>http://twitter.com/naroge82/statuses/185074082470039552</link><generator><link>http://twitter.com/#!/download/iphone</link><displayName>Twitter for iPhone</displayName></generator><postedTime>2012-03-28T18:41:14.000Z</postedTime><provider><link>http://www.twitter.com</link><displayName>Twitter</displayName><objectType>service</objectType></provider><object><summary>Yo solo tendré un spot. “¡Viva la equidad!”: @lopezobrador_ http://t.co/RphZ4Cmb”// nombre así si voto por ti #noseAsPaYaso</summary><id>object:search.twitter.com,2005:185074082470039552</id><link>http://twitter.com/naroge82/statuses/185074082470039552</link><postedTime>2012-03-28T18:41:14.000Z</postedTime><objectType>note</objectType></object><actor><summary>simplemente ser humano, PEÑISTA, PRIISTA de corazón.</summary><twitterTimeZone>Mexico City</twitterTimeZone><friendsCount>338</friendsCount><location><displayName>México</displayName><objectType>place</objectType></location><link>http://www.twitter.com/naroge82</link><postedTime>2010-10-24T14:40:09.000Z</postedTime><image>http://a0.twimg.com/profile_images/1964259612/image_normal.jpg</image><links><links><rel>me</rel><href/></links></links><listedCount>0</listedCount><id>id:twitter.com:207104347</id><languages><languages>es</languages></languages><utcOffset>-21600</utcOffset><followersCount>227</followersCount><preferredUsername>naroge82</preferredUsername><displayName>Genaro Lechuga</displayName><statusesCount>2079</statusesCount><objectType>person</objectType></actor><twitter_entities><urls><urls><indices><indices>60</indices><indices>80</indices></indices><expanded_url>http://mile.io/HiwQ7O</expanded_url><display_url>mile.io/HiwQ7O</display_url><url>http://t.co/RphZ4Cmb</url></urls></urls><hashtags><hashtags><text>noseAsPaYaso</text><indices><indices>110</indices><indices>123</indices></indices></hashtags></hashtags><user_mentions><user_mentions><screen_name>lopezobrador_</screen_name><indices><indices>45</indices><indices>59</indices></indices><name>Andrés Manuel</name><id>82119937</id><id_str>82119937</id_str></user_mentions></user_mentions></twitter_entities><objectType>activity</objectType><platform>twitter</platform><posted_date>2012-03-28</posted_date><followers>227</followers><statuses>2079</statuses><region>Mexico</region></marklogic>