<?xml version="1.0" encoding="UTF-8"?>
<marklogic><id>tag:search.twitter.com,2005:185058031107710977</id><type>P</type><type>P</type><body><product_name company="Schering-Plough">Claritin</product_name> with a <adverse_event>Cold</adverse_event> http://t.co/1ZXKQzYr</body><verb>post</verb><link>http://twitter.com/hyzypevuceq/statuses/185058031107710977</link><generator><link>http://twitter.com</link><displayName>web</displayName></generator><postedTime>2012-03-28T17:37:27.000Z</postedTime><provider><link>http://www.twitter.com</link><displayName>Twitter</displayName><objectType>service</objectType></provider><object><summary>claritin with a cold http://t.co/1ZXKQzYr</summary><id>object:search.twitter.com,2005:185058031107710977</id><link>http://twitter.com/hyzypevuceq/statuses/185058031107710977</link><postedTime>2012-03-28T17:37:27.000Z</postedTime><objectType>note</objectType></object><actor><summary>Like to watch True Heart Susie or Frankenstein. I'm emotionally bankrupt, inadequate and misleading.&#13;</summary><twitterTimeZone/><friendsCount>31</friendsCount><location><displayName>CO&#13;</displayName><objectType>place</objectType></location><link>http://www.twitter.com/hyzypevuceq</link><postedTime>2012-02-09T08:34:59.000Z</postedTime><image>http://a0.twimg.com/profile_images/1817857575/1498_normal.gif</image><links><links><rel>me</rel><href/></links></links><listedCount>0</listedCount><id>id:twitter.com:487354549</id><languages><languages>tr</languages></languages><utcOffset/><followersCount>5</followersCount><preferredUsername>hyzypevuceq</preferredUsername><displayName>thoennes</displayName><statusesCount>80</statusesCount><objectType>person</objectType></actor><twitter_entities><hashtags/><user_mentions/><urls><urls><indices><indices>21</indices><indices>41</indices></indices><expanded_url>http://claritin-with-a-cold.cheapillsshop.com</expanded_url><display_url>claritin-with-a-cold.cheapillsshop.com</display_url><url>http://t.co/1ZXKQzYr</url></urls></urls></twitter_entities><objectType>activity</objectType><platform>twitter</platform><posted_date>2012-03-28</posted_date><followers>5</followers><statuses>80</statuses><region>N.A.</region></marklogic>