<?xml version="1.0" encoding="UTF-8"?>
<marklogic><id>tag:search.twitter.com,2005:185072437568868352</id><type>P</type><type>P</type><body><product_name company="SC Johnson">Shout</product_name> out 2 @Nattariii &amp; South London keepin tracks <adverse_event>Burning</adverse_event> up on reverbnation.</body><verb>post</verb><link>http://twitter.com/porkchop04/statuses/185072437568868352</link><generator><link>http://www.tweetcaster.com</link><displayName>TweetCaster for Android</displayName></generator><postedTime>2012-03-28T18:34:42.000Z</postedTime><provider><link>http://www.twitter.com</link><displayName>Twitter</displayName><objectType>service</objectType></provider><object><summary>Shout out 2 @Nattariii &amp; South London keepin tracks burning up on reverbnation.</summary><id>object:search.twitter.com,2005:185072437568868352</id><link>http://twitter.com/porkchop04/statuses/185072437568868352</link><postedTime>2012-03-28T18:34:42.000Z</postedTime><objectType>note</objectType></object><actor><summary>Owner of Platinum Pumps &amp; Custom Design in South Beach Miami, FL. So If Your A shoe Freak Im the lady to get with.</summary><twitterTimeZone/><friendsCount>1979</friendsCount><location><displayName>GA.~FL.~NJ.~NY.

</displayName><objectType>place</objectType></location><link>http://www.twitter.com/porkchop04</link><postedTime>2011-03-12T03:17:36.000Z</postedTime><image>http://a0.twimg.com/profile_images/1721000497/profile_normal.jpg</image><links><links><rel>me</rel><href/></links></links><listedCount>171</listedCount><id>id:twitter.com:264563488</id><languages><languages>en</languages></languages><utcOffset/><followersCount>1974</followersCount><preferredUsername>porkchop04</preferredUsername><displayName>Erykah Canes World</displayName><statusesCount>5821</statusesCount><objectType>person</objectType></actor><twitter_entities><hashtags/><user_mentions><user_mentions><indices><indices>12</indices><indices>22</indices></indices><id_str>164822863</id_str><name>Nattari</name><id>164822863</id><screen_name>Nattariii</screen_name></user_mentions></user_mentions><urls/></twitter_entities><objectType>activity</objectType><platform>twitter</platform><posted_date>2012-03-28</posted_date><followers>1974</followers><statuses>5821</statuses><region>N.A.</region></marklogic>