<?xml version="1.0" encoding="UTF-8"?>
<marklogic><body>is struggling with a heavy <adverse_event>Cold</adverse_event> - presently tanked up on lemsips to <product_name company="Abbott">Ensure</product_name> that I can do what I need to do today http://t.co/9yegNDO2</body><geo><type>Point</type><coordinates><coordinates>53.7953786</coordinates><coordinates>-1.54761314</coordinates></coordinates></geo><location><geo><type>Polygon</type><coordinates><coordinates><coordinates><coordinates>-1.800359</coordinates><coordinates>53.698999</coordinates></coordinates><coordinates><coordinates>-1.290353</coordinates><coordinates>53.698999</coordinates></coordinates><coordinates><coordinates>-1.290353</coordinates><coordinates>53.945884</coordinates></coordinates><coordinates><coordinates>-1.800359</coordinates><coordinates>53.945884</coordinates></coordinates></coordinates></coordinates></geo><link>http://api.twitter.com/1/geo/id/1b33d4294aa4e112.json</link><name>Leeds</name><displayName>Leeds, Leeds</displayName><country_code>United Kingdom</country_code><objectType>place</objectType></location><link>http://twitter.com/FTXJH/statuses/187211262738956288</link><postedTime>2012-04-03T16:13:37.000Z</postedTime><provider><link>http://www.twitter.com</link><displayName>Twitter</displayName><objectType>service</objectType></provider><actor><summary>I like outdoor pursuits especially water activities, live music, wine, reading books, Italian food, films, Mythology, Culture &amp; the National Geographic magazine</summary><twitterTimeZone>London</twitterTimeZone><friendsCount>29</friendsCount><location><displayName>Wakefield</displayName><objectType>place</objectType></location><link>http://www.twitter.com/FTXJH</link><postedTime>2010-10-19T19:30:15.000Z</postedTime><image>http://a0.twimg.com/profile_images/1773949879/Jay_normal.jpg</image><links><links><rel>me</rel><href/></links></links><listedCount>1</listedCount><id>id:twitter.com:204923986</id><languages><languages>en</languages></languages><utcOffset>0</utcOffset><followersCount>47</followersCount><preferredUsername>FTXJH</preferredUsername><displayName>Jay Heathcote</displayName><statusesCount>1319</statusesCount><objectType>person</objectType></actor><object><summary>is struggling with a heavy cold - presently tanked up on lemsips to ensure that I can do what I need to do today http://t.co/9yegNDO2</summary><id>object:search.twitter.com,2005:187211262738956288</id><link>http://twitter.com/FTXJH/statuses/187211262738956288</link><postedTime>2012-04-03T16:13:37.000Z</postedTime><objectType>note</objectType></object><twitter_entities><hashtags/><urls><urls><indices><indices>113</indices><indices>133</indices></indices><expanded_url>http://4sq.com/HUPD7v</expanded_url><display_url>4sq.com/HUPD7v</display_url><url>http://t.co/9yegNDO2</url></urls></urls><user_mentions/></twitter_entities><id>tag:search.twitter.com,2005:187211262738956288</id><type>P</type><type>P</type><verb>post</verb><generator><link>http://foursquare.com</link><displayName>foursquare</displayName></generator><objectType>activity</objectType><platform>twitter</platform><posted_date>2012-04-03</posted_date><followers>47</followers><statuses>1319</statuses><region>London</region></marklogic>