<?xml version="1.0" encoding="UTF-8"?>
<marklogic><id>tag:search.twitter.com,2005:185073492834791424</id><type>P</type><type>P</type><body>Yo solo tendré un <adverse_event>Spot</adverse_event>. “¡<product_name company="GlaxoSmithKline">Viva</product_name> la equidad!”: @lopezobrador_ http://t.co/7cjaDbNM (vía @votoxvoto2012)</body><verb>post</verb><link>http://twitter.com/Milenio/statuses/185073492834791424</link><generator><link>http://www.tweetdeck.com</link><displayName>TweetDeck</displayName></generator><postedTime>2012-03-28T18:38:53.000Z</postedTime><provider><link>http://www.twitter.com</link><displayName>Twitter</displayName><objectType>service</objectType></provider><object><summary>Yo solo tendré un spot. “¡Viva la equidad!”: @lopezobrador_ http://t.co/7cjaDbNM (vía @votoxvoto2012)</summary><id>object:search.twitter.com,2005:185073492834791424</id><link>http://twitter.com/Milenio/statuses/185073492834791424</link><postedTime>2012-03-28T18:38:53.000Z</postedTime><objectType>note</objectType></object><actor><summary>Periodismo con carácter.</summary><twitterTimeZone>Mountain Time (US &amp; Canada)</twitterTimeZone><friendsCount>3792</friendsCount><location><displayName>México</displayName><objectType>place</objectType></location><link>http://www.twitter.com/Milenio</link><postedTime>2009-03-17T22:26:38.000Z</postedTime><image>http://a0.twimg.com/profile_images/1598220475/MILENIOOK_normal.jpg</image><links><links><rel>me</rel><href>http://www.milenio.com/</href></links></links><listedCount>8965</listedCount><id>id:twitter.com:24969337</id><languages><languages>es</languages></languages><utcOffset>-25200</utcOffset><followersCount>457249</followersCount><preferredUsername>Milenio</preferredUsername><displayName>Milenio.com</displayName><statusesCount>99906</statusesCount><objectType>person</objectType></actor><twitter_entities><hashtags/><user_mentions><user_mentions><indices><indices>45</indices><indices>59</indices></indices><id_str>82119937</id_str><name>Andrés Manuel</name><id>82119937</id><screen_name>lopezobrador_</screen_name></user_mentions><user_mentions><indices><indices>86</indices><indices>100</indices></indices><id_str>419726797</id_str><name>MILENIO votoxvoto</name><id>419726797</id><screen_name>votoxvoto2012</screen_name></user_mentions></user_mentions><urls><urls><indices><indices>60</indices><indices>80</indices></indices><expanded_url>http://mile.io/HiwQ7O</expanded_url><display_url>mile.io/HiwQ7O</display_url><url>http://t.co/7cjaDbNM</url></urls></urls></twitter_entities><objectType>activity</objectType><platform>twitter</platform><posted_date>2012-03-28</posted_date><followers>457249</followers><statuses>99906</statuses><region>Mountain</region></marklogic>