<?xml version="1.0" encoding="UTF-8"?>
<marklogic><id>tag:search.twitter.com,2005:185034230856810496</id><type>P</type><type>P</type><body>ThermoSoft Electric <product_name company="Unilever">Radiant</product_name> In-Floor <adverse_event>Heating</adverse_event> System-TT10-120http://ping.fm/DB0Ms</body><verb>post</verb><link>http://twitter.com/edittasabbatini/statuses/185034230856810496</link><generator><link>http://ping.fm/</link><displayName>Ping.fm</displayName></generator><postedTime>2012-03-28T16:02:53.000Z</postedTime><provider><link>http://www.twitter.com</link><displayName>Twitter</displayName><objectType>service</objectType></provider><object><summary>ThermoSoft Electric Radiant In-Floor Heating System-TT10-120http://ping.fm/DB0Ms</summary><id>object:search.twitter.com,2005:185034230856810496</id><link>http://twitter.com/edittasabbatini/statuses/185034230856810496</link><postedTime>2012-03-28T16:02:53.000Z</postedTime><objectType>note</objectType></object><actor><summary/><twitterTimeZone/><friendsCount>5</friendsCount><link>http://www.twitter.com/edittasabbatini</link><postedTime>2012-02-25T17:39:03.000Z</postedTime><image>http://a0.twimg.com/sticky/default_profile_images/default_profile_3_normal.png</image><links><links><rel>me</rel><href/></links></links><listedCount>0</listedCount><id>id:twitter.com:503313828</id><languages><languages>en</languages></languages><utcOffset/><followersCount>29</followersCount><preferredUsername>edittasabbatini</preferredUsername><displayName>edittasabbatini</displayName><statusesCount>1730</statusesCount><objectType>person</objectType></actor><twitter_entities><hashtags/><user_mentions/><urls/></twitter_entities><objectType>activity</objectType><platform>twitter</platform><posted_date>2012-03-28</posted_date><followers>29</followers><statuses>1730</statuses><region>N.A.</region></marklogic>