<?xml version="1.0" encoding="UTF-8"?>
<marklogic><id>tag:search.twitter.com,2005:185051084081999873</id><type>P</type><type>P</type><body><product_name company="Johnson - Johnson">Tylenol</product_name> <adverse_event>Headache</adverse_event> products http://t.co/J5YIPAyv</body><verb>post</verb><link>http://twitter.com/zigalexacapax/statuses/185051084081999873</link><generator><link>http://twitter.com</link><displayName>web</displayName></generator><postedTime>2012-03-28T17:09:51.000Z</postedTime><provider><link>http://www.twitter.com</link><displayName>Twitter</displayName><objectType>service</objectType></provider><object><summary>tylenol headache products http://t.co/J5YIPAyv</summary><id>object:search.twitter.com,2005:185051084081999873</id><link>http://twitter.com/zigalexacapax/statuses/185051084081999873</link><postedTime>2012-03-28T17:09:51.000Z</postedTime><objectType>note</objectType></object><actor><summary>My person is picked apart, 322. Presided, expediency and utility. Now listen Kaiser Chiefs.&#13;</summary><twitterTimeZone/><friendsCount>45</friendsCount><location><displayName>US&#13;</displayName><objectType>place</objectType></location><link>http://www.twitter.com/zigalexacapax</link><postedTime>2012-02-06T21:50:04.000Z</postedTime><image>http://a0.twimg.com/profile_images/1812662693/1238_normal.gif</image><links><links><rel>me</rel><href/></links></links><listedCount>0</listedCount><id>id:twitter.com:485145127</id><languages><languages>es</languages></languages><utcOffset/><followersCount>17</followersCount><preferredUsername>zigalexacapax</preferredUsername><displayName>kropp</displayName><statusesCount>152</statusesCount><objectType>person</objectType></actor><twitter_entities><hashtags/><urls><urls><indices><indices>26</indices><indices>46</indices></indices><expanded_url>http://tylenol-headache-products.cheapillsshop.com</expanded_url><display_url>…l-headache-products.cheapillsshop.com</display_url><url>http://t.co/J5YIPAyv</url></urls></urls><user_mentions/></twitter_entities><objectType>activity</objectType><platform>twitter</platform><posted_date>2012-03-28</posted_date><followers>17</followers><statuses>152</statuses><region>N.A.</region></marklogic>