<?xml version="1.0" encoding="UTF-8"?>
<marklogic><id>tag:search.twitter.com,2005:187246689625710592</id><type>P</type><type>P</type><body>Nothing quite quenches your <adverse_event>Thirst</adverse_event> like a <product_name company="GlaxoSmithKline">Lucozade</product_name></body><verb>post</verb><location><geo><coordinates><coordinates><coordinates><coordinates>-3.343804</coordinates><coordinates>51.3726411</coordinates></coordinates><coordinates><coordinates>-3.068916</coordinates><coordinates>51.3726411</coordinates></coordinates><coordinates><coordinates>-3.068916</coordinates><coordinates>51.560433</coordinates></coordinates><coordinates><coordinates>-3.343804</coordinates><coordinates>51.560433</coordinates></coordinates></coordinates></coordinates><type>Polygon</type></geo><link>http://api.twitter.com/1/geo/id/7e31abfeadb7cbc7.json</link><name>Cardiff</name><displayName>Cardiff, Wales</displayName><country_code>United Kingdom</country_code><objectType>place</objectType></location><link>http://twitter.com/FernLawton/statuses/187246689625710592</link><generator><link>http://twitter.com</link><displayName>web</displayName></generator><postedTime>2012-04-03T18:34:24.000Z</postedTime><provider><link>http://www.twitter.com</link><displayName>Twitter</displayName><objectType>service</objectType></provider><object><summary>Nothing quite quenches your thirst like a Lucozade</summary><id>object:search.twitter.com,2005:187246689625710592</id><link>http://twitter.com/FernLawton/statuses/187246689625710592</link><postedTime>2012-04-03T18:34:24.000Z</postedTime><objectType>note</objectType></object><actor><summary>I'm the catalyst to your demise </summary><twitterTimeZone>London</twitterTimeZone><friendsCount>176</friendsCount><location><displayName>North  Wales</displayName><objectType>place</objectType></location><link>http://www.twitter.com/FernLawton</link><postedTime>2009-05-08T17:55:08.000Z</postedTime><image>http://a0.twimg.com/profile_images/1886464412/metwitter_normal.jpeg</image><links><links><rel>me</rel><href>http://nikeandsex.tumblr.com</href></links></links><listedCount>0</listedCount><id>id:twitter.com:38710421</id><languages><languages>en</languages></languages><utcOffset>0</utcOffset><followersCount>736</followersCount><preferredUsername>FernLawton</preferredUsername><displayName>Fern Lawton</displayName><statusesCount>5976</statusesCount><objectType>person</objectType></actor><twitter_entities><urls/><hashtags/><user_mentions/></twitter_entities><objectType>activity</objectType><platform>twitter</platform><posted_date>2012-04-03</posted_date><followers>736</followers><statuses>5976</statuses><region>London</region></marklogic>