<?xml version="1.0" encoding="UTF-8"?>
<marklogic><id>tag:search.twitter.com,2005:185052716324765696</id><type>P</type><type>P</type><body>damn apple vendor just gave me a <adverse_event>Headache</adverse_event> nigga talked for 10mins but didn't <product_name company="Reckitt Benckiser">Resolve</product_name> my issue. started to tell him to remind me y we pay him</body><verb>post</verb><link>http://twitter.com/dre_GBM/statuses/185052716324765696</link><generator><link>http://www.tweetdeck.com</link><displayName>TweetDeck</displayName></generator><postedTime>2012-03-28T17:16:20.000Z</postedTime><provider><link>http://www.twitter.com</link><displayName>Twitter</displayName><objectType>service</objectType></provider><object><summary>damn apple vendor just gave me a headache nigga talked for 10mins but didn't resolve my issue. started to tell him to remind me y we pay him</summary><id>object:search.twitter.com,2005:185052716324765696</id><link>http://twitter.com/dre_GBM/statuses/185052716324765696</link><postedTime>2012-03-28T17:16:20.000Z</postedTime><objectType>note</objectType></object><actor><summary>the greatest story untold, unfolds</summary><twitterTimeZone>Central Time (US &amp; Canada)</twitterTimeZone><friendsCount>853</friendsCount><location><displayName>Right Here (my-city-chi-city)</displayName><objectType>place</objectType></location><link>http://www.twitter.com/dre_GBM</link><postedTime>2010-10-25T17:59:10.000Z</postedTime><image>http://a0.twimg.com/profile_images/1909471772/me3_normal.jpg</image><links><links><rel>me</rel><href>http://www.neverland9.com</href></links></links><listedCount>2</listedCount><id>id:twitter.com:207622513</id><languages><languages>en</languages></languages><utcOffset>-21600</utcOffset><followersCount>956</followersCount><preferredUsername>dre_GBM</preferredUsername><displayName>Ethan Tripper</displayName><statusesCount>27141</statusesCount><objectType>person</objectType></actor><twitter_entities><hashtags/><urls/><user_mentions/></twitter_entities><objectType>activity</objectType><platform>twitter</platform><posted_date>2012-03-28</posted_date><followers>956</followers><statuses>27141</statuses><region>Central</region></marklogic>