<?xml version="1.0" encoding="UTF-8"?>
<marklogic><id>tag:search.twitter.com,2005:185041415062028288</id><type>P</type><type>P</type><body>Howell science east 301. Someone please bring me a diet <product_name company="Coca Cola">Coke</product_name>. PLEASE &#x01f632; dying of <adverse_event>Thirst</adverse_event> right now</body><verb>post</verb><link>http://twitter.com/JanelloShotz/statuses/185041415062028288</link><generator><link>http://twitter.com/#!/download/iphone</link><displayName>Twitter for iPhone</displayName></generator><postedTime>2012-03-28T16:31:25.000Z</postedTime><provider><link>http://www.twitter.com</link><displayName>Twitter</displayName><objectType>service</objectType></provider><object><summary>Howell science east 301. Someone please bring me a diet coke. PLEASE &#x01f632; dying of thirst right now</summary><id>object:search.twitter.com,2005:185041415062028288</id><link>http://twitter.com/JanelloShotz/statuses/185041415062028288</link><postedTime>2012-03-28T16:31:25.000Z</postedTime><objectType>note</objectType></object><actor><summary>one letter, three times better ΣΣΣ arrggghhhh</summary><twitterTimeZone>Quito</twitterTimeZone><friendsCount>265</friendsCount><link>http://www.twitter.com/JanelloShotz</link><postedTime>2011-03-01T05:26:37.000Z</postedTime><image>http://a0.twimg.com/profile_images/1258323350/Untitled_normal.png</image><links><links><rel>me</rel><href/></links></links><listedCount>0</listedCount><id>id:twitter.com:259126694</id><languages><languages>en</languages></languages><utcOffset>-18000</utcOffset><followersCount>291</followersCount><preferredUsername>JanelloShotz</preferredUsername><displayName>Janelle O'C</displayName><statusesCount>1072</statusesCount><objectType>person</objectType></actor><twitter_entities><hashtags/><user_mentions/><urls/></twitter_entities><objectType>activity</objectType><platform>twitter</platform><posted_date>2012-03-28</posted_date><followers>291</followers><statuses>1072</statuses><region>Quito</region></marklogic>