<?xml version="1.0" encoding="UTF-8"?>
<marklogic><id>tag:search.twitter.com,2005:185060564886761472</id><type>P</type><type>P</type><body>I just love being this tired because people  and <adverse_event>Cough</adverse_event> in their sleep all night. I'm <product_name company="Clorox">Glad</product_name> you're well rested though.</body><verb>post</verb><link>http://twitter.com/jake112244/statuses/185060564886761472</link><generator><link>http://twitter.com</link><displayName>web</displayName></generator><postedTime>2012-03-28T17:47:31.000Z</postedTime><provider><link>http://www.twitter.com</link><displayName>Twitter</displayName><objectType>service</objectType></provider><object><summary>I just love being this tired because people shout and cough in their sleep all night. I'm glad you're well rested though.</summary><id>object:search.twitter.com,2005:185060564886761472</id><link>http://twitter.com/jake112244/statuses/185060564886761472</link><postedTime>2012-03-28T17:47:31.000Z</postedTime><objectType>note</objectType></object><actor><summary/><twitterTimeZone>Central Time (US &amp; Canada)</twitterTimeZone><friendsCount>31</friendsCount><link>http://www.twitter.com/jake112244</link><postedTime>2012-02-08T20:26:05.000Z</postedTime><image>http://a0.twimg.com/profile_images/1813800376/Photo_on_2-2-12_at_6.27_PM_normal.jpg</image><links><links><rel>me</rel><href/></links></links><listedCount>0</listedCount><id>id:twitter.com:486922035</id><languages><languages>en</languages></languages><utcOffset>-21600</utcOffset><followersCount>27</followersCount><preferredUsername>jake112244</preferredUsername><displayName>Jake Hanson</displayName><statusesCount>352</statusesCount><objectType>person</objectType></actor><twitter_entities><hashtags/><urls/><user_mentions/></twitter_entities><objectType>activity</objectType><platform>twitter</platform><posted_date>2012-03-28</posted_date><followers>27</followers><statuses>352</statuses><region>Central</region></marklogic>