<?xml version="1.0" encoding="UTF-8"?>
<marklogic><id>tag:search.twitter.com,2005:185076546518794241</id><type>P</type><type>P</type><body>I do love abit of <adverse_event>Cold</adverse_event> <product_name company="Coca Cola">Coke</product_name> mmm</body><verb>post</verb><link>http://twitter.com/charisforrest/statuses/185076546518794241</link><generator><link>http://blackberry.com/twitter</link><displayName>Twitter for BlackBerry®</displayName></generator><postedTime>2012-03-28T18:51:01.000Z</postedTime><provider><link>http://www.twitter.com</link><displayName>Twitter</displayName><objectType>service</objectType></provider><object><summary>I do love abit of cold coke mmm</summary><id>object:search.twitter.com,2005:185076546518794241</id><link>http://twitter.com/charisforrest/statuses/185076546518794241</link><postedTime>2012-03-28T18:51:01.000Z</postedTime><objectType>note</objectType></object><actor><summary>I love ribena</summary><twitterTimeZone/><friendsCount>124</friendsCount><location><displayName>up north</displayName><objectType>place</objectType></location><link>http://www.twitter.com/charisforrest</link><postedTime>2011-12-25T16:02:06.000Z</postedTime><image>http://a0.twimg.com/profile_images/1973076243/431096_10150566258958235_692503234_9002492_750226212_n_normal.jpg</image><links><links><rel>me</rel><href/></links></links><listedCount>1</listedCount><id>id:twitter.com:446337095</id><languages><languages>en</languages></languages><utcOffset/><followersCount>198</followersCount><preferredUsername>charisforrest</preferredUsername><displayName>Charissss</displayName><statusesCount>2034</statusesCount><objectType>person</objectType></actor><twitter_entities><hashtags/><user_mentions/><urls/></twitter_entities><objectType>activity</objectType><platform>twitter</platform><posted_date>2012-03-28</posted_date><followers>198</followers><statuses>2034</statuses><region>N.A.</region></marklogic>