<?xml version="1.0" encoding="UTF-8"?>
<marklogic><id>tag:search.twitter.com,2005:185038400422817793</id><type>P</type><type>P</type><body>Elegant Modern <adverse_event>Blush</adverse_event> Brown Champagne Gold <product_name company="P&amp;G">Ivory</product_name> White Invitations Wedding: wedding card invitationblack and red ... http://t.co/vHKB4Wiw</body><verb>post</verb><link>http://twitter.com/KymkeishaDennis/statuses/185038400422817793</link><generator><link>http://twitterfeed.com</link><displayName>twitterfeed</displayName></generator><postedTime>2012-03-28T16:19:27.000Z</postedTime><provider><link>http://www.twitter.com</link><displayName>Twitter</displayName><objectType>service</objectType></provider><object><summary>Elegant Modern Blush Brown Champagne Gold Ivory White Invitations Wedding: wedding card invitationblack and red ... http://t.co/vHKB4Wiw</summary><id>object:search.twitter.com,2005:185038400422817793</id><link>http://twitter.com/KymkeishaDennis/statuses/185038400422817793</link><postedTime>2012-03-28T16:19:27.000Z</postedTime><objectType>note</objectType></object><actor><summary/><twitterTimeZone/><friendsCount>0</friendsCount><link>http://www.twitter.com/KymkeishaDennis</link><postedTime>2012-02-21T11:11:26.000Z</postedTime><image>http://a0.twimg.com/sticky/default_profile_images/default_profile_4_normal.png</image><links><links><rel>me</rel><href/></links></links><listedCount>0</listedCount><id>id:twitter.com:498739133</id><languages><languages>ru</languages></languages><utcOffset/><followersCount>61</followersCount><preferredUsername>KymkeishaDennis</preferredUsername><displayName>Kymkeisha Vanii</displayName><statusesCount>2632</statusesCount><objectType>person</objectType></actor><twitter_entities><hashtags/><user_mentions/><urls><urls><indices><indices>116</indices><indices>136</indices></indices><expanded_url>http://bit.ly/HeTKHL</expanded_url><display_url>bit.ly/HeTKHL</display_url><url>http://t.co/vHKB4Wiw</url></urls></urls></twitter_entities><objectType>activity</objectType><platform>twitter</platform><posted_date>2012-03-28</posted_date><followers>61</followers><statuses>2632</statuses><region>N.A.</region></marklogic>