<metadata>
  <title>Object Sources</title>
  <description>
    <div>
      The Objects Sources service provides information about the sources that attribute property values in an object.
      <ul>
        <li>
          GET - get the ID and title of each source attributing any value or a specific value in an object. Only returns JSON.
          <ul>
            <li>id - the ID of the object</li>
            <li>propertyName - (optional) the name of the object property to fetch sources for</li>
            <li>propertyValue - (optional) the value of the object property to fetch sources for</li>
          </ul>
        </li>
      </ul>
    </div>
  </description>
  <method name="GET">
    <param name="id" />
    <param name="propertyName" />
    <param name="propertyValue" />
  </method>
</metadata>