<certificate-template-properties xmlns="http://marklogic.com/manage">
  <template-name>sample-project-template</template-name>
  <template-description>Sample description</template-description>
  <key-type>rsa</key-type>
  <key-options />
  <req>
    <version>0</version>
    <subject>
      <countryName>US</countryName>
      <stateOrProvinceName>VA</stateOrProvinceName>
      <localityName>McLean</localityName>
      <organizationName>MarkLogic</organizationName>
      <organizationalUnitName>Sales</organizationalUnitName>
      <emailAddress>nobody@marklogic.com</emailAddress>
    </subject>
  </req>
</certificate-template-properties>