<options xmlns="http://marklogic.com/appservices/search">
  <searchable-expression>fn:collection('object')</searchable-expression>
  <constraint name="id">
    <value>
      <element ns="http://marklogic.com/solutions/obi/object" name="id" />
    </value>
  </constraint>
  <constraint name="object-region">
    <geo-elem>
      <element ns="http://marklogic.com/solutions/obi/object" name="objectRegion" />
    </geo-elem>
  </constraint>
  <values name="link-values">
    <range type="xs:string">
      <path-index xmlns:obj="http://marklogic.com/solutions/obi/object" xmlns:sem="http://marklogic.com/semantics">/obj:object/obj:links/sem:triple/sem:predicate</path-index>
    </range>
  </values>
  <values name="source-id">
    <range type="xs:string">
      <element ns="http://marklogic.com/solutions/obi/object" name="sourceId" />
    </range>
  </values>
</options>